Company,ID,Title,Difficulty,Acceptance,Frequency,LeetCodeLink
Amazon,937,Reorder Data in Log Files,Easy,54.3%,5.669086974531991,https://leetcode.com/problems/reorder-data-in-log-files
Amazon,200,Number of Islands,Medium,46.8%,5.5619953379074385,https://leetcode.com/problems/number-of-islands
Amazon,1192,Critical Connections in a Network,Hard,48.6%,5.451163696788967,https://leetcode.com/problems/critical-connections-in-a-network
Amazon,1,Two Sum,Easy,45.6%,5.340332055670496,https://leetcode.com/problems/two-sum
Amazon,146,LRU Cache,Medium,33.2%,5.266473618736184,https://leetcode.com/problems/lru-cache
Amazon,973,K Closest Points to Origin,Medium,63.8%,5.155641977617712,https://leetcode.com/problems/k-closest-points-to-origin
Amazon,819,Most Common Word,Easy,44.8%,5.044810336499242,https://leetcode.com/problems/most-common-word
Amazon,138,Copy List with Random Pointer,Medium,36.4%,5.028653490396094,https://leetcode.com/problems/copy-list-with-random-pointer
Amazon,5,Longest Palindromic Substring,Medium,29.5%,4.9178218492776224,https://leetcode.com/problems/longest-palindromic-substring
Amazon,994,Rotting Oranges,Medium,49.2%,4.806990208159151,https://leetcode.com/problems/rotting-oranges
Amazon,42,Trapping Rain Water,Hard,48.9%,4.697248826330039,https://leetcode.com/problems/trapping-rain-water
Amazon,23,Merge k Sorted Lists,Hard,40.2%,4.599324597310145,https://leetcode.com/problems/merge-k-sorted-lists
Amazon,763,Partition Labels,Medium,76.1%,4.548324962256519,https://leetcode.com/problems/partition-labels
Amazon,2,Add Two Numbers,Medium,33.9%,4.4374933211380485,https://leetcode.com/problems/add-two-numbers
Amazon,20,Valid Parentheses,Easy,39.0%,4.362623996011495,https://leetcode.com/problems/valid-parentheses
Amazon,21,Merge Two Sorted Lists,Easy,53.5%,4.322317225718424,https://leetcode.com/problems/merge-two-sorted-lists
Amazon,127,Word Ladder,Medium,29.6%,4.310600785424381,https://leetcode.com/problems/word-ladder
Amazon,295,Find Median from Data Stream,Hard,44.3%,4.2919882291467175,https://leetcode.com/problems/find-median-from-data-stream
Amazon,297,Serialize and Deserialize Binary Tree,Hard,47.5%,4.29109371663071,https://leetcode.com/problems/serialize-and-deserialize-binary-tree
Amazon,692,Top K Frequent Words,Medium,51.8%,4.255293916882421,https://leetcode.com/problems/top-k-frequent-words
Amazon,572,Subtree of Another Tree,Easy,44.1%,4.159077466360555,https://leetcode.com/problems/subtree-of-another-tree
Amazon,240,Search a 2D Matrix II,Medium,43.2%,4.048245825242085,https://leetcode.com/problems/search-a-2d-matrix-ii
Amazon,126,Word Ladder II,Hard,22.1%,4.024013333632092,https://leetcode.com/problems/word-ladder-ii
Amazon,472,Concatenated Words,Hard,43.7%,3.9215983336727347,https://leetcode.com/problems/concatenated-words
Amazon,642,Design Search Autocomplete System,Hard,44.7%,3.8667846655909375,https://leetcode.com/problems/design-search-autocomplete-system
Amazon,957,Prison Cells After N Days,Medium,40.7%,3.8492305425836575,https://leetcode.com/problems/prison-cells-after-n-days
Amazon,121,Best Time to Buy and Sell Stock,Easy,50.5%,3.8154100052812234,https://leetcode.com/problems/best-time-to-buy-and-sell-stock
Amazon,273,Integer to English Words,Hard,27.1%,3.751742974770793,https://leetcode.com/problems/integer-to-english-words
Amazon,4,Median of Two Sorted Arrays,Hard,29.6%,3.7294575736470525,https://leetcode.com/problems/median-of-two-sorted-arrays
Amazon,3,Longest Substring Without Repeating Characters,Medium,30.4%,3.673122324413377,https://leetcode.com/problems/longest-substring-without-repeating-characters
Amazon,253,Meeting Rooms II,Medium,45.7%,3.650908416088221,https://leetcode.com/problems/meeting-rooms-ii
Amazon,17,Letter Combinations of a Phone Number,Medium,46.8%,3.646488617199801,https://leetcode.com/problems/letter-combinations-of-a-phone-number
Amazon,348,Design Tic-Tac-Toe,Medium,54.3%,3.644912199818459,https://leetcode.com/problems/design-tic-tac-toe
Amazon,139,Word Break,Medium,40.1%,3.568929344215992,https://leetcode.com/problems/word-break
Amazon,155,Min Stack,Easy,44.5%,3.5435069249614877,https://leetcode.com/problems/min-stack
Amazon,48,Rotate Image,Medium,56.7%,3.5414589493287463,https://leetcode.com/problems/rotate-image
Amazon,236,Lowest Common Ancestor of a Binary Tree,Medium,45.7%,3.5247783696000754,https://leetcode.com/problems/lowest-common-ancestor-of-a-binary-tree
Amazon,238,Product of Array Except Self,Medium,60.1%,3.514882900018146,https://leetcode.com/problems/product-of-array-except-self
Amazon,212,Word Search II,Hard,34.9%,3.4837901561793956,https://leetcode.com/problems/word-search-ii
Amazon,12,Integer to Roman,Medium,55.1%,3.4609849174972926,https://leetcode.com/problems/integer-to-roman
Amazon,239,Sliding Window Maximum,Hard,43.0%,3.433795326058728,https://leetcode.com/problems/sliding-window-maximum
Amazon,269,Alien Dictionary,Hard,33.3%,3.377668409524585,https://leetcode.com/problems/alien-dictionary
Amazon,460,LFU Cache,Hard,34.2%,3.3776519095965654,https://leetcode.com/problems/lfu-cache
Amazon,15,3Sum,Medium,26.8%,3.3710842155526985,https://leetcode.com/problems/3sum
Amazon,33,Search in Rotated Sorted Array,Medium,34.5%,3.3666485807729396,https://leetcode.com/problems/search-in-rotated-sorted-array
Amazon,675,Cut Off Trees for Golf Event,Hard,34.6%,3.36225540086527,https://leetcode.com/problems/cut-off-trees-for-golf-event
Amazon,588,Design In-Memory File System,Hard,45.9%,3.360532016478895,https://leetcode.com/problems/design-in-memory-file-system
Amazon,909,Snakes and Ladders,Medium,38.4%,3.343741372618161,https://leetcode.com/problems/snakes-and-ladders
Amazon,165,Compare Version Numbers,Medium,27.4%,3.2759201587167275,https://leetcode.com/problems/compare-version-numbers
Amazon,56,Merge Intervals,Medium,39.3%,3.274551916823998,https://leetcode.com/problems/merge-intervals
Amazon,380,Insert Delete GetRandom O(1),Medium,47.5%,3.264575909538694,https://leetcode.com/problems/insert-delete-getrandom-o1
Amazon,53,Maximum Subarray,Easy,46.5%,3.2518398869431175,https://leetcode.com/problems/maximum-subarray
Amazon,49,Group Anagrams,Medium,56.9%,3.2464298158187788,https://leetcode.com/problems/group-anagrams
Amazon,545,Boundary of Binary Tree,Medium,38.9%,3.2370535533630154,https://leetcode.com/problems/boundary-of-binary-tree
Amazon,11,Container With Most Water,Medium,50.8%,3.1775832534023336,https://leetcode.com/problems/container-with-most-water
Amazon,76,Minimum Window Substring,Hard,34.6%,3.1730470473640895,https://leetcode.com/problems/minimum-window-substring
Amazon,54,Spiral Matrix,Medium,34.1%,3.1133021060526898,https://leetcode.com/problems/spiral-matrix
Amazon,1152,Analyze User Website Visit Pattern,Medium,43.5%,3.092908705843992,https://leetcode.com/problems/analyze-user-website-visit-pattern
Amazon,45,Jump Game II,Hard,30.6%,3.0792002097019933,https://leetcode.com/problems/jump-game-ii
Amazon,206,Reverse Linked List,Easy,62.5%,3.0671059105253646,https://leetcode.com/problems/reverse-linked-list
Amazon,1167,Minimum Cost to Connect Sticks,Medium,62.8%,3.0601766637553607,https://leetcode.com/problems/minimum-cost-to-connect-sticks
Amazon,277,Find the Celebrity,Medium,41.8%,2.94934502263689,https://leetcode.com/problems/find-the-celebrity
Amazon,124,Binary Tree Maximum Path Sum,Hard,34.3%,2.9289335381500554,https://leetcode.com/problems/binary-tree-maximum-path-sum
Amazon,322,Coin Change,Medium,35.5%,2.9225882870663615,https://leetcode.com/problems/coin-change
Amazon,863,All Nodes Distance K in Binary Tree,Medium,55.4%,2.8584437554191786,https://leetcode.com/problems/all-nodes-distance-k-in-binary-tree
Amazon,694,Number of Distinct Islands,Medium,56.0%,2.8410258837930096,https://leetcode.com/problems/number-of-distinct-islands
Amazon,103,Binary Tree Zigzag Level Order Traversal,Medium,48.3%,2.828681880742103,https://leetcode.com/problems/binary-tree-zigzag-level-order-traversal
Amazon,733,Flood Fill,Easy,55.3%,2.79988479636092,https://leetcode.com/problems/flood-fill
Amazon,25,Reverse Nodes in k-Group,Hard,42.1%,2.7613797410092618,https://leetcode.com/problems/reverse-nodes-in-k-group
Amazon,341,Flatten Nested List Iterator,Medium,52.9%,2.754450954511437,https://leetcode.com/problems/flatten-nested-list-iterator
Amazon,98,Validate Binary Search Tree,Medium,27.8%,2.737334189986096,https://leetcode.com/problems/validate-binary-search-tree
Amazon,490,The Maze,Medium,51.4%,2.6684292618304393,https://leetcode.com/problems/the-maze
Amazon,208,Implement Trie (Prefix Tree),Medium,49.4%,2.65382797633134,https://leetcode.com/problems/implement-trie-prefix-tree
Amazon,535,Encode and Decode TinyURL,Medium,79.9%,2.648278198910626,https://leetcode.com/problems/encode-and-decode-tinyurl
Amazon,1268,Search Suggestions System,Medium,63.2%,2.6191388654944228,https://leetcode.com/problems/search-suggestions-system
Amazon,224,Basic Calculator,Hard,36.8%,2.6186476779233394,https://leetcode.com/problems/basic-calculator
Amazon,99,Recover Binary Search Tree,Hard,39.7%,2.5927917375731657,https://leetcode.com/problems/recover-binary-search-tree
Amazon,289,Game of Life,Medium,54.5%,2.5856365392630773,https://leetcode.com/problems/game-of-life
Amazon,438,Find All Anagrams in a String,Medium,43.3%,2.5722353072335498,https://leetcode.com/problems/find-all-anagrams-in-a-string
Amazon,116,Populating Next Right Pointers in Each Node,Medium,45.2%,2.57096386118438,https://leetcode.com/problems/populating-next-right-pointers-in-each-node
Amazon,22,Generate Parentheses,Medium,62.7%,2.5685235165995333,https://leetcode.com/problems/generate-parentheses
Amazon,218,The Skyline Problem,Hard,34.6%,2.559475345285509,https://leetcode.com/problems/the-skyline-problem
Amazon,772,Basic Calculator III,Hard,41.3%,2.55813888845901,https://leetcode.com/problems/basic-calculator-iii
Amazon,314,Binary Tree Vertical Order Traversal,Medium,45.3%,2.550800170263845,https://leetcode.com/problems/binary-tree-vertical-order-traversal
Amazon,387,First Unique Character in a String,Easy,53.4%,2.54799745525127,https://leetcode.com/problems/first-unique-character-in-a-string
Amazon,105,Construct Binary Tree from Preorder and Inorder Traversal,Medium,48.8%,2.5404024506810825,https://leetcode.com/problems/construct-binary-tree-from-preorder-and-inorder-traversal
Amazon,215,Kth Largest Element in an Array,Medium,55.4%,2.5347978538534184,https://leetcode.com/problems/kth-largest-element-in-an-array
Amazon,102,Binary Tree Level Order Traversal,Medium,54.6%,2.5203331450038857,https://leetcode.com/problems/binary-tree-level-order-traversal
Amazon,207,Course Schedule,Medium,43.1%,2.503721648394562,https://leetcode.com/problems/course-schedule
Amazon,91,Decode Ways,Medium,24.7%,2.490602261668241,https://leetcode.com/problems/decode-ways
Amazon,140,Word Break II,Hard,32.6%,2.479095544790561,https://leetcode.com/problems/word-break-ii
Amazon,64,Minimum Path Sum,Medium,54.5%,2.4716559596617222,https://leetcode.com/problems/minimum-path-sum
Amazon,84,Largest Rectangle in Histogram,Hard,35.2%,2.4467234894421694,https://leetcode.com/problems/largest-rectangle-in-histogram
Amazon,866,Prime Palindrome,Medium,24.9%,2.426668322236189,https://leetcode.com/problems/prime-palindrome
Amazon,13,Roman to Integer,Easy,55.7%,2.416073231744048,https://leetcode.com/problems/roman-to-integer
Amazon,227,Basic Calculator II,Medium,36.9%,2.4100145835028153,https://leetcode.com/problems/basic-calculator-ii
Amazon,117,Populating Next Right Pointers in Each Node II,Medium,39.1%,2.3950274761670123,https://leetcode.com/problems/populating-next-right-pointers-in-each-node-ii
Amazon,505,The Maze II,Medium,47.7%,2.3775245123756745,https://leetcode.com/problems/the-maze-ii
Amazon,449,Serialize and Deserialize BST,Medium,52.0%,2.355719394696847,https://leetcode.com/problems/serialize-and-deserialize-bst
Amazon,55,Jump Game,Medium,34.6%,2.354033209232933,https://leetcode.com/problems/jump-game
Amazon,695,Max Area of Island,Medium,62.7%,2.3328594765055053,https://leetcode.com/problems/max-area-of-island
Amazon,362,Design Hit Counter,Medium,63.7%,2.3302202652283723,https://leetcode.com/problems/design-hit-counter
Amazon,235,Lowest Common Ancestor of a Binary Search Tree,Easy,49.9%,2.3282029797125845,https://leetcode.com/problems/lowest-common-ancestor-of-a-binary-search-tree
Amazon,93,Restore IP Addresses,Medium,35.6%,2.3249869771549077,https://leetcode.com/problems/restore-ip-addresses
Amazon,1000,Minimum Cost to Merge Stones,Hard,39.8%,2.285269832848969,https://leetcode.com/problems/minimum-cost-to-merge-stones
Amazon,74,Search a 2D Matrix,Medium,36.5%,2.2752799670533843,https://leetcode.com/problems/search-a-2d-matrix
Amazon,8,String to Integer (atoi),Medium,15.4%,2.240034398814754,https://leetcode.com/problems/string-to-integer-atoi
Amazon,1102,Path With Maximum Minimum Value,Medium,49.2%,2.236364097993119,https://leetcode.com/problems/path-with-maximum-minimum-value
Amazon,221,Maximal Square,Medium,37.7%,2.2359845035549557,https://leetcode.com/problems/maximal-square
Amazon,543,Diameter of Binary Tree,Easy,48.4%,2.2300472912033396,https://leetcode.com/problems/diameter-of-binary-tree
Amazon,101,Symmetric Tree,Easy,46.8%,2.218229616099434,https://leetcode.com/problems/symmetric-tree
Amazon,711,Number of Distinct Islands II,Hard,47.3%,2.1972245773362196,https://leetcode.com/problems/number-of-distinct-islands-ii
Amazon,173,Binary Search Tree Iterator,Medium,56.6%,2.1894746276945916,https://leetcode.com/problems/binary-search-tree-iterator
Amazon,445,Add Two Numbers II,Medium,54.5%,2.1695498551799988,https://leetcode.com/problems/add-two-numbers-ii
Amazon,143,Reorder List,Medium,37.1%,2.148764391721176,https://leetcode.com/problems/reorder-list
Amazon,31,Next Permutation,Medium,32.6%,2.1484244000997346,https://leetcode.com/problems/next-permutation
Amazon,134,Gas Station,Medium,38.5%,2.142566589871282,https://leetcode.com/problems/gas-station
Amazon,234,Palindrome Linked List,Easy,39.3%,2.134538085279358,https://leetcode.com/problems/palindrome-linked-list
Amazon,199,Binary Tree Right Side View,Medium,54.1%,2.1265239954461888,https://leetcode.com/problems/binary-tree-right-side-view
Amazon,72,Edit Distance,Hard,44.8%,2.121008287749178,https://leetcode.com/problems/edit-distance
Amazon,149,Max Points on a Line,Hard,16.9%,2.1126877423916333,https://leetcode.com/problems/max-points-on-a-line
Amazon,79,Word Search,Medium,35.6%,2.1111316640536213,https://leetcode.com/problems/word-search
Amazon,347,Top K Frequent Elements,Medium,61.2%,2.101870619522738,https://leetcode.com/problems/top-k-frequent-elements
Amazon,62,Unique Paths,Medium,54.1%,2.0850418565392053,https://leetcode.com/problems/unique-paths
Amazon,631,Design Excel Sum Formula,Hard,31.6%,2.0739919369122712,https://leetcode.com/problems/design-excel-sum-formula
Amazon,394,Decode String,Medium,50.0%,2.0663903647082917,https://leetcode.com/problems/decode-string
Amazon,353,Design Snake Game,Medium,34.2%,2.0643120655473823,https://leetcode.com/problems/design-snake-game
Amazon,384,Shuffle an Array,Medium,52.8%,2.051144428767012,https://leetcode.com/problems/shuffle-an-array
Amazon,323,Number of Connected Components in an Undirected Graph,Medium,56.0%,2.0420691989817303,https://leetcode.com/problems/number-of-connected-components-in-an-undirected-graph
Amazon,133,Clone Graph,Medium,34.8%,2.032877757580115,https://leetcode.com/problems/clone-graph
Amazon,706,Design HashMap,Easy,61.3%,1.9992790950371089,https://leetcode.com/problems/design-hashmap
Amazon,336,Palindrome Pairs,Hard,33.7%,1.9947738093111118,https://leetcode.com/problems/palindrome-pairs
Amazon,682,Baseball Game,Easy,63.7%,1.9698767413574847,https://leetcode.com/problems/baseball-game
Amazon,759,Employee Free Time,Hard,66.2%,1.9498164040223784,https://leetcode.com/problems/employee-free-time
Amazon,281,Zigzag Iterator,Medium,58.4%,1.9424197441155449,https://leetcode.com/problems/zigzag-iterator
Amazon,1091,Shortest Path in Binary Matrix,Medium,38.2%,1.9257261904488205,https://leetcode.com/problems/shortest-path-in-binary-matrix
Amazon,1120,Maximum Average Subtree,Medium,61.9%,1.9180337795270583,https://leetcode.com/problems/maximum-average-subtree
Amazon,185,Department Top Three Salaries,Hard,34.5%,1.9085241431117688,https://leetcode.com/problems/department-top-three-salaries
Amazon,150,Evaluate Reverse Polish Notation,Medium,36.3%,1.9012041599672846,https://leetcode.com/problems/evaluate-reverse-polish-notation
Amazon,10,Regular Expression Matching,Hard,26.8%,1.8952971922607,https://leetcode.com/problems/regular-expression-matching
Amazon,564,Find the Closest Palindrome,Hard,19.7%,1.8891939196134606,https://leetcode.com/problems/find-the-closest-palindrome
Amazon,71,Simplify Path,Medium,32.6%,1.888682852832007,https://leetcode.com/problems/simplify-path
Amazon,1099,Two Sum Less Than K,Easy,60.6%,1.8844097937561664,https://leetcode.com/problems/two-sum-less-than-k
Amazon,96,Unique Binary Search Trees,Medium,52.9%,1.883023885568637,https://leetcode.com/problems/unique-binary-search-trees
Amazon,417,Pacific Atlantic Water Flow,Medium,41.1%,1.8768501431988962,https://leetcode.com/problems/pacific-atlantic-water-flow
Amazon,1279,Traffic Light Controlled Intersection,Easy,74.3%,1.8726661078408553,https://leetcode.com/problems/traffic-light-controlled-intersection
Amazon,122,Best Time to Buy and Sell Stock II,Easy,57.0%,1.8525949058444695,https://leetcode.com/problems/best-time-to-buy-and-sell-stock-ii
Amazon,895,Maximum Frequency Stack,Hard,60.6%,1.8490817503358836,https://leetcode.com/problems/maximum-frequency-stack
Amazon,97,Interleaving String,Hard,31.5%,1.83971213304063,https://leetcode.com/problems/interleaving-string
Amazon,286,Walls and Gates,Medium,54.5%,1.8391208816311395,https://leetcode.com/problems/walls-and-gates
Amazon,640,Solve the Equation,Medium,42.0%,1.833456992769655,https://leetcode.com/problems/solve-the-equation
Amazon,39,Combination Sum,Medium,56.1%,1.817926014095787,https://leetcode.com/problems/combination-sum
Amazon,59,Spiral Matrix II,Medium,53.9%,1.8176193109460805,https://leetcode.com/problems/spiral-matrix-ii
Amazon,317,Shortest Distance from All Buildings,Hard,41.4%,1.8109171432609883,https://leetcode.com/problems/shortest-distance-from-all-buildings
Amazon,529,Minesweeper,Medium,59.1%,1.7898723201494031,https://leetcode.com/problems/minesweeper
Amazon,169,Majority Element,Easy,58.7%,1.7889052208605918,https://leetcode.com/problems/majority-element
Amazon,152,Maximum Product Subarray,Medium,31.7%,1.7713469853694581,https://leetcode.com/problems/maximum-product-subarray
Amazon,503,Next Greater Element II,Medium,56.5%,1.770513630608183,https://leetcode.com/problems/next-greater-element-ii
Amazon,210,Course Schedule II,Medium,40.7%,1.7702354394987208,https://leetcode.com/problems/course-schedule-ii
Amazon,167,Two Sum II - Input array is sorted,Easy,54.1%,1.7588952422994573,https://leetcode.com/problems/two-sum-ii-input-array-is-sorted
Amazon,78,Subsets,Medium,62.0%,1.755791978967868,https://leetcode.com/problems/subsets
Amazon,312,Burst Balloons,Hard,51.8%,1.7426298809449383,https://leetcode.com/problems/burst-balloons
Amazon,88,Merge Sorted Array,Easy,39.4%,1.741132376248305,https://leetcode.com/problems/merge-sorted-array
Amazon,315,Count of Smaller Numbers After Self,Hard,41.5%,1.7376152797037996,https://leetcode.com/problems/count-of-smaller-numbers-after-self
Amazon,211,Add and Search Word - Data structure design,Medium,38.1%,1.727663895328723,https://leetcode.com/problems/add-and-search-word-data-structure-design
Amazon,252,Meeting Rooms,Easy,54.6%,1.727286498219969,https://leetcode.com/problems/meeting-rooms
Amazon,92,Reverse Linked List II,Medium,38.8%,1.7268015729532826,https://leetcode.com/problems/reverse-linked-list-ii
Amazon,1155,Number of Dice Rolls With Target Sum,Medium,49.0%,1.7200707644102335,https://leetcode.com/problems/number-of-dice-rolls-with-target-sum
Amazon,160,Intersection of Two Linked Lists,Easy,40.6%,1.7175192044428398,https://leetcode.com/problems/intersection-of-two-linked-lists
Amazon,538,Convert BST to Greater Tree,Easy,55.4%,1.7154361234077207,https://leetcode.com/problems/convert-bst-to-greater-tree
Amazon,36,Valid Sudoku,Medium,48.7%,1.7143211698041672,https://leetcode.com/problems/valid-sudoku
Amazon,261,Graph Valid Tree,Medium,42.2%,1.7120554575780782,https://leetcode.com/problems/graph-valid-tree
Amazon,41,First Missing Positive,Hard,32.0%,1.7077985883022846,https://leetcode.com/problems/first-missing-positive
Amazon,75,Sort Colors,Medium,47.3%,1.7055667578592613,https://leetcode.com/problems/sort-colors
Amazon,332,Reconstruct Itinerary,Medium,36.7%,1.70247908836567,https://leetcode.com/problems/reconstruct-itinerary
Amazon,388,Longest Absolute File Path,Medium,41.8%,1.701920835619497,https://leetcode.com/problems/longest-absolute-file-path
Amazon,980,Unique Paths III,Hard,73.3%,1.6945957207744073,https://leetcode.com/problems/unique-paths-iii
Amazon,32,Longest Valid Parentheses,Hard,28.4%,1.6919770613401734,https://leetcode.com/problems/longest-valid-parentheses
Amazon,128,Longest Consecutive Sequence,Hard,45.1%,1.6865841637000685,https://leetcode.com/problems/longest-consecutive-sequence
Amazon,653,Two Sum IV - Input is a BST,Easy,55.5%,1.6840881035040853,https://leetcode.com/problems/two-sum-iv-input-is-a-bst
Amazon,153,Find Minimum in Rotated Sorted Array,Medium,45.1%,1.6770877689648518,https://leetcode.com/problems/find-minimum-in-rotated-sorted-array
Amazon,46,Permutations,Medium,63.5%,1.6727146787726128,https://leetcode.com/problems/permutations
Amazon,57,Insert Interval,Hard,33.5%,1.663668453758183,https://leetcode.com/problems/insert-interval
Amazon,560,Subarray Sum Equals K,Medium,43.9%,1.6592537569720698,https://leetcode.com/problems/subarray-sum-equals-k
Amazon,228,Summary Ranges,Medium,39.5%,1.6567376779326932,https://leetcode.com/problems/summary-ranges
Amazon,19,Remove Nth Node From End of List,Medium,35.2%,1.65214258899559,https://leetcode.com/problems/remove-nth-node-from-end-of-list
Amazon,815,Bus Routes,Hard,42.5%,1.6520112554791415,https://leetcode.com/problems/bus-routes
Amazon,109,Convert Sorted List to Binary Search Tree,Medium,47.7%,1.6493576818898796,https://leetcode.com/problems/convert-sorted-list-to-binary-search-tree
Amazon,177,Nth Highest Salary,Medium,31.4%,1.6455495908564486,https://leetcode.com/problems/nth-highest-salary
Amazon,489,Robot Room Cleaner,Hard,69.7%,1.6324326136038003,https://leetcode.com/problems/robot-room-cleaner
Amazon,268,Missing Number,Easy,51.7%,1.6320760079492722,https://leetcode.com/problems/missing-number
Amazon,767,Reorganize String,Medium,48.7%,1.629188040780247,https://leetcode.com/problems/reorganize-string
Amazon,123,Best Time to Buy and Sell Stock III,Hard,37.5%,1.6269507084661998,https://leetcode.com/problems/best-time-to-buy-and-sell-stock-iii
Amazon,496,Next Greater Element I,Easy,63.8%,1.6232949470955267,https://leetcode.com/problems/next-greater-element-i
Amazon,179,Largest Number,Medium,28.8%,1.6163944622274604,https://leetcode.com/problems/largest-number
Amazon,739,Daily Temperatures,Medium,63.3%,1.6160707692725675,https://leetcode.com/problems/daily-temperatures
Amazon,135,Candy,Hard,31.6%,1.6085311570447844,https://leetcode.com/problems/candy
Amazon,333,Largest BST Subtree,Medium,35.8%,1.6081890830491932,https://leetcode.com/problems/largest-bst-subtree
Amazon,716,Max Stack,Easy,42.6%,1.5967072751794937,https://leetcode.com/problems/max-stack
Amazon,983,Minimum Cost For Tickets,Medium,60.5%,1.5900124782015408,https://leetcode.com/problems/minimum-cost-for-tickets
Amazon,284,Peeking Iterator,Medium,45.7%,1.5734095705907016,https://leetcode.com/problems/peeking-iterator
Amazon,703,Kth Largest Element in a Stream,Easy,49.7%,1.5707712794799118,https://leetcode.com/problems/kth-largest-element-in-a-stream
Amazon,403,Frog Jump,Hard,39.7%,1.5648607913227532,https://leetcode.com/problems/frog-jump
Amazon,987,Vertical Order Traversal of a Binary Tree,Medium,36.6%,1.5645723589490914,https://leetcode.com/problems/vertical-order-traversal-of-a-binary-tree
Amazon,1135,Connecting Cities With Minimum Cost,Medium,57.5%,1.55814461804655,https://leetcode.com/problems/connecting-cities-with-minimum-cost
Amazon,24,Swap Nodes in Pairs,Medium,50.4%,1.5573641606589284,https://leetcode.com/problems/swap-nodes-in-pairs
Amazon,437,Path Sum III,Medium,47.2%,1.5554113655450712,https://leetcode.com/problems/path-sum-iii
Amazon,300,Longest Increasing Subsequence,Medium,42.6%,1.5490046156762238,https://leetcode.com/problems/longest-increasing-subsequence
Amazon,85,Maximal Rectangle,Hard,37.7%,1.537804933809427,https://leetcode.com/problems/maximal-rectangle
Amazon,456,132 Pattern,Medium,28.9%,1.525732992790649,https://leetcode.com/problems/132-pattern
Amazon,141,Linked List Cycle,Easy,41.1%,1.522542660710357,https://leetcode.com/problems/linked-list-cycle
Amazon,113,Path Sum II,Medium,46.7%,1.5150515928584396,https://leetcode.com/problems/path-sum-ii
Amazon,285,Inorder Successor in BST,Medium,40.4%,1.510518743584091,https://leetcode.com/problems/inorder-successor-in-bst
Amazon,373,Find K Pairs with Smallest Sums,Medium,36.7%,1.5084295594383275,https://leetcode.com/problems/find-k-pairs-with-smallest-sums
Amazon,188,Best Time to Buy and Sell Stock IV,Hard,28.0%,1.5043549047564093,https://leetcode.com/problems/best-time-to-buy-and-sell-stock-iv
Amazon,346,Moving Average from Data Stream,Easy,70.9%,1.5026900216652235,https://leetcode.com/problems/moving-average-from-data-stream
Amazon,16,3Sum Closest,Medium,46.0%,1.502292150830875,https://leetcode.com/problems/3sum-closest
Amazon,70,Climbing Stairs,Easy,47.8%,1.4992054591551138,https://leetcode.com/problems/climbing-stairs
Amazon,51,N-Queens,Hard,46.6%,1.4985525208443042,https://leetcode.com/problems/n-queens
Amazon,556,Next Greater Element III,Medium,31.7%,1.4953904059628045,https://leetcode.com/problems/next-greater-element-iii
Amazon,148,Sort List,Medium,42.3%,1.4930623365455966,https://leetcode.com/problems/sort-list
Amazon,287,Find the Duplicate Number,Medium,55.5%,1.4924096601235335,https://leetcode.com/problems/find-the-duplicate-number
Amazon,518,Coin Change 2,Medium,50.2%,1.4888697222870522,https://leetcode.com/problems/coin-change-2
Amazon,176,Second Highest Salary,Easy,31.6%,1.4884959036034955,https://leetcode.com/problems/second-highest-salary
Amazon,120,Triangle,Medium,44.2%,1.484114863291384,https://leetcode.com/problems/triangle
Amazon,18,4Sum,Medium,33.7%,1.4782493997995902,https://leetcode.com/problems/4sum
Amazon,270,Closest Binary Search Tree Value,Easy,48.5%,1.4782231041316831,https://leetcode.com/problems/closest-binary-search-tree-value
Amazon,378,Kth Smallest Element in a Sorted Matrix,Medium,54.3%,1.4775268731337763,https://leetcode.com/problems/kth-smallest-element-in-a-sorted-matrix
Amazon,540,Single Element in a Sorted Array,Medium,57.9%,1.4535722160879798,https://leetcode.com/problems/single-element-in-a-sorted-array
Amazon,205,Isomorphic Strings,Easy,39.8%,1.4257801948697113,https://leetcode.com/problems/isomorphic-strings
Amazon,63,Unique Paths II,Medium,34.6%,1.4252857596598822,https://leetcode.com/problems/unique-paths-ii
Amazon,1044,Longest Duplicate Substring,Hard,31.9%,1.4233794786674083,https://leetcode.com/problems/longest-duplicate-substring
Amazon,73,Set Matrix Zeroes,Medium,43.1%,1.412093837666145,https://leetcode.com/problems/set-matrix-zeroes
Amazon,480,Sliding Window Median,Hard,37.2%,1.4100242881620002,https://leetcode.com/problems/sliding-window-median
Amazon,68,Text Justification,Hard,27.7%,1.4086426277269546,https://leetcode.com/problems/text-justification
Amazon,232,Implement Queue using Stacks,Easy,49.6%,1.405609167303699,https://leetcode.com/problems/implement-queue-using-stacks
Amazon,628,Maximum Product of Three Numbers,Easy,47.1%,1.395625688548775,https://leetcode.com/problems/maximum-product-of-three-numbers
Amazon,442,Find All Duplicates in an Array,Medium,67.8%,1.3879078561527354,https://leetcode.com/problems/find-all-duplicates-in-an-array
Amazon,229,Majority Element II,Medium,35.6%,1.3878563920773275,https://leetcode.com/problems/majority-element-ii
Amazon,14,Longest Common Prefix,Easy,35.4%,1.3846092304355875,https://leetcode.com/problems/longest-common-prefix
Amazon,787,Cheapest Flights Within K Stops,Medium,39.3%,1.3785446949130122,https://leetcode.com/problems/cheapest-flights-within-k-stops
Amazon,340,Longest Substring with At Most K Distinct Characters,Hard,44.1%,1.376802072444063,https://leetcode.com/problems/longest-substring-with-at-most-k-distinct-characters
Amazon,325,Maximum Size Subarray Sum Equals k,Medium,46.8%,1.3718223285113562,https://leetcode.com/problems/maximum-size-subarray-sum-equals-k
Amazon,44,Wildcard Matching,Hard,24.7%,1.3612330189496715,https://leetcode.com/problems/wildcard-matching
Amazon,770,Basic Calculator IV,Hard,48.1%,1.349926716949016,https://leetcode.com/problems/basic-calculator-iv
Amazon,136,Single Number,Easy,65.5%,1.3484621511838726,https://leetcode.com/problems/single-number
Amazon,298,Binary Tree Longest Consecutive Sequence,Medium,47.1%,1.3468042514132559,https://leetcode.com/problems/binary-tree-longest-consecutive-sequence
Amazon,329,Longest Increasing Path in a Matrix,Hard,43.4%,1.3445409323873254,https://leetcode.com/problems/longest-increasing-path-in-a-matrix
Amazon,943,Find the Shortest Superstring,Hard,42.9%,1.3440770366239985,https://leetcode.com/problems/find-the-shortest-superstring
Amazon,636,Exclusive Time of Functions,Medium,52.0%,1.337457727469282,https://leetcode.com/problems/exclusive-time-of-functions
Amazon,369,Plus One Linked List,Medium,58.2%,1.3373637376483105,https://leetcode.com/problems/plus-one-linked-list
Amazon,836,Rectangle Overlap,Easy,48.6%,1.3093762375177274,https://leetcode.com/problems/rectangle-overlap
Amazon,104,Maximum Depth of Binary Tree,Easy,66.0%,1.3036892816187777,https://leetcode.com/problems/maximum-depth-of-binary-tree
Amazon,28,Implement strStr(),Easy,34.5%,1.3004317080961885,https://leetcode.com/problems/implement-strstr
Amazon,652,Find Duplicate Subtrees,Medium,50.2%,1.2947555287452976,https://leetcode.com/problems/find-duplicate-subtrees
Amazon,6,ZigZag Conversion,Medium,36.3%,1.2945919484397381,https://leetcode.com/problems/zigzag-conversion
Amazon,399,Evaluate Division,Medium,51.6%,1.2776123973076763,https://leetcode.com/problems/evaluate-division
Amazon,516,Longest Palindromic Subsequence,Medium,53.2%,1.2647788135797973,https://leetcode.com/problems/longest-palindromic-subsequence
Amazon,678,Valid Parenthesis String,Medium,31.0%,1.2621550094401792,https://leetcode.com/problems/valid-parenthesis-string
Amazon,30,Substring with Concatenation of All Words,Hard,25.4%,1.2576954927329822,https://leetcode.com/problems/substring-with-concatenation-of-all-words
Amazon,242,Valid Anagram,Easy,56.9%,1.2523912240430903,https://leetcode.com/problems/valid-anagram
Amazon,349,Intersection of Two Arrays,Easy,62.5%,1.2500304774974387,https://leetcode.com/problems/intersection-of-two-arrays
Amazon,688,Knight Probability in Chessboard,Medium,48.9%,1.2499797771635763,https://leetcode.com/problems/knight-probability-in-chessboard
Amazon,981,Time Based Key-Value Store,Medium,53.1%,1.2475237673763375,https://leetcode.com/problems/time-based-key-value-store
Amazon,344,Reverse String,Easy,68.5%,1.246073823348854,https://leetcode.com/problems/reverse-string
Amazon,1011,Capacity To Ship Packages Within D Days,Medium,58.1%,1.2456439416601042,https://leetcode.com/problems/capacity-to-ship-packages-within-d-days
Amazon,301,Remove Invalid Parentheses,Hard,43.3%,1.2420369009788985,https://leetcode.com/problems/remove-invalid-parentheses
Amazon,29,Divide Two Integers,Medium,16.4%,1.2393242049042936,https://leetcode.com/problems/divide-two-integers
Amazon,112,Path Sum,Easy,41.2%,1.229277243236903,https://leetcode.com/problems/path-sum
Amazon,1038,Binary Search Tree to Greater Sum Tree,Medium,80.8%,1.2017796795353952,https://leetcode.com/problems/binary-search-tree-to-greater-sum-tree
Amazon,1100,Find K-Length Substrings With No Repeated Characters,Medium,72.7%,1.184336829809077,https://leetcode.com/problems/find-k-length-substrings-with-no-repeated-characters
Amazon,50,Pow(x;n),Medium,30.3%,1.1768920107434977,https://leetcode.com/problems/powx-n
Amazon,997,Find the Town Judge,Easy,50.1%,1.1748732874596588,https://leetcode.com/problems/find-the-town-judge
Amazon,37,Sudoku Solver,Hard,43.6%,1.1707049260761857,https://leetcode.com/problems/sudoku-solver
Amazon,805,Split Array With Same Average,Hard,26.4%,1.1685097282854882,https://leetcode.com/problems/split-array-with-same-average
Amazon,225,Implement Stack using Queues,Easy,45.1%,1.1607390767279342,https://leetcode.com/problems/implement-stack-using-queues
Amazon,854,K-Similar Strings,Hard,38.2%,1.159451415301,https://leetcode.com/problems/k-similar-strings
Amazon,230,Kth Smallest Element in a BST,Medium,60.2%,1.1554440075543555,https://leetcode.com/problems/kth-smallest-element-in-a-bst
Amazon,721,Accounts Merge,Medium,48.8%,1.132047679382686,https://leetcode.com/problems/accounts-merge
Amazon,622,Design Circular Queue,Medium,43.7%,1.1151322814092532,https://leetcode.com/problems/design-circular-queue
Amazon,409,Longest Palindrome,Easy,50.3%,1.111534519336826,https://leetcode.com/problems/longest-palindrome
Amazon,542,01 Matrix,Medium,39.8%,1.0983100368900796,https://leetcode.com/problems/01-matrix
Amazon,726,Number of Atoms,Hard,49.0%,1.0953173927712572,https://leetcode.com/problems/number-of-atoms
Amazon,426,Convert Binary Search Tree to Sorted Doubly Linked List,Medium,59.1%,1.0936982738656806,https://leetcode.com/problems/convert-binary-search-tree-to-sorted-doubly-linked-list
Amazon,352,Data Stream as Disjoint Intervals,Hard,47.3%,1.08883225961447,https://leetcode.com/problems/data-stream-as-disjoint-intervals
Amazon,794,Valid Tic-Tac-Toe State,Medium,32.6%,1.084013489246957,https://leetcode.com/problems/valid-tic-tac-toe-state
Amazon,430,Flatten a Multilevel Doubly Linked List,Medium,55.1%,1.0759104468012752,https://leetcode.com/problems/flatten-a-multilevel-doubly-linked-list
Amazon,257,Binary Tree Paths,Easy,51.5%,1.0701785650709081,https://leetcode.com/problems/binary-tree-paths
Amazon,130,Surrounded Regions,Medium,28.1%,1.0580786465917589,https://leetcode.com/problems/surrounded-regions
Amazon,283,Move Zeroes,Easy,57.8%,1.0574179950057128,https://leetcode.com/problems/move-zeroes
Amazon,94,Binary Tree Inorder Traversal,Medium,63.3%,1.0494187495898502,https://leetcode.com/problems/binary-tree-inorder-traversal
Amazon,131,Palindrome Partitioning,Medium,47.5%,1.0478776380798687,https://leetcode.com/problems/palindrome-partitioning
Amazon,81,Search in Rotated Sorted Array II,Medium,33.0%,1.0428016537891152,https://leetcode.com/problems/search-in-rotated-sorted-array-ii
Amazon,187,Repeated DNA Sequences,Medium,38.9%,1.0291054104877544,https://leetcode.com/problems/repeated-dna-sequences
Amazon,266,Palindrome Permutation,Easy,61.9%,1.0274940178688448,https://leetcode.com/problems/palindrome-permutation
Amazon,7,Reverse Integer,Easy,25.8%,1.0261569402361814,https://leetcode.com/problems/reverse-integer
Amazon,381,Insert Delete GetRandom O(1) - Duplicates allowed,Hard,34.1%,1.0261327161577256,https://leetcode.com/problems/insert-delete-getrandom-o1-duplicates-allowed
Amazon,498,Diagonal Traverse,Medium,48.2%,1.025668325492283,https://leetcode.com/problems/diagonal-traverse
Amazon,1219,Path with Maximum Gold,Medium,65.1%,1.0200550109500872,https://leetcode.com/problems/path-with-maximum-gold
Amazon,547,Friend Circles,Medium,58.6%,1.019483411931132,https://leetcode.com/problems/friend-circles
Amazon,86,Partition List,Medium,41.5%,1.013118527145907,https://leetcode.com/problems/partition-list
Amazon,1032,Stream of Characters,Hard,48.3%,0.9999747005961613,https://leetcode.com/problems/stream-of-characters
Amazon,508,Most Frequent Subtree Sum,Medium,57.9%,0.9932954993707267,https://leetcode.com/problems/most-frequent-subtree-sum
Amazon,226,Invert Binary Tree,Easy,65.0%,0.9901067136378103,https://leetcode.com/problems/invert-binary-tree
Amazon,279,Perfect Squares,Medium,47.4%,0.9886113934537812,https://leetcode.com/problems/perfect-squares
Amazon,181,Employees Earning More Than Their Managers,Easy,56.9%,0.985579855770324,https://leetcode.com/problems/employees-earning-more-than-their-managers
Amazon,114,Flatten Binary Tree to Linked List,Medium,49.3%,0.9793142651665018,https://leetcode.com/problems/flatten-binary-tree-to-linked-list
Amazon,647,Palindromic Substrings,Medium,60.6%,0.9683364874723026,https://leetcode.com/problems/palindromic-substrings
Amazon,412,Fizz Buzz,Easy,62.3%,0.9624576401607463,https://leetcode.com/problems/fizz-buzz
Amazon,108,Convert Sorted Array to Binary Search Tree,Easy,57.9%,0.9591890988977407,https://leetcode.com/problems/convert-sorted-array-to-binary-search-tree
Amazon,1236,Web Crawler,Medium,64.3%,0.9555114450274365,https://leetcode.com/problems/web-crawler
Amazon,1214,Two Sum BSTs,Medium,67.6%,0.9540069312030179,https://leetcode.com/problems/two-sum-bsts
Amazon,993,Cousins in Binary Tree,Easy,52.0%,0.9498877429645217,https://leetcode.com/problems/cousins-in-binary-tree
Amazon,635,Design Log Storage System,Medium,58.6%,0.9448109538225702,https://leetcode.com/problems/design-log-storage-system
Amazon,186,Reverse Words in a String II,Medium,43.3%,0.9444616088408514,https://leetcode.com/problems/reverse-words-in-a-string-ii
Amazon,61,Rotate List,Medium,30.0%,0.9394615984241457,https://leetcode.com/problems/rotate-list
Amazon,1010,Pairs of Songs With Total Durations Divisible by 60,Easy,47.4%,0.9309111851217717,https://leetcode.com/problems/pairs-of-songs-with-total-durations-divisible-by-60
Amazon,34,Find First and Last Position of Element in Sorted Array,Medium,36.2%,0.9308485059516647,https://leetcode.com/problems/find-first-and-last-position-of-element-in-sorted-array
Amazon,175,Combine Two Tables,Easy,60.8%,0.922030457564559,https://leetcode.com/problems/combine-two-tables
Amazon,272,Closest Binary Search Tree Value II,Hard,50.5%,0.9186409092191087,https://leetcode.com/problems/closest-binary-search-tree-value-ii
Amazon,847,Shortest Path Visiting All Nodes,Hard,52.0%,0.9162907318741551,https://leetcode.com/problems/shortest-path-visiting-all-nodes
Amazon,243,Shortest Word Distance,Easy,61.0%,0.9156661872509607,https://leetcode.com/problems/shortest-word-distance
Amazon,204,Count Primes,Easy,31.5%,0.9131630637003949,https://leetcode.com/problems/count-primes
Amazon,142,Linked List Cycle II,Medium,37.3%,0.9090523469129539,https://leetcode.com/problems/linked-list-cycle-ii
Amazon,69,Sqrt(x),Easy,33.9%,0.9075570519054004,https://leetcode.com/problems/sqrtx
Amazon,419,Battleships in a Board,Medium,70.0%,0.9066054261396913,https://leetcode.com/problems/battleships-in-a-board
Amazon,9,Palindrome Number,Easy,48.4%,0.9052618550446729,https://leetcode.com/problems/palindrome-number
Amazon,166,Fraction to Recurring Decimal,Medium,21.6%,0.9045168564220636,https://leetcode.com/problems/fraction-to-recurring-decimal
Amazon,1046,Last Stone Weight,Easy,62.2%,0.9036810503424428,https://leetcode.com/problems/last-stone-weight
Amazon,463,Island Perimeter,Easy,65.7%,0.8977583255430246,https://leetcode.com/problems/island-perimeter
Amazon,406,Queue Reconstruction by Height,Medium,66.9%,0.8962159099714784,https://leetcode.com/problems/queue-reconstruction-by-height
Amazon,978,Longest Turbulent Subarray,Medium,46.6%,0.8950133334268702,https://leetcode.com/problems/longest-turbulent-subarray
Amazon,162,Find Peak Element,Medium,43.3%,0.8892686044386049,https://leetcode.com/problems/find-peak-element
Amazon,366,Find Leaves of Binary Tree,Medium,70.6%,0.8839553512312186,https://leetcode.com/problems/find-leaves-of-binary-tree
Amazon,690,Employee Importance,Easy,57.3%,0.8612515751610689,https://leetcode.com/problems/employee-importance
Amazon,698,Partition to K Equal Sum Subsets,Medium,45.0%,0.8606112189040876,https://leetcode.com/problems/partition-to-k-equal-sum-subsets
Amazon,528,Random Pick with Weight,Medium,43.9%,0.8537872448627086,https://leetcode.com/problems/random-pick-with-weight
Amazon,38,Count and Say,Easy,44.6%,0.8451621282279073,https://leetcode.com/problems/count-and-say
Amazon,986,Interval List Intersections,Medium,67.3%,0.8448005501549813,https://leetcode.com/problems/interval-list-intersections
Amazon,699,Falling Squares,Hard,41.8%,0.8425641237370047,https://leetcode.com/problems/falling-squares
Amazon,708,Insert into a Sorted Circular Linked List,Medium,31.6%,0.8412486926027506,https://leetcode.com/problems/insert-into-a-sorted-circular-linked-list
Amazon,316,Remove Duplicate Letters,Hard,35.8%,0.8355264862628056,https://leetcode.com/problems/remove-duplicate-letters
Amazon,110,Balanced Binary Tree,Easy,43.5%,0.8264802107756979,https://leetcode.com/problems/balanced-binary-tree
Amazon,1024,Video Stitching,Medium,49.2%,0.8252998676956634,https://leetcode.com/problems/video-stitching
Amazon,428,Serialize and Deserialize N-ary Tree,Hard,59.4%,0.8248969236980369,https://leetcode.com/problems/serialize-and-deserialize-n-ary-tree
Amazon,443,String Compression,Easy,41.3%,0.8171356348259033,https://leetcode.com/problems/string-compression
Amazon,402,Remove K Digits,Medium,28.4%,0.8014370748648341,https://leetcode.com/problems/remove-k-digits
Amazon,361,Bomb Enemy,Medium,46.0%,0.7976598792954321,https://leetcode.com/problems/bomb-enemy
Amazon,233,Number of Digit One,Hard,31.3%,0.795650018929816,https://leetcode.com/problems/number-of-digit-one
Amazon,658,Find K Closest Elements,Medium,40.9%,0.7930910425507767,https://leetcode.com/problems/find-k-closest-elements
Amazon,451,Sort Characters By Frequency,Medium,63.0%,0.7861677199821956,https://leetcode.com/problems/sort-characters-by-frequency
Amazon,351,Android Unlock Patterns,Medium,48.4%,0.7857399673877702,https://leetcode.com/problems/android-unlock-patterns
Amazon,350,Intersection of Two Arrays II,Easy,51.4%,0.7772102863639844,https://leetcode.com/problems/intersection-of-two-arrays-ii
Amazon,632,Smallest Range Covering Elements from K Lists,Hard,52.4%,0.7767122589059875,https://leetcode.com/problems/smallest-range-covering-elements-from-k-lists
Amazon,159,Longest Substring with At Most Two Distinct Characters,Medium,49.4%,0.771917623430825,https://leetcode.com/problems/longest-substring-with-at-most-two-distinct-characters
Amazon,843,Guess the Word,Hard,46.1%,0.7713993774596936,https://leetcode.com/problems/guess-the-word
Amazon,421,Maximum XOR of Two Numbers in an Array,Medium,53.5%,0.7687845947655654,https://leetcode.com/problems/maximum-xor-of-two-numbers-in-an-array
Amazon,198,House Robber,Easy,42.0%,0.7668348963511045,https://leetcode.com/problems/house-robber
Amazon,432,All O`one Data Structure,Hard,32.4%,0.7611889165572873,https://leetcode.com/problems/all-oone-data-structure
Amazon,992,Subarrays with K Different Integers,Hard,48.6%,0.7610084034915754,https://leetcode.com/problems/subarrays-with-k-different-integers
Amazon,785,Is Graph Bipartite?,Medium,47.5%,0.7560954548741816,https://leetcode.com/problems/is-graph-bipartite
Amazon,280,Wiggle Sort,Medium,63.8%,0.7489731078762181,https://leetcode.com/problems/wiggle-sort
Amazon,337,House Robber III,Medium,50.6%,0.7463018264794276,https://leetcode.com/problems/house-robber-iii
Amazon,807,Max Increase to Keep City Skyline,Medium,83.7%,0.7460467230427119,https://leetcode.com/problems/max-increase-to-keep-city-skyline
Amazon,465,Optimal Account Balancing,Hard,46.9%,0.7448354308022082,https://leetcode.com/problems/optimal-account-balancing
Amazon,410,Split Array Largest Sum,Hard,44.5%,0.7441136241519729,https://leetcode.com/problems/split-array-largest-sum
Amazon,189,Rotate Array,Easy,34.7%,0.7416200263554233,https://leetcode.com/problems/rotate-array
Amazon,125,Valid Palindrome,Easy,36.7%,0.7351769408009121,https://leetcode.com/problems/valid-palindrome
Amazon,1197,Minimum Knight Moves,Medium,36.1%,0.7348429454547184,https://leetcode.com/problems/minimum-knight-moves
Amazon,662,Maximum Width of Binary Tree,Medium,41.0%,0.7347174711149875,https://leetcode.com/problems/maximum-width-of-binary-tree
Amazon,1083,Sales Analysis II,Easy,50.5%,0.7337661087783554,https://leetcode.com/problems/sales-analysis-ii
Amazon,83,Remove Duplicates from Sorted List,Easy,45.4%,0.730981926104529,https://leetcode.com/problems/remove-duplicates-from-sorted-list
Amazon,40,Combination Sum II,Medium,48.2%,0.7232478059561983,https://leetcode.com/problems/combination-sum-ii
Amazon,1215,Stepping Numbers,Medium,41.6%,0.7221347174331976,https://leetcode.com/problems/stepping-numbers
Amazon,735,Asteroid Collision,Medium,41.0%,0.7215266298498505,https://leetcode.com/problems/asteroid-collision
Amazon,82,Remove Duplicates from Sorted List II,Medium,36.8%,0.7214631006772332,https://leetcode.com/problems/remove-duplicates-from-sorted-list-ii
Amazon,310,Minimum Height Trees,Medium,32.3%,0.7161015166290298,https://leetcode.com/problems/minimum-height-trees
Amazon,737,Sentence Similarity II,Medium,45.8%,0.7142005897577777,https://leetcode.com/problems/sentence-similarity-ii
Amazon,129,Sum Root to Leaf Numbers,Medium,49.1%,0.7121953755306398,https://leetcode.com/problems/sum-root-to-leaf-numbers
Amazon,171,Excel Sheet Column Number,Easy,55.9%,0.7011365705934242,https://leetcode.com/problems/excel-sheet-column-number
Amazon,328,Odd Even Linked List,Medium,55.7%,0.7005054248546695,https://leetcode.com/problems/odd-even-linked-list
Amazon,617,Merge Two Binary Trees,Easy,74.1%,0.6951157871118873,https://leetcode.com/problems/merge-two-binary-trees
Amazon,1429,First Unique Number,Medium,47.0%,0.6890063878939139,https://leetcode.com/problems/first-unique-number
Amazon,1086,High Five,Easy,79.7%,0.6845809442085066,https://leetcode.com/problems/high-five
Amazon,231,Power of Two,Easy,43.7%,0.682325628816767,https://leetcode.com/problems/power-of-two
Amazon,525,Contiguous Array,Medium,42.8%,0.6818617943282788,https://leetcode.com/problems/contiguous-array
Amazon,65,Valid Number,Hard,15.3%,0.6815191425648263,https://leetcode.com/problems/valid-number
Amazon,151,Reverse Words in a String,Medium,21.9%,0.6738045182437734,https://leetcode.com/problems/reverse-words-in-a-string
Amazon,164,Maximum Gap,Hard,35.5%,0.669776346792018,https://leetcode.com/problems/maximum-gap
Amazon,356,Line Reflection,Medium,31.8%,0.6661590358422984,https://leetcode.com/problems/line-reflection
Amazon,509,Fibonacci Number,Easy,67.2%,0.664818212517161,https://leetcode.com/problems/fibonacci-number
Amazon,161,One Edit Distance,Medium,32.3%,0.6540741942599814,https://leetcode.com/problems/one-edit-distance
Amazon,901,Online Stock Span,Medium,60.2%,0.6528732814220053,https://leetcode.com/problems/online-stock-span
Amazon,202,Happy Number,Easy,50.4%,0.6446045105137912,https://leetcode.com/problems/happy-number
Amazon,1229,Meeting Scheduler,Medium,52.7%,0.6314473591904302,https://leetcode.com/problems/meeting-scheduler
Amazon,517,Super Washing Machines,Hard,38.3%,0.6257058997644127,https://leetcode.com/problems/super-washing-machines
Amazon,1275,Find Winner on a Tic Tac Toe Game,Easy,52.8%,0.6257058997644127,https://leetcode.com/problems/find-winner-on-a-tic-tac-toe-game
Amazon,1022,Sum of Root To Leaf Binary Numbers,Easy,67.2%,0.6177234187427034,https://leetcode.com/problems/sum-of-root-to-leaf-binary-numbers
Amazon,90,Subsets II,Medium,47.1%,0.6039160468320026,https://leetcode.com/problems/subsets-ii
Amazon,775,Global and Local Inversions,Medium,42.1%,0.6030598245224211,https://leetcode.com/problems/global-and-local-inversions
Amazon,26,Remove Duplicates from Sorted Array,Easy,45.1%,0.599298406136,https://leetcode.com/problems/remove-duplicates-from-sorted-array
Amazon,433,Minimum Genetic Mutation,Medium,41.8%,0.5978370007556205,https://leetcode.com/problems/minimum-genetic-mutation
Amazon,137,Single Number II,Medium,52.4%,0.5915614413251872,https://leetcode.com/problems/single-number-ii
Amazon,184,Department Highest Salary,Medium,36.7%,0.5872611788154078,https://leetcode.com/problems/department-highest-salary
Amazon,1004,Max Consecutive Ones III,Medium,59.1%,0.5826782301065547,https://leetcode.com/problems/max-consecutive-ones-iii
Amazon,407,Trapping Rain Water II,Hard,42.4%,0.5801132920909243,https://leetcode.com/problems/trapping-rain-water-ii
Amazon,377,Combination Sum IV,Medium,45.3%,0.5650260806636703,https://leetcode.com/problems/combination-sum-iv
Amazon,106,Construct Binary Tree from Inorder and Postorder Traversal,Medium,47.2%,0.5648490640754893,https://leetcode.com/problems/construct-binary-tree-from-inorder-and-postorder-traversal
Amazon,1166,Design File System,Medium,56.8%,0.5632107588532816,https://leetcode.com/problems/design-file-system
Amazon,634,Find the Derangement of An Array,Medium,40.1%,0.5623075796011341,https://leetcode.com/problems/find-the-derangement-of-an-array
Amazon,725,Split Linked List in Parts,Medium,52.2%,0.5618008463726617,https://leetcode.com/problems/split-linked-list-in-parts
Amazon,729,My Calendar I,Medium,51.8%,0.5604105952365035,https://leetcode.com/problems/my-calendar-i
Amazon,132,Palindrome Partitioning II,Hard,30.2%,0.5586434981164835,https://leetcode.com/problems/palindrome-partitioning-ii
Amazon,929,Unique Email Addresses,Easy,67.4%,0.5581981986897957,https://leetcode.com/problems/unique-email-addresses
Amazon,250,Count Univalue Subtrees,Medium,52.0%,0.558033091746432,https://leetcode.com/problems/count-univalue-subtrees
Amazon,118,Pascal's Triangle,Easy,52.5%,0.5577273046973674,https://leetcode.com/problems/pascals-triangle
Amazon,217,Contains Duplicate,Easy,56.0%,0.5572210986447601,https://leetcode.com/problems/contains-duplicate
Amazon,60,Permutation Sequence,Hard,38.4%,0.556508587092674,https://leetcode.com/problems/permutation-sequence
Amazon,296,Best Meeting Point,Hard,57.5%,0.5549418894757348,https://leetcode.com/problems/best-meeting-point
Amazon,66,Plus One,Easy,43.0%,0.5511076914704698,https://leetcode.com/problems/plus-one
Amazon,355,Design Twitter,Medium,30.3%,0.5507956812780529,https://leetcode.com/problems/design-twitter
Amazon,715,Range Module,Hard,38.5%,0.537142932083364,https://leetcode.com/problems/range-module
Amazon,765,Couples Holding Hands,Hard,54.3%,0.5357102670818683,https://leetcode.com/problems/couples-holding-hands
Amazon,611,Valid Triangle Number,Medium,48.4%,0.5280674302004967,https://leetcode.com/problems/valid-triangle-number
Amazon,299,Bulls and Cows,Easy,42.4%,0.5254422055488193,https://leetcode.com/problems/bulls-and-cows
Amazon,415,Add Strings,Easy,47.5%,0.523163516336748,https://leetcode.com/problems/add-strings
Amazon,209,Minimum Size Subarray Sum,Medium,38.2%,0.521415737867371,https://leetcode.com/problems/minimum-size-subarray-sum
Amazon,557,Reverse Words in a String III,Easy,69.8%,0.517303044429081,https://leetcode.com/problems/reverse-words-in-a-string-iii
Amazon,719,Find K-th Smallest Pair Distance,Hard,31.5%,0.516327700919974,https://leetcode.com/problems/find-k-th-smallest-pair-distance
Amazon,335,Self Crossing,Hard,28.0%,0.5141813316129631,https://leetcode.com/problems/self-crossing
Amazon,393,UTF-8 Validation,Medium,37.5%,0.5140462384660329,https://leetcode.com/problems/utf-8-validation
Amazon,192,Word Frequency,Medium,25.8%,0.5129680991436376,https://leetcode.com/problems/word-frequency
Amazon,1057,Campus Bikes,Medium,57.7%,0.50861323348305,https://leetcode.com/problems/campus-bikes
Amazon,701,Insert into a Binary Search Tree,Medium,77.7%,0.5073781550220846,https://leetcode.com/problems/insert-into-a-binary-search-tree
Amazon,771,Jewels and Stones,Easy,86.4%,0.5067229036260024,https://leetcode.com/problems/jewels-and-stones
Amazon,686,Repeated String Match,Easy,32.3%,0.5010216236693699,https://leetcode.com/problems/repeated-string-match
Amazon,541,Reverse String II,Easy,48.4%,0.4958227557080944,https://leetcode.com/problems/reverse-string-ii
Amazon,637,Average of Levels in Binary Tree,Easy,63.1%,0.49521712604881535,https://leetcode.com/problems/average-of-levels-in-binary-tree
Amazon,163,Missing Ranges,Medium,24.3%,0.49182267664037527,https://leetcode.com/problems/missing-ranges
Amazon,743,Network Delay Time,Medium,45.0%,0.48760195419344177,https://leetcode.com/problems/network-delay-time
Amazon,365,Water and Jug Problem,Medium,30.6%,0.4868470419092762,https://leetcode.com/problems/water-and-jug-problem
Amazon,319,Bulb Switcher,Medium,45.4%,0.47849024312305427,https://leetcode.com/problems/bulb-switcher
Amazon,395,Longest Substring with At Least K Repeating Characters,Medium,41.4%,0.47817067841927885,https://leetcode.com/problems/longest-substring-with-at-least-k-repeating-characters
Amazon,339,Nested List Weight Sum,Easy,74.0%,0.47534247019457115,https://leetcode.com/problems/nested-list-weight-sum
Amazon,1031,Maximum Sum of Two Non-Overlapping Subarrays,Medium,57.9%,0.4730707544530479,https://leetcode.com/problems/maximum-sum-of-two-non-overlapping-subarrays
Amazon,1122,Relative Sort Array,Easy,67.7%,0.47087303251728985,https://leetcode.com/problems/relative-sort-array
Amazon,89,Gray Code,Medium,49.1%,0.4705903115740917,https://leetcode.com/problems/gray-code
Amazon,111,Minimum Depth of Binary Tree,Easy,37.4%,0.46967145850692316,https://leetcode.com/problems/minimum-depth-of-binary-tree
Amazon,371,Sum of Two Integers,Medium,50.7%,0.46902935876434837,https://leetcode.com/problems/sum-of-two-integers
Amazon,558,Logical OR of Two Binary Grids Represented as Quad-Trees,Medium,44.6%,0.46813621507094005,https://leetcode.com/problems/logical-or-of-two-binary-grids-represented-as-quad-trees
Amazon,844,Backspace String Compare,Easy,46.4%,0.46741819242485527,https://leetcode.com/problems/backspace-string-compare
Amazon,354,Russian Doll Envelopes,Hard,35.6%,0.4663991837410869,https://leetcode.com/problems/russian-doll-envelopes
Amazon,773,Sliding Puzzle,Hard,59.3%,0.4639613147897729,https://leetcode.com/problems/sliding-puzzle
Amazon,1161,Maximum Level Sum of a Binary Tree,Medium,72.2%,0.4628414913460726,https://leetcode.com/problems/maximum-level-sum-of-a-binary-tree
Amazon,413,Arithmetic Slices,Medium,57.9%,0.45994965206977856,https://leetcode.com/problems/arithmetic-slices
Amazon,515,Find Largest Value in Each Tree Row,Medium,61.1%,0.4594054982539122,https://leetcode.com/problems/find-largest-value-in-each-tree-row
Amazon,427,Construct Quad Tree,Medium,61.4%,0.45857493342211275,https://leetcode.com/problems/construct-quad-tree
Amazon,450,Delete Node in a BST,Medium,43.1%,0.44849234002437544,https://leetcode.com/problems/delete-node-in-a-bst
Amazon,100,Same Tree,Easy,53.4%,0.44698994480168297,https://leetcode.com/problems/same-tree
Amazon,468,Validate IP Address,Medium,24.1%,0.44558510189758965,https://leetcode.com/problems/validate-ip-address
Amazon,305,Number of Islands II,Hard,40.1%,0.44293784687708265,https://leetcode.com/problems/number-of-islands-ii
Amazon,1002,Find Common Characters,Easy,67.6%,0.4408703809219226,https://leetcode.com/problems/find-common-characters
Amazon,1172,Dinner Plate Stacks,Hard,38.2%,0.44059619962982216,https://leetcode.com/problems/dinner-plate-stacks
Amazon,1360,Number of Days Between Two Dates,Easy,48.8%,0.44059619962982216,https://leetcode.com/problems/number-of-days-between-two-dates
Amazon,1019,Next Greater Node In Linked List,Medium,57.4%,0.4355749095795348,https://leetcode.com/problems/next-greater-node-in-linked-list
Amazon,473,Matchsticks to Square,Medium,37.7%,0.42800127313057745,https://leetcode.com/problems/matchsticks-to-square
Amazon,727,Minimum Window Subsequence,Hard,41.8%,0.4254657748148339,https://leetcode.com/problems/minimum-window-subsequence
Amazon,183,Customers Who Never Order,Easy,53.4%,0.4236099358143671,https://leetcode.com/problems/customers-who-never-order
Amazon,1130,Minimum Cost Tree From Leaf Values,Medium,66.1%,0.4220078582401725,https://leetcode.com/problems/minimum-cost-tree-from-leaf-values
Amazon,683,K Empty Slots,Hard,35.6%,0.41948151008170015,https://leetcode.com/problems/k-empty-slots
Amazon,43,Multiply Strings,Medium,33.9%,0.41658056324552584,https://leetcode.com/problems/multiply-strings
Amazon,849,Maximize Distance to Closest Person,Easy,42.6%,0.414728332240037,https://leetcode.com/problems/maximize-distance-to-closest-person
Amazon,178,Rank Scores,Medium,45.8%,0.41347358083650193,https://leetcode.com/problems/rank-scores
Amazon,222,Count Complete Tree Nodes,Medium,46.8%,0.4108610156284672,https://leetcode.com/problems/count-complete-tree-nodes
Amazon,304,Range Sum Query 2D - Immutable,Medium,38.6%,0.40837971232824516,https://leetcode.com/problems/range-sum-query-2d-immutable
Amazon,1094,Car Pooling,Medium,56.7%,0.4068302960335043,https://leetcode.com/problems/car-pooling
Amazon,1066,Campus Bikes II,Medium,54.2%,0.40032370860774574,https://leetcode.com/problems/campus-bikes-ii
Amazon,416,Partition Equal Subset Sum,Medium,43.7%,0.3992663644674847,https://leetcode.com/problems/partition-equal-subset-sum
Amazon,1335,Minimum Difficulty of a Job Schedule,Hard,57.6%,0.3963047387095001,https://leetcode.com/problems/minimum-difficulty-of-a-job-schedule
Amazon,241,Different Ways to Add Parentheses,Medium,55.2%,0.3951916126129905,https://leetcode.com/problems/different-ways-to-add-parentheses
Amazon,145,Binary Tree Postorder Traversal,Hard,55.0%,0.39389551485438606,https://leetcode.com/problems/binary-tree-postorder-traversal
Amazon,1373,Maximum Sum BST in Binary Tree,Hard,40.2%,0.39318708633975535,https://leetcode.com/problems/maximum-sum-bst-in-binary-tree
Amazon,687,Longest Univalue Path,Easy,36.2%,0.3931020393744504,https://leetcode.com/problems/longest-univalue-path
Amazon,47,Permutations II,Medium,46.4%,0.38954315509757903,https://leetcode.com/problems/permutations-ii
Amazon,1188,Design Bounded Blocking Queue,Medium,70.5%,0.3828597229337993,https://leetcode.com/problems/design-bounded-blocking-queue
Amazon,237,Delete Node in a Linked List,Easy,63.8%,0.3822006606760044,https://leetcode.com/problems/delete-node-in-a-linked-list
Amazon,1074,Number of Submatrices That Sum to Target,Hard,60.4%,0.37929539037477966,https://leetcode.com/problems/number-of-submatrices-that-sum-to-target
Amazon,646,Maximum Length of Pair Chain,Medium,51.9%,0.378500746469809,https://leetcode.com/problems/maximum-length-of-pair-chain
Amazon,924,Minimize Malware Spread,Hard,42.0%,0.3764775712349121,https://leetcode.com/problems/minimize-malware-spread
Amazon,321,Create Maximum Number,Hard,27.0%,0.3764775712349121,https://leetcode.com/problems/create-maximum-number
Amazon,1084,Sales Analysis III,Easy,54.3%,0.37640587636823386,https://leetcode.com/problems/sales-analysis-iii
Amazon,567,Permutation in String,Medium,44.4%,0.3753991491719517,https://leetcode.com/problems/permutation-in-string
Amazon,307,Range Sum Query - Mutable,Medium,34.6%,0.3752202920857025,https://leetcode.com/problems/range-sum-query-mutable
Amazon,969,Pancake Sorting,Medium,67.5%,0.37351350830156205,https://leetcode.com/problems/pancake-sorting
Amazon,889,Construct Binary Tree from Preorder and Postorder Traversal,Medium,66.2%,0.3731218633879398,https://leetcode.com/problems/construct-binary-tree-from-preorder-and-postorder-traversal
Amazon,115,Distinct Subsequences,Hard,38.3%,0.3722680298677468,https://leetcode.com/problems/distinct-subsequences
Amazon,1081,Smallest Subsequence of Distinct Characters,Medium,50.4%,0.3663623820944218,https://leetcode.com/problems/smallest-subsequence-of-distinct-characters
Amazon,1143,Longest Common Subsequence,Medium,58.4%,0.3610805787559445,https://leetcode.com/problems/longest-common-subsequence
Amazon,214,Shortest Palindrome,Hard,29.8%,0.35493429946094834,https://leetcode.com/problems/shortest-palindrome
Amazon,345,Reverse Vowels of a String,Easy,44.2%,0.35407324785389366,https://leetcode.com/problems/reverse-vowels-of-a-string
Amazon,783,Minimum Distance Between BST Nodes,Easy,52.6%,0.35395059925228556,https://leetcode.com/problems/minimum-distance-between-bst-nodes
Amazon,264,Ugly Number II,Medium,42.0%,0.3507924879588455,https://leetcode.com/problems/ugly-number-ii
Amazon,180,Consecutive Numbers,Medium,39.7%,0.3460521052264211,https://leetcode.com/problems/consecutive-numbers
Amazon,618,Students Report By Geography,Hard,55.0%,0.34560472018448546,https://leetcode.com/problems/students-report-by-geography
Amazon,107,Binary Tree Level Order Traversal II,Easy,53.5%,0.3453169851749328,https://leetcode.com/problems/binary-tree-level-order-traversal-ii
Amazon,905,Sort Array By Parity,Easy,74.1%,0.341971477151261,https://leetcode.com/problems/sort-array-by-parity
Amazon,860,Lemonade Change,Easy,51.6%,0.34144324934323333,https://leetcode.com/problems/lemonade-change
Amazon,581,Shortest Unsorted Continuous Subarray,Easy,31.1%,0.34097135874647316,https://leetcode.com/problems/shortest-unsorted-continuous-subarray
Amazon,334,Increasing Triplet Subsequence,Medium,40.0%,0.33981980987317617,https://leetcode.com/problems/increasing-triplet-subsequence
Amazon,390,Elimination Game,Medium,44.5%,0.33790695709687324,https://leetcode.com/problems/elimination-game
Amazon,579,Find Cumulative Salary of an Employee,Hard,37.0%,0.3371880562652357,https://leetcode.com/problems/find-cumulative-salary-of-an-employee
Amazon,262,Trips and Users,Hard,32.7%,0.3362391635517509,https://leetcode.com/problems/trips-and-users
Amazon,1405,Longest Happy String,Medium,49.0%,0.3360157198362929,https://leetcode.com/problems/longest-happy-string
Amazon,420,Strong Password Checker,Hard,14.0%,0.3319626461152379,https://leetcode.com/problems/strong-password-checker
Amazon,827,Making A Large Island,Hard,45.7%,0.32879599515977564,https://leetcode.com/problems/making-a-large-island
Amazon,1315,Sum of Nodes with Even-Valued Grandparent,Medium,83.5%,0.3281156420302715,https://leetcode.com/problems/sum-of-nodes-with-even-valued-grandparent
Amazon,1062,Longest Repeating Substring,Medium,57.2%,0.32609152056665214,https://leetcode.com/problems/longest-repeating-substring
Amazon,447,Number of Boomerangs,Easy,51.8%,0.3247560447092981,https://leetcode.com/problems/number-of-boomerangs
Amazon,532,K-diff Pairs in an Array,Easy,31.6%,0.32423966818557853,https://leetcode.com/problems/k-diff-pairs-in-an-array
Amazon,1311,Get Watched Videos by Your Friends,Medium,43.1%,0.320742934712669,https://leetcode.com/problems/get-watched-videos-by-your-friends
Amazon,290,Word Pattern,Easy,37.0%,0.31921312869964363,https://leetcode.com/problems/word-pattern
Amazon,876,Middle of the Linked List,Easy,68.4%,0.31848852159290625,https://leetcode.com/problems/middle-of-the-linked-list
Amazon,710,Random Pick with Blacklist,Hard,32.5%,0.3161972427598021,https://leetcode.com/problems/random-pick-with-blacklist
Amazon,918,Maximum Sum Circular Subarray,Medium,33.7%,0.31591744682247913,https://leetcode.com/problems/maximum-sum-circular-subarray
Amazon,191,Number of 1 Bits,Easy,49.8%,0.31300105238363085,https://leetcode.com/problems/number-of-1-bits
Amazon,873,Length of Longest Fibonacci Subsequence,Medium,48.0%,0.31191034127655376,https://leetcode.com/problems/length-of-longest-fibonacci-subsequence
Amazon,586,Customer Placing the Largest Number of Orders,Easy,73.0%,0.31151852060629215,https://leetcode.com/problems/customer-placing-the-largest-number-of-orders
Amazon,383,Ransom Note,Easy,53.1%,0.3074846997479606,https://leetcode.com/problems/ransom-note
Amazon,174,Dungeon Game,Hard,32.3%,0.3059581624329951,https://leetcode.com/problems/dungeon-game
Amazon,657,Robot Return to Origin,Easy,73.5%,0.30573014232348383,https://leetcode.com/problems/robot-return-to-origin
Amazon,841,Keys and Rooms,Medium,64.3%,0.29751446360416467,https://leetcode.com/problems/keys-and-rooms
Amazon,1244,Design A Leaderboard,Medium,60.7%,0.29681946470121906,https://leetcode.com/problems/design-a-leaderboard
Amazon,938,Range Sum of BST,Easy,81.3%,0.29622071217852625,https://leetcode.com/problems/range-sum-of-bst
Amazon,95,Unique Binary Search Trees II,Medium,40.6%,0.2958298345782864,https://leetcode.com/problems/unique-binary-search-trees-ii
Amazon,203,Remove Linked List Elements,Easy,38.6%,0.2939088371982251,https://leetcode.com/problems/remove-linked-list-elements
Amazon,359,Logger Rate Limiter,Easy,70.8%,0.2929871246814741,https://leetcode.com/problems/logger-rate-limiter
Amazon,919,Complete Binary Tree Inserter,Medium,57.3%,0.2914344220703314,https://leetcode.com/problems/complete-binary-tree-inserter
Amazon,796,Rotate String,Easy,49.6%,0.28922092887241174,https://leetcode.com/problems/rotate-string
Amazon,559,Maximum Depth of N-ary Tree,Easy,68.7%,0.28802684059861955,https://leetcode.com/problems/maximum-depth-of-n-ary-tree
Amazon,158,Read N Characters Given Read4 II - Call multiple times,Hard,33.8%,0.2815251347893198,https://leetcode.com/problems/read-n-characters-given-read4-ii-call-multiple-times
Amazon,1104,Path In Zigzag Labelled Binary Tree,Medium,72.0%,0.2805718342692762,https://leetcode.com/problems/path-in-zigzag-labelled-binary-tree
Amazon,382,Linked List Random Node,Medium,52.1%,0.2802157173642045,https://leetcode.com/problems/linked-list-random-node
Amazon,732,My Calendar III,Hard,60.0%,0.27958486221916157,https://leetcode.com/problems/my-calendar-iii
Amazon,1007,Minimum Domino Rotations For Equal Row,Medium,50.0%,0.27549355590928376,https://leetcode.com/problems/minimum-domino-rotations-for-equal-row
Amazon,244,Shortest Word Distance II,Medium,52.3%,0.2752286113804943,https://leetcode.com/problems/shortest-word-distance-ii
Amazon,77,Combinations,Medium,54.7%,0.2744115848838137,https://leetcode.com/problems/combinations
Amazon,414,Third Maximum Number,Easy,30.5%,0.2737911401418798,https://leetcode.com/problems/third-maximum-number
Amazon,1108,Defanging an IP Address,Easy,87.5%,0.27075020558154145,https://leetcode.com/problems/defanging-an-ip-address
Amazon,1013,Partition Array Into Three Parts With Equal Sum,Easy,51.8%,0.26329061932762177,https://leetcode.com/problems/partition-array-into-three-parts-with-equal-sum
Amazon,119,Pascal's Triangle II,Easy,49.0%,0.26169674611472327,https://leetcode.com/problems/pascals-triangle-ii
Amazon,1139,Largest 1-Bordered Square,Medium,47.5%,0.26159729523649006,https://leetcode.com/problems/largest-1-bordered-square
Amazon,746,Min Cost Climbing Stairs,Easy,50.3%,0.2611871459932078,https://leetcode.com/problems/min-cost-climbing-stairs
Amazon,453,Minimum Moves to Equal Array Elements,Easy,50.2%,0.2605310833858301,https://leetcode.com/problems/minimum-moves-to-equal-array-elements
Amazon,466,Count The Repetitions,Hard,28.2%,0.2561688067457042,https://leetcode.com/problems/count-the-repetitions
Amazon,570,Managers with at Least 5 Direct Reports,Medium,66.0%,0.2553466918088445,https://leetcode.com/problems/managers-with-at-least-5-direct-reports
Amazon,609,Find Duplicate File in System,Medium,59.5%,0.25388017696233983,https://leetcode.com/problems/find-duplicate-file-in-system
Amazon,762,Prime Number of Set Bits in Binary Representation,Easy,63.2%,0.24779329788232723,https://leetcode.com/problems/prime-number-of-set-bits-in-binary-representation
Amazon,368,Largest Divisible Subset,Medium,38.0%,0.24478743843120496,https://leetcode.com/problems/largest-divisible-subset
Amazon,881,Boats to Save People,Medium,46.8%,0.24320527953164725,https://leetcode.com/problems/boats-to-save-people
Amazon,452,Minimum Number of Arrows to Burst Balloons,Medium,49.6%,0.23843368813228313,https://leetcode.com/problems/minimum-number-of-arrows-to-burst-balloons
Amazon,731,My Calendar II,Medium,49.1%,0.2363887780642304,https://leetcode.com/problems/my-calendar-ii
Amazon,1047,Remove All Adjacent Duplicates In String,Easy,68.6%,0.2360081947291865,https://leetcode.com/problems/remove-all-adjacent-duplicates-in-string
Amazon,779,K-th Symbol in Grammar,Medium,37.2%,0.23530220106260638,https://leetcode.com/problems/k-th-symbol-in-grammar
Amazon,1270,All People Report to the Given Manager,Medium,87.1%,0.23499359123170555,https://leetcode.com/problems/all-people-report-to-the-given-manager
Amazon,507,Perfect Number,Easy,35.5%,0.2349381278070467,https://leetcode.com/problems/perfect-number
Amazon,35,Search Insert Position,Easy,42.6%,0.23269259712738788,https://leetcode.com/problems/search-insert-position
Amazon,397,Integer Replacement,Medium,32.9%,0.2322522675124501,https://leetcode.com/problems/integer-replacement
Amazon,811,Subdomain Visit Count,Easy,69.9%,0.22553001977328802,https://leetcode.com/problems/subdomain-visit-count
Amazon,311,Sparse Matrix Multiplication,Medium,61.9%,0.22538822116803361,https://leetcode.com/problems/sparse-matrix-multiplication
Amazon,939,Minimum Area Rectangle,Medium,51.8%,0.2169226914391073,https://leetcode.com/problems/minimum-area-rectangle
Amazon,435,Non-overlapping Intervals,Medium,42.9%,0.21564992524002305,https://leetcode.com/problems/non-overlapping-intervals
Amazon,669,Trim a Binary Search Tree,Easy,63.0%,0.21245865121419338,https://leetcode.com/problems/trim-a-binary-search-tree
Amazon,626,Exchange Seats,Medium,62.3%,0.21032769554231237,https://leetcode.com/problems/exchange-seats
Amazon,741,Cherry Pickup,Hard,33.9%,0.20909179785855941,https://leetcode.com/problems/cherry-pickup
Amazon,862,Shortest Subarray with Sum at Least K,Hard,24.6%,0.20824207700141184,https://leetcode.com/problems/shortest-subarray-with-sum-at-least-k
Amazon,1249,Minimum Remove to Make Valid Parentheses,Medium,62.5%,0.20778369616335468,https://leetcode.com/problems/minimum-remove-to-make-valid-parentheses
Amazon,1202,Smallest String With Swaps,Medium,46.5%,0.2071597101203954,https://leetcode.com/problems/smallest-string-with-swaps
Amazon,604,Design Compressed String Iterator,Easy,37.5%,0.20585205420414873,https://leetcode.com/problems/design-compressed-string-iterator
Amazon,1008,Construct Binary Search Tree from Preorder Traversal,Medium,78.4%,0.2053974398608136,https://leetcode.com/problems/construct-binary-search-tree-from-preorder-traversal
Amazon,1254,Number of Closed Islands,Medium,60.5%,0.20312468442371787,https://leetcode.com/problems/number-of-closed-islands
Amazon,1375,Bulb Switcher III,Medium,62.6%,0.19622624370172712,https://leetcode.com/problems/bulb-switcher-iii
Amazon,1060,Missing Element in Sorted Array,Medium,54.5%,0.1950605825713844,https://leetcode.com/problems/missing-element-in-sorted-array
Amazon,601,Human Traffic of Stadium,Hard,41.7%,0.19431370583921848,https://leetcode.com/problems/human-traffic-of-stadium
Amazon,1198,Find Smallest Common Element in All Rows,Medium,74.9%,0.19105523676270922,https://leetcode.com/problems/find-smallest-common-element-in-all-rows
Amazon,756,Pyramid Transition Matrix,Medium,54.6%,0.19105523676270922,https://leetcode.com/problems/pyramid-transition-matrix
Amazon,358,Rearrange String k Distance Apart,Hard,34.9%,0.19004360288786493,https://leetcode.com/problems/rearrange-string-k-distance-apart
Amazon,995,Minimum Number of K Consecutive Bit Flips,Hard,46.8%,0.19004360288786493,https://leetcode.com/problems/minimum-number-of-k-consecutive-bit-flips
Amazon,864,Shortest Path to Get All Keys,Hard,40.1%,0.18924199963852842,https://leetcode.com/problems/shortest-path-to-get-all-keys
Amazon,549,Binary Tree Longest Consecutive Sequence II,Medium,47.0%,0.1884471502206373,https://leetcode.com/problems/binary-tree-longest-consecutive-sequence-ii
Amazon,900,RLE Iterator,Medium,53.5%,0.1884471502206373,https://leetcode.com/problems/rle-iterator
Amazon,681,Next Closest Time,Medium,45.0%,0.18812615225992188,https://leetcode.com/problems/next-closest-time
Amazon,684,Redundant Connection,Medium,57.4%,0.18726735344577217,https://leetcode.com/problems/redundant-connection
Amazon,219,Contains Duplicate II,Easy,37.7%,0.18696862869341266,https://leetcode.com/problems/contains-duplicate-ii
Amazon,792,Number of Matching Subsequences,Medium,47.4%,0.18571714579509285,https://leetcode.com/problems/number-of-matching-subsequences
Amazon,852,Peak Index in a Mountain Array,Easy,71.6%,0.18496356625679328,https://leetcode.com/problems/peak-index-in-a-mountain-array
Amazon,536,Construct Binary Tree from String,Medium,48.3%,0.18195193934380316,https://leetcode.com/problems/construct-binary-tree-from-string
Amazon,1153,String Transforms Into Another String,Hard,35.8%,0.1816986978513639,https://leetcode.com/problems/string-transforms-into-another-string
Amazon,1245,Tree Diameter,Medium,60.1%,0.17869178874337593,https://leetcode.com/problems/tree-diameter
Amazon,871,Minimum Number of Refueling Stops,Hard,31.4%,0.1769307081590782,https://leetcode.com/problems/minimum-number-of-refueling-stops
Amazon,486,Predict the Winner,Medium,47.9%,0.17647417648741714,https://leetcode.com/problems/predict-the-winner
Amazon,1027,Longest Arithmetic Sequence,Medium,53.4%,0.17589066646366422,https://leetcode.com/problems/longest-arithmetic-sequence
Amazon,977,Squares of a Sorted Array,Easy,72.1%,0.17482111400082578,https://leetcode.com/problems/squares-of-a-sorted-array
Amazon,523,Continuous Subarray Sum,Medium,24.6%,0.1741156174236314,https://leetcode.com/problems/continuous-subarray-sum
Amazon,670,Maximum Swap,Medium,43.6%,0.1735948056557174,https://leetcode.com/problems/maximum-swap
Amazon,1248,Count Number of Nice Subarrays,Medium,56.4%,0.17228309044709728,https://leetcode.com/problems/count-number-of-nice-subarrays
Amazon,561,Array Partition I,Easy,72.0%,0.1718099871189421,https://leetcode.com/problems/array-partition-i
Amazon,856,Score of Parentheses,Medium,60.5%,0.17135825199668508,https://leetcode.com/problems/score-of-parentheses
Amazon,707,Design Linked List,Medium,24.5%,0.1704321711045546,https://leetcode.com/problems/design-linked-list
Amazon,1162,As Far from Land as Possible,Medium,43.5%,0.16935823314801637,https://leetcode.com/problems/as-far-from-land-as-possible
Amazon,1430,Check If a String Is a Valid Sequence from Root to Leaves Path in a Binary Tree,Medium,44.8%,0.16917873135476025,https://leetcode.com/problems/check-if-a-string-is-a-valid-sequence-from-root-to-leaves-path-in-a-binary-tree
Amazon,1026,Maximum Difference Between Node and Ancestor,Medium,66.0%,0.16783472482771206,https://leetcode.com/problems/maximum-difference-between-node-and-ancestor
Amazon,963,Minimum Area Rectangle II,Medium,50.9%,0.16635770580494058,https://leetcode.com/problems/minimum-area-rectangle-ii
Amazon,493,Reverse Pairs,Hard,25.2%,0.16229864091884685,https://leetcode.com/problems/reverse-pairs
Amazon,1048,Longest String Chain,Medium,54.7%,0.1620789500230524,https://leetcode.com/problems/longest-string-chain
Amazon,338,Counting Bits,Medium,69.5%,0.16135546223447686,https://leetcode.com/problems/counting-bits
Amazon,720,Longest Word in Dictionary,Easy,48.2%,0.16082720489992372,https://leetcode.com/problems/longest-word-in-dictionary
Amazon,404,Sum of Left Leaves,Easy,50.9%,0.15911645633949173,https://leetcode.com/problems/sum-of-left-leaves
Amazon,724,Find Pivot Index,Easy,44.0%,0.15773063591797515,https://leetcode.com/problems/find-pivot-index
Amazon,539,Minimum Time Difference,Medium,51.5%,0.1560250946216086,https://leetcode.com/problems/minimum-time-difference
Amazon,979,Distribute Coins in Binary Tree,Medium,68.9%,0.15348688956060175,https://leetcode.com/problems/distribute-coins-in-binary-tree
Amazon,1242,Web Crawler Multithreaded,Medium,45.9%,0.14953173397096375,https://leetcode.com/problems/web-crawler-multithreaded
Amazon,1395,Count Number of Teams,Medium,82.0%,0.14944218199941725,https://leetcode.com/problems/count-number-of-teams
Amazon,951,Flip Equivalent Binary Trees,Medium,65.8%,0.14837588033337445,https://leetcode.com/problems/flip-equivalent-binary-trees
Amazon,942,DI String Match,Easy,72.6%,0.14637953510237162,https://leetcode.com/problems/di-string-match
Amazon,213,House Robber II,Medium,36.5%,0.14496687187568924,https://leetcode.com/problems/house-robber-ii
Amazon,714,Best Time to Buy and Sell Stock with Transaction Fee,Medium,54.7%,0.14277339081142018,https://leetcode.com/problems/best-time-to-buy-and-sell-stock-with-transaction-fee
Amazon,376,Wiggle Subsequence,Medium,39.6%,0.13923405573670475,https://leetcode.com/problems/wiggle-subsequence
Amazon,673,Number of Longest Increasing Subsequence,Medium,35.7%,0.13850969523609932,https://leetcode.com/problems/number-of-longest-increasing-subsequence
Amazon,1005,Maximize Sum Of Array After K Negations,Easy,51.3%,0.13804422079620546,https://leetcode.com/problems/maximize-sum-of-array-after-k-negations
Amazon,855,Exam Room,Medium,43.1%,0.13804422079620546,https://leetcode.com/problems/exam-room
Amazon,702,Search in a Sorted Array of Unknown Size,Medium,66.9%,0.13783247452391326,https://leetcode.com/problems/search-in-a-sorted-array-of-unknown-size
Amazon,429,N-ary Tree Level Order Traversal,Medium,65.0%,0.13727657783562877,https://leetcode.com/problems/n-ary-tree-level-order-traversal
Amazon,392,Is Subsequence,Easy,49.2%,0.13635210822080704,https://leetcode.com/problems/is-subsequence
Amazon,1479,Sales by Day of the Week,Hard,83.4%,0.1348842676899421,https://leetcode.com/problems/sales-by-day-of-the-week
Amazon,1160,Find Words That Can Be Formed by Characters,Easy,67.4%,0.13367440299301808,https://leetcode.com/problems/find-words-that-can-be-formed-by-characters
Amazon,309,Best Time to Buy and Sell Stock with Cooldown,Medium,47.4%,0.1308880619194785,https://leetcode.com/problems/best-time-to-buy-and-sell-stock-with-cooldown
Amazon,958,Check Completeness of a Binary Tree,Medium,52.1%,0.12884496089089562,https://leetcode.com/problems/check-completeness-of-a-binary-tree
Amazon,974,Subarray Sums Divisible by K,Medium,48.9%,0.12838116664820678,https://leetcode.com/problems/subarray-sums-divisible-by-k
Amazon,1117,Building H2O,Medium,52.6%,0.12796988096337653,https://leetcode.com/problems/building-h2o
Amazon,1059,All Paths from Source Lead to Destination,Medium,44.7%,0.12675170563914387,https://leetcode.com/problems/all-paths-from-source-lead-to-destination
Amazon,475,Heaters,Easy,33.1%,0.12639521210572593,https://leetcode.com/problems/heaters
Amazon,1233,Remove Sub-Folders from the Filesystem,Medium,59.5%,0.12412606741381713,https://leetcode.com/problems/remove-sub-folders-from-the-filesystem
Amazon,621,Task Scheduler,Medium,50.1%,0.12387972474581618,https://leetcode.com/problems/task-scheduler
Amazon,890,Find and Replace Pattern,Medium,73.4%,0.12361395596717664,https://leetcode.com/problems/find-and-replace-pattern
Amazon,912,Sort an Array,Medium,63.9%,0.12293768624504794,https://leetcode.com/problems/sort-an-array
Amazon,654,Maximum Binary Tree,Medium,79.9%,0.1223420071097352,https://leetcode.com/problems/maximum-binary-tree
Amazon,1114,Print in Order,Easy,65.7%,0.12136085700426744,https://leetcode.com/problems/print-in-order
Amazon,784,Letter Case Permutation,Medium,64.6%,0.12039533767007705,https://leetcode.com/problems/letter-case-permutation
Amazon,839,Similar String Groups,Hard,38.6%,0.11934675763256619,https://leetcode.com/problems/similar-string-groups
Amazon,904,Fruit Into Baskets,Medium,42.5%,0.11884814773398159,https://leetcode.com/problems/fruit-into-baskets
Amazon,1299,Replace Elements with Greatest Element on Right Side,Easy,75.4%,0.11806716692694107,https://leetcode.com/problems/replace-elements-with-greatest-element-on-right-side
Amazon,1179,Reformat Department Table,Easy,80.6%,0.11735060321721236,https://leetcode.com/problems/reformat-department-table
Amazon,144,Binary Tree Preorder Traversal,Medium,55.7%,0.11676314775563798,https://leetcode.com/problems/binary-tree-preorder-traversal
Amazon,679,24 Game,Hard,46.4%,0.11641035184441127,https://leetcode.com/problems/24-game
Amazon,67,Add Binary,Easy,45.2%,0.11349055756044761,https://leetcode.com/problems/add-binary
Amazon,671,Second Minimum Node In a Binary Tree,Easy,42.7%,0.11343592966337171,https://leetcode.com/problems/second-minimum-node-in-a-binary-tree
Amazon,1068,Product Sales Analysis I,Easy,83.1%,0.11247798342669027,https://leetcode.com/problems/product-sales-analysis-i
Amazon,842,Split Array into Fibonacci Sequence,Medium,36.3%,0.1118483001365689,https://leetcode.com/problems/split-array-into-fibonacci-sequence
Amazon,196,Delete Duplicate Emails,Easy,41.1%,0.111723209445655,https://leetcode.com/problems/delete-duplicate-emails
Amazon,742,Closest Leaf in a Binary Tree,Medium,43.6%,0.11060987154397002,https://leetcode.com/problems/closest-leaf-in-a-binary-tree
Amazon,966,Vowel Spellchecker,Medium,47.2%,0.10676797542570607,https://leetcode.com/problems/vowel-spellchecker
Amazon,249,Group Shifted Strings,Medium,55.1%,0.10612998860684858,https://leetcode.com/problems/group-shifted-strings
Amazon,172,Factorial Trailing Zeroes,Easy,37.8%,0.10582552380384787,https://leetcode.com/problems/factorial-trailing-zeroes
Amazon,1266,Minimum Time Visiting All Points,Easy,79.6%,0.10382761269697846,https://leetcode.com/problems/minimum-time-visiting-all-points
Amazon,396,Rotate Function,Medium,36.3%,0.10345133738802471,https://leetcode.com/problems/rotate-function
Amazon,267,Palindrome Permutation II,Medium,36.4%,0.10345133738802471,https://leetcode.com/problems/palindrome-permutation-ii
Amazon,485,Max Consecutive Ones,Easy,54.6%,0.10247866928293739,https://leetcode.com/problems/max-consecutive-ones
Amazon,27,Remove Element,Easy,48.2%,0.1022417784451716,https://leetcode.com/problems/remove-element
Amazon,1110,Delete Nodes And Return Forest,Medium,67.0%,0.09952518917751453,https://leetcode.com/problems/delete-nodes-and-return-forest
Amazon,661,Image Smoother,Easy,51.5%,0.09933718986563198,https://leetcode.com/problems/image-smoother
Amazon,1023,Camelcase Matching,Medium,57.0%,0.09860197680453955,https://leetcode.com/problems/camelcase-matching
Amazon,461,Hamming Distance,Easy,72.8%,0.09762873497741681,https://leetcode.com/problems/hamming-distance
Amazon,752,Open the Lock,Medium,51.8%,0.09491410658218381,https://leetcode.com/problems/open-the-lock
Amazon,605,Can Place Flowers,Easy,31.6%,0.09485779345867706,https://leetcode.com/problems/can-place-flowers
Amazon,826,Most Profit Assigning Work,Medium,38.5%,0.09287412500644375,https://leetcode.com/problems/most-profit-assigning-work
Amazon,367,Valid Perfect Square,Easy,41.7%,0.09021620582372886,https://leetcode.com/problems/valid-perfect-square
Amazon,791,Custom Sort String,Medium,65.7%,0.0900495525024912,https://leetcode.com/problems/custom-sort-string
Amazon,216,Combination Sum III,Medium,56.6%,0.08753534870714555,https://leetcode.com/problems/combination-sum-iii
Amazon,1247,Minimum Swaps to Make Strings Equal,Medium,60.1%,0.08626034428440695,https://leetcode.com/problems/minimum-swaps-to-make-strings-equal
Amazon,916,Word Subsets,Medium,47.8%,0.08479653666007693,https://leetcode.com/problems/word-subsets
Amazon,582,Kill Process,Medium,60.8%,0.08355588569097351,https://leetcode.com/problems/kill-process
Amazon,921,Minimum Add to Make Parentheses Valid,Medium,73.7%,0.08307836859709818,https://leetcode.com/problems/minimum-add-to-make-parentheses-valid
Amazon,459,Repeated Substring Pattern,Easy,42.2%,0.08299213342780958,https://leetcode.com/problems/repeated-substring-pattern
Amazon,278,First Bad Version,Easy,35.7%,0.08295984140240989,https://leetcode.com/problems/first-bad-version
Amazon,884,Uncommon Words from Two Sentences,Easy,63.3%,0.07990051073053109,https://leetcode.com/problems/uncommon-words-from-two-sentences
Amazon,875,Koko Eating Bananas,Medium,52.1%,0.07919704166119315,https://leetcode.com/problems/koko-eating-bananas
Amazon,705,Design HashSet,Easy,64.3%,0.07497265011507567,https://leetcode.com/problems/design-hashset
Amazon,674,Longest Continuous Increasing Subsequence,Easy,45.9%,0.07393666594345284,https://leetcode.com/problems/longest-continuous-increasing-subsequence
Amazon,1082,Sales Analysis I,Easy,71.8%,0.07145896398214495,https://leetcode.com/problems/sales-analysis-i
Amazon,260,Single Number III,Medium,64.3%,0.0705621783378718,https://leetcode.com/problems/single-number-iii
Amazon,1146,Snapshot Array,Medium,37.0%,0.07017687679183775,https://leetcode.com/problems/snapshot-array
Amazon,953,Verifying an Alien Dictionary,Easy,54.1%,0.06882134150506931,https://leetcode.com/problems/verifying-an-alien-dictionary
Amazon,814,Binary Tree Pruning,Medium,74.5%,0.06872933215218067,https://leetcode.com/problems/binary-tree-pruning
Amazon,1337,The K Weakest Rows in a Matrix,Easy,68.8%,0.06857217312147021,https://leetcode.com/problems/the-k-weakest-rows-in-a-matrix
Amazon,1495,Friendly Movies Streamed Last Month,Easy,52.6%,0.06851994643675606,https://leetcode.com/problems/friendly-movies-streamed-last-month
Amazon,872,Leaf-Similar Trees,Easy,64.5%,0.06831507518298836,https://leetcode.com/problems/leaf-similar-trees
Amazon,584,Find Customer Referee,Easy,72.3%,0.06592172080482424,https://leetcode.com/problems/find-customer-referee
Amazon,1332,Remove Palindromic Subsequences,Easy,60.1%,0.06581321856957176,https://leetcode.com/problems/remove-palindromic-subsequences
Amazon,1029,Two City Scheduling,Easy,56.1%,0.06371581438610768,https://leetcode.com/problems/two-city-scheduling
Amazon,1251,Average Selling Price,Easy,81.6%,0.06222847139840936,https://leetcode.com/problems/average-selling-price
Amazon,801,Minimum Swaps To Make Sequences Increasing,Medium,38.9%,0.06146327443046864,https://leetcode.com/problems/minimum-swaps-to-make-sequences-increasing
Amazon,1069,Product Sales Analysis II,Easy,82.9%,0.06080900459560568,https://leetcode.com/problems/product-sales-analysis-ii
Amazon,931,Minimum Falling Path Sum,Medium,62.5%,0.05914995982464103,https://leetcode.com/problems/minimum-falling-path-sum
Amazon,52,N-Queens II,Hard,57.9%,0.058155920157074034,https://leetcode.com/problems/n-queens-ii
Amazon,80,Remove Duplicates from Sorted Array II,Medium,44.0%,0.05798725765034936,https://leetcode.com/problems/remove-duplicates-from-sorted-array-ii
Amazon,922,Sort Array By Parity II,Easy,69.3%,0.057671328304390014,https://leetcode.com/problems/sort-array-by-parity-ii
Amazon,1221,Split a String in Balanced Strings,Easy,83.3%,0.05362640133807673,https://leetcode.com/problems/split-a-string-in-balanced-strings
Amazon,1303,Find the Team Size,Easy,87.8%,0.05155780966485001,https://leetcode.com/problems/find-the-team-size
Amazon,1339,Maximum Product of Splitted Binary Tree,Medium,37.2%,0.05064373281875492,https://leetcode.com/problems/maximum-product-of-splitted-binary-tree
Amazon,1128,Number of Equivalent Domino Pairs,Easy,47.3%,0.04951506452738057,https://leetcode.com/problems/number-of-equivalent-domino-pairs
Amazon,1267,Count Servers that Communicate,Medium,57.9%,0.04902942724031861,https://leetcode.com/problems/count-servers-that-communicate
Amazon,1051,Height Checker,Easy,71.1%,0.04510347333459475,https://leetcode.com/problems/height-checker
Amazon,1382,Balance a Binary Search Tree,Medium,74.8%,0.04480032475536626,https://leetcode.com/problems/balance-a-binary-search-tree
Amazon,1456,Maximum Number of Vowels in a Substring of Given Length,Medium,52.4%,0.04220035449037644,https://leetcode.com/problems/maximum-number-of-vowels-in-a-substring-of-given-length
Amazon,704,Binary Search,Easy,52.1%,0.04172704422666836,https://leetcode.com/problems/binary-search
Amazon,965,Univalued Binary Tree,Easy,67.7%,0.04151887834779356,https://leetcode.com/problems/univalued-binary-tree
Amazon,590,N-ary Tree Postorder Traversal,Easy,72.1%,0.040454954692313666,https://leetcode.com/problems/n-ary-tree-postorder-traversal
Amazon,1049,Last Stone Weight II,Medium,44.2%,0.03902934390573525,https://leetcode.com/problems/last-stone-weight-ii
Amazon,797,All Paths From Source to Target,Medium,77.9%,0.03881156536434583,https://leetcode.com/problems/all-paths-from-source-to-target
Amazon,1511,Customer Order Frequency,Easy,76.8%,0.0383924310382344,https://leetcode.com/problems/customer-order-frequency
Amazon,606,Construct String from Binary Tree,Easy,54.1%,0.03711000965123125,https://leetcode.com/problems/construct-string-from-binary-tree
Amazon,190,Reverse Bits,Easy,39.8%,0.03645276030534425,https://leetcode.com/problems/reverse-bits
Amazon,1304,Find N Unique Integers Sum up to Zero,Easy,76.3%,0.035408891906255915,https://leetcode.com/problems/find-n-unique-integers-sum-up-to-zero
Amazon,1325,Delete Leaves With a Given Value,Medium,73.0%,0.03478611608541555,https://leetcode.com/problems/delete-leaves-with-a-given-value
Amazon,1344,Angle Between Hands of a Clock,Medium,61.4%,0.030822048819935596,https://leetcode.com/problems/angle-between-hands-of-a-clock
Amazon,501,Find Mode in Binary Search Tree,Easy,42.4%,0.029808466297826082,https://leetcode.com/problems/find-mode-in-binary-search-tree
Amazon,303,Range Sum Query - Immutable,Easy,44.7%,0.029549096691749193,https://leetcode.com/problems/range-sum-query-immutable
Amazon,665,Non-decreasing Array,Easy,19.5%,0.029053044062689753,https://leetcode.com/problems/non-decreasing-array
Amazon,1520,Maximum Number of Non-Overlapping Substrings,Hard,32.8%,0.021485667755491482,https://leetcode.com/problems/maximum-number-of-non-overlapping-substrings
Amazon,154,Find Minimum in Rotated Sorted Array II,Hard,41.6%,0.01898490812303644,https://leetcode.com/problems/find-minimum-in-rotated-sorted-array-ii
Amazon,389,Find the Difference,Easy,55.3%,0.016978336534417868,https://leetcode.com/problems/find-the-difference
Amazon,1365,How Many Numbers Are Smaller Than the Current Number,Easy,85.6%,0.015926721367078105,https://leetcode.com/problems/how-many-numbers-are-smaller-than-the-current-number
Amazon,1351,Count Negative Numbers in a Sorted Matrix,Easy,76.5%,0.013016779950191773,https://leetcode.com/problems/count-negative-numbers-in-a-sorted-matrix
Amazon,1431,Kids With the Greatest Number of Candies,Easy,88.9%,0.005927699633275225,https://leetcode.com/problems/kids-with-the-greatest-number-of-candies
Amazon,663,Equal Tree Partition,Medium,39.5%,0,https://leetcode.com/problems/equal-tree-partition
Amazon,537,Complex Number Multiplication,Medium,67.4%,0,https://leetcode.com/problems/complex-number-multiplication
Amazon,553,Optimal Division,Medium,56.8%,0,https://leetcode.com/problems/optimal-division
Amazon,645,Set Mismatch,Easy,42.1%,0,https://leetcode.com/problems/set-mismatch
Amazon,738,Monotone Increasing Digits,Medium,44.3%,0,https://leetcode.com/problems/monotone-increasing-digits
Amazon,776,Split BST,Medium,55.8%,0,https://leetcode.com/problems/split-bst
Amazon,851,Loud and Rich,Medium,51.6%,0,https://leetcode.com/problems/loud-and-rich
Amazon,899,Orderly Queue,Hard,52.2%,0,https://leetcode.com/problems/orderly-queue
Amazon,902,Numbers At Most N Given Digit Set,Hard,31.5%,0,https://leetcode.com/problems/numbers-at-most-n-given-digit-set
Amazon,1067,Digit Count in Range,Hard,40.0%,0,https://leetcode.com/problems/digit-count-in-range
Amazon,1065,Index Pairs of a String,Easy,60.7%,0,https://leetcode.com/problems/index-pairs-of-a-string
Amazon,1085,Sum of Digits in the Minimum Number,Easy,74.6%,0,https://leetcode.com/problems/sum-of-digits-in-the-minimum-number
Amazon,1118,Number of Days in a Month,Easy,57.4%,0,https://leetcode.com/problems/number-of-days-in-a-month
Amazon,1119,Remove Vowels from a String,Easy,89.9%,0,https://leetcode.com/problems/remove-vowels-from-a-string
Amazon,1134,Armstrong Number,Easy,78.2%,0,https://leetcode.com/problems/armstrong-number
Amazon,1028,Recover a Tree From Preorder Traversal,Hard,69.9%,0,https://leetcode.com/problems/recover-a-tree-from-preorder-traversal
Amazon,1133,Largest Unique Number,Easy,66.8%,0,https://leetcode.com/problems/largest-unique-number
Amazon,1035,Uncrossed Lines,Medium,56.1%,0,https://leetcode.com/problems/uncrossed-lines
Amazon,1045,Customers Who Bought All Products,Medium,67.7%,0,https://leetcode.com/problems/customers-who-bought-all-products
Amazon,1050,Actors and Directors Who Cooperated At Least Three Times,Easy,71.7%,0,https://leetcode.com/problems/actors-and-directors-who-cooperated-at-least-three-times
Amazon,1054,Distant Barcodes,Medium,43.2%,0,https://leetcode.com/problems/distant-barcodes
Amazon,1070,Product Sales Analysis III,Medium,48.9%,0,https://leetcode.com/problems/product-sales-analysis-iii
Amazon,1080,Insufficient Nodes in Root to Leaf Paths,Medium,49.3%,0,https://leetcode.com/problems/insufficient-nodes-in-root-to-leaf-paths
Amazon,1259,Handshakes That Don't Cross,Hard,53.5%,0,https://leetcode.com/problems/handshakes-that-dont-cross
Amazon,1288,Remove Covered Intervals,Medium,57.9%,0,https://leetcode.com/problems/remove-covered-intervals
Amazon,1129,Shortest Path with Alternating Colors,Medium,38.9%,0,https://leetcode.com/problems/shortest-path-with-alternating-colors
Amazon,1362,Closest Divisors,Medium,56.8%,0,https://leetcode.com/problems/closest-divisors
Amazon,1363,Largest Multiple of Three,Hard,33.5%,0,https://leetcode.com/problems/largest-multiple-of-three
Amazon,1175,Prime Arrangements,Easy,51.0%,0,https://leetcode.com/problems/prime-arrangements
Amazon,1176,Diet Plan Performance,Easy,53.8%,0,https://leetcode.com/problems/diet-plan-performance
Amazon,1255,Maximum Score Words Formed by Letters,Hard,69.4%,0,https://leetcode.com/problems/maximum-score-words-formed-by-letters
Amazon,1260,Shift 2D Grid,Easy,61.4%,0,https://leetcode.com/problems/shift-2d-grid
Amazon,1305,All Elements in Two Binary Search Trees,Medium,76.1%,0,https://leetcode.com/problems/all-elements-in-two-binary-search-trees
Amazon,1327,List the Products Ordered in a Period,Easy,76.4%,0,https://leetcode.com/problems/list-the-products-ordered-in-a-period
Amazon,1350,Students With Invalid Departments,Easy,89.5%,0,https://leetcode.com/problems/students-with-invalid-departments
Amazon,1404,Number of Steps to Reduce a Number in Binary Representation to One,Medium,50.4%,0,https://leetcode.com/problems/number-of-steps-to-reduce-a-number-in-binary-representation-to-one
Amazon,1408,String Matching in an Array,Easy,61.4%,0,https://leetcode.com/problems/string-matching-in-an-array
Amazon,1409,Queries on a Permutation With Key,Medium,81.7%,0,https://leetcode.com/problems/queries-on-a-permutation-with-key
Amazon,1421,NPV Queries,Medium,80.6%,0,https://leetcode.com/problems/npv-queries
Amazon,1457,Pseudo-Palindromic Paths in a Binary Tree,Medium,67.3%,0,https://leetcode.com/problems/pseudo-palindromic-paths-in-a-binary-tree
Amazon,1489,Find Critical and Pseudo-Critical Edges in Minimum Spanning Tree,Hard,50.6%,0,https://leetcode.com/problems/find-critical-and-pseudo-critical-edges-in-minimum-spanning-tree
Amazon,1496,Path Crossing,Easy,55.9%,0,https://leetcode.com/problems/path-crossing
Amazon,1485,Clone Binary Tree With Random Pointer,Medium,81.0%,0,https://leetcode.com/problems/clone-binary-tree-with-random-pointer
Amazon,1502,Can Make Arithmetic Progression From Sequence,Easy,73.3%,0,https://leetcode.com/problems/can-make-arithmetic-progression-from-sequence
Amazon,1490,Clone N-ary Tree,Medium,84.5%,0,https://leetcode.com/problems/clone-n-ary-tree
Amazon,1533,Find the Index of the Large Integer,Medium,57.1%,0,https://leetcode.com/problems/find-the-index-of-the-large-integer
Google,388,Longest Absolute File Path,Medium,41.8%,5.913085890375435,https://leetcode.com/problems/longest-absolute-file-path
Google,683,K Empty Slots,Hard,35.6%,5.780765145104477,https://leetcode.com/problems/k-empty-slots
Google,681,Next Closest Time,Medium,45.0%,5.648444399833518,https://leetcode.com/problems/next-closest-time
Google,1,Two Sum,Easy,45.6%,5.644982903520936,https://leetcode.com/problems/two-sum
Google,929,Unique Email Addresses,Easy,67.4%,5.641251480795916,https://leetcode.com/problems/unique-email-addresses
Google,904,Fruit Into Baskets,Medium,42.5%,5.622005350773675,https://leetcode.com/problems/fruit-into-baskets
Google,482,License Key Formatting,Easy,43.1%,5.489684605502716,https://leetcode.com/problems/license-key-formatting
Google,308,Range Sum Query 2D - Mutable,Hard,35.6%,5.479895265007681,https://leetcode.com/problems/range-sum-query-2d-mutable
Google,1007,Minimum Domino Rotations For Equal Row,Medium,50.0%,5.347574519736722,https://leetcode.com/problems/minimum-domino-rotations-for-equal-row
Google,843,Guess the Word,Hard,46.1%,5.215253774465763,https://leetcode.com/problems/guess-the-word
Google,288,Unique Word Abbreviation,Medium,21.9%,5.0829330291948045,https://leetcode.com/problems/unique-word-abbreviation
Google,489,Robot Room Cleaner,Hard,69.7%,4.950612283923846,https://leetcode.com/problems/robot-room-cleaner
Google,399,Evaluate Division,Medium,51.6%,4.9331279496887595,https://leetcode.com/problems/evaluate-division
Google,975,Odd Even Jump,Hard,42.2%,4.89330238409204,https://leetcode.com/problems/odd-even-jump
Google,686,Repeated String Match,Easy,32.3%,4.836325284003677,https://leetcode.com/problems/repeated-string-match
Google,418,Sentence Screen Fitting,Medium,32.6%,4.781933322576393,https://leetcode.com/problems/sentence-screen-fitting
Google,753,Cracking the Safe,Hard,50.5%,4.6997868127589575,https://leetcode.com/problems/cracking-the-safe
Google,271,Encode and Decode Strings,Medium,31.5%,4.677975295068608,https://leetcode.com/problems/encode-and-decode-strings
Google,361,Bomb Enemy,Medium,46.0%,4.673664844440462,https://leetcode.com/problems/bomb-enemy
Google,298,Binary Tree Longest Consecutive Sequence,Medium,47.1%,4.6017532155227885,https://leetcode.com/problems/binary-tree-longest-consecutive-sequence
Google,281,Zigzag Iterator,Medium,58.4%,4.497936294818977,https://leetcode.com/problems/zigzag-iterator
Google,1057,Campus Bikes,Medium,57.7%,4.447943228729954,https://leetcode.com/problems/campus-bikes
Google,393,UTF-8 Validation,Medium,37.5%,4.444092227821192,https://leetcode.com/problems/utf-8-validation
Google,163,Missing Ranges,Medium,24.3%,4.311771482550233,https://leetcode.com/problems/missing-ranges
Google,159,Longest Substring with At Most Two Distinct Characters,Medium,49.4%,4.262457725720521,https://leetcode.com/problems/longest-substring-with-at-most-two-distinct-characters
Google,844,Backspace String Compare,Easy,46.4%,4.130136980449563,https://leetcode.com/problems/backspace-string-compare
Google,642,Design Search Autocomplete System,Hard,44.7%,4.121348378880914,https://leetcode.com/problems/design-search-autocomplete-system
Google,340,Longest Substring with At Most K Distinct Characters,Hard,44.1%,4.118703458748877,https://leetcode.com/problems/longest-substring-with-at-most-k-distinct-characters
Google,222,Count Complete Tree Nodes,Medium,46.8%,4.1048397532413095,https://leetcode.com/problems/count-complete-tree-nodes
Google,568,Maximum Vacation Days,Hard,40.8%,4.053081248726602,https://leetcode.com/problems/maximum-vacation-days
Google,947,Most Stones Removed with Same Row or Column,Medium,55.2%,4.02302290047393,https://leetcode.com/problems/most-stones-removed-with-same-row-or-column
Google,410,Split Array Largest Sum,Hard,44.5%,4.009588512914069,https://leetcode.com/problems/split-array-largest-sum
Google,857,Minimum Cost to Hire K Workers,Hard,49.6%,3.9718459789720417,https://leetcode.com/problems/minimum-cost-to-hire-k-workers
Google,939,Minimum Area Rectangle,Medium,51.8%,3.9363752311087805,https://leetcode.com/problems/minimum-area-rectangle
Google,42,Trapping Rain Water,Hard,48.9%,3.921059878261158,https://leetcode.com/problems/trapping-rain-water
Google,218,The Skyline Problem,Hard,34.6%,3.886010166884179,https://leetcode.com/problems/the-skyline-problem
Google,248,Strobogrammatic Number III,Hard,39.6%,3.8637103391787333,https://leetcode.com/problems/strobogrammatic-number-iii
Google,56,Merge Intervals,Medium,39.3%,3.8503178295937968,https://leetcode.com/problems/merge-intervals
Google,394,Decode String,Medium,50.0%,3.8265446136122376,https://leetcode.com/problems/decode-string
Google,200,Number of Islands,Medium,46.8%,3.801814667432651,https://leetcode.com/problems/number-of-islands
Google,296,Best Meeting Point,Hard,57.5%,3.780744266551272,https://leetcode.com/problems/best-meeting-point
Google,346,Moving Average from Data Stream,Easy,70.9%,3.7595613321751515,https://leetcode.com/problems/moving-average-from-data-stream
Google,774,Minimize Max Distance to Gas Station,Hard,46.9%,3.708055318619307,https://leetcode.com/problems/minimize-max-distance-to-gas-station
Google,351,Android Unlock Patterns,Medium,48.4%,3.70074902966932,https://leetcode.com/problems/android-unlock-patterns
Google,66,Plus One,Easy,43.0%,3.6933051958019916,https://leetcode.com/problems/plus-one
Google,146,LRU Cache,Medium,33.2%,3.6895564583242564,https://leetcode.com/problems/lru-cache
Google,734,Sentence Similarity,Easy,42.1%,3.6779039500629285,https://leetcode.com/problems/sentence-similarity
Google,359,Logger Rate Limiter,Easy,70.8%,3.6745485318267703,https://leetcode.com/problems/logger-rate-limiter
Google,425,Word Squares,Hard,47.7%,3.649664857149902,https://leetcode.com/problems/word-squares
Google,809,Expressive Words,Medium,47.0%,3.640135049976496,https://leetcode.com/problems/expressive-words
Google,471,Encode String with Shortest Length,Hard,47.1%,3.6265326222967382,https://leetcode.com/problems/encode-string-with-shortest-length
Google,679,24 Game,Hard,46.4%,3.5637003073738915,https://leetcode.com/problems/24-game
Google,737,Sentence Similarity II,Medium,45.8%,3.5565631284675816,https://leetcode.com/problems/sentence-similarity-ii
Google,228,Summary Ranges,Medium,39.5%,3.551951303501267,https://leetcode.com/problems/summary-ranges
Google,299,Bulls and Cows,Easy,42.4%,3.5516016425432797,https://leetcode.com/problems/bulls-and-cows
Google,149,Max Points on a Line,Hard,16.9%,3.5414149671854895,https://leetcode.com/problems/max-points-on-a-line
Google,305,Number of Islands II,Hard,40.1%,3.519140936483725,https://leetcode.com/problems/number-of-islands-ii
Google,2,Add Two Numbers,Medium,33.9%,3.516113248427463,https://leetcode.com/problems/add-two-numbers
Google,1096,Brace Expansion II,Hard,62.2%,3.5045558946493087,https://leetcode.com/problems/brace-expansion-ii
Google,253,Meeting Rooms II,Medium,45.7%,3.5024386970042944,https://leetcode.com/problems/meeting-rooms-ii
Google,1055,Shortest Way to Form String,Medium,56.9%,3.49457016302794,https://leetcode.com/problems/shortest-way-to-form-string
Google,158,Read N Characters Given Read4 II - Call multiple times,Hard,33.8%,3.484084287410813,https://leetcode.com/problems/read-n-characters-given-read4-ii-call-multiple-times
Google,465,Optimal Account Balancing,Hard,46.9%,3.462697997323015,https://leetcode.com/problems/optimal-account-balancing
Google,4,Median of Two Sorted Arrays,Hard,29.6%,3.453368563356655,https://leetcode.com/problems/median-of-two-sorted-arrays
Google,68,Text Justification,Hard,27.7%,3.450799220650298,https://leetcode.com/problems/text-justification
Google,803,Bricks Falling When Hit,Hard,30.8%,3.426856541071048,https://leetcode.com/problems/bricks-falling-when-hit
Google,1110,Delete Nodes And Return Forest,Medium,67.0%,3.4188856985119753,https://leetcode.com/problems/delete-nodes-and-return-forest
Google,289,Game of Life,Medium,54.5%,3.413628890756041,https://leetcode.com/problems/game-of-life
Google,317,Shortest Distance from All Buildings,Hard,41.4%,3.4096720086531276,https://leetcode.com/problems/shortest-distance-from-all-buildings
Google,1153,String Transforms Into Another String,Hard,35.8%,3.3908912382416454,https://leetcode.com/problems/string-transforms-into-another-string
Google,833,Find And Replace in String,Medium,50.4%,3.3859736859340166,https://leetcode.com/problems/find-and-replace-in-string
Google,1088,Confusing Number II,Hard,44.0%,3.349904087274605,https://leetcode.com/problems/confusing-number-ii
Google,750,Number Of Corner Rectangles,Medium,66.4%,3.2461546717211958,https://leetcode.com/problems/number-of-corner-rectangles
Google,247,Strobogrammatic Number II,Medium,47.6%,3.2451298570643794,https://leetcode.com/problems/strobogrammatic-number-ii
Google,315,Count of Smaller Numbers After Self,Hard,41.5%,3.2308315362449034,https://leetcode.com/problems/count-of-smaller-numbers-after-self
Google,246,Strobogrammatic Number,Easy,45.0%,3.223628779652069,https://leetcode.com/problems/strobogrammatic-number
Google,1231,Divide Chocolate,Hard,52.4%,3.208270334389882,https://leetcode.com/problems/divide-chocolate
Google,304,Range Sum Query 2D - Immutable,Medium,38.6%,3.1772508226762235,https://leetcode.com/problems/range-sum-query-2d-immutable
Google,818,Race Car,Hard,39.0%,3.164823517729811,https://leetcode.com/problems/race-car
Google,562,Longest Line of Consecutive One in Matrix,Medium,45.9%,3.145109674628592,https://leetcode.com/problems/longest-line-of-consecutive-one-in-matrix
Google,777,Swap Adjacent in LR String,Medium,34.8%,3.1073791682365477,https://leetcode.com/problems/swap-adjacent-in-lr-string
Google,1168,Optimize Water Distribution in a Village,Hard,60.9%,3.1023420086122493,https://leetcode.com/problems/optimize-water-distribution-in-a-village
Google,360,Sort Transformed Array,Medium,48.8%,3.0831372738512024,https://leetcode.com/problems/sort-transformed-array
Google,10,Regular Expression Matching,Hard,26.8%,3.0747147505974577,https://leetcode.com/problems/regular-expression-matching
Google,280,Wiggle Sort,Medium,63.8%,3.0733021552804116,https://leetcode.com/problems/wiggle-sort
Google,524,Longest Word in Dictionary through Deleting,Medium,48.4%,3.072239528663067,https://leetcode.com/problems/longest-word-in-dictionary-through-deleting
Google,417,Pacific Atlantic Water Flow,Medium,41.1%,3.0398121134232396,https://leetcode.com/problems/pacific-atlantic-water-flow
Google,23,Merge k Sorted Lists,Hard,40.2%,3.0393863444881077,https://leetcode.com/problems/merge-k-sorted-lists
Google,1087,Brace Expansion,Medium,62.7%,3.0249257901076283,https://leetcode.com/problems/brace-expansion
Google,329,Longest Increasing Path in a Matrix,Hard,43.4%,3.0194784424385475,https://leetcode.com/problems/longest-increasing-path-in-a-matrix
Google,284,Peeking Iterator,Medium,45.7%,2.9939930051892243,https://leetcode.com/problems/peeking-iterator
Google,205,Isomorphic Strings,Easy,39.8%,2.974388546456021,https://leetcode.com/problems/isomorphic-strings
Google,57,Insert Interval,Hard,33.5%,2.97402257970463,https://leetcode.com/problems/insert-interval
Google,85,Maximal Rectangle,Hard,37.7%,2.9640268737174758,https://leetcode.com/problems/maximal-rectangle
Google,259,3Sum Smaller,Medium,47.6%,2.961393027644509,https://leetcode.com/problems/3sum-smaller
Google,736,Parse Lisp Expression,Hard,47.5%,2.959364629383116,https://leetcode.com/problems/parse-lisp-expression
Google,727,Minimum Window Subsequence,Hard,41.8%,2.954526908298268,https://leetcode.com/problems/minimum-window-subsequence
Google,544,Output Contest Matches,Medium,75.3%,2.9261234488600074,https://leetcode.com/problems/output-contest-matches
Google,527,Word Abbreviation,Hard,54.3%,2.9261234488600074,https://leetcode.com/problems/word-abbreviation
Google,279,Perfect Squares,Medium,47.4%,2.9188962246060135,https://leetcode.com/problems/perfect-squares
Google,274,H-Index,Medium,36.1%,2.908129696099074,https://leetcode.com/problems/h-index
Google,3,Longest Substring Without Repeating Characters,Medium,30.4%,2.8994530726547287,https://leetcode.com/problems/longest-substring-without-repeating-characters
Google,731,My Calendar II,Medium,49.1%,2.894068619777491,https://leetcode.com/problems/my-calendar-ii
Google,766,Toeplitz Matrix,Easy,65.1%,2.880131111933709,https://leetcode.com/problems/toeplitz-matrix
Google,294,Flip Game II,Medium,50.0%,2.87957606515677,https://leetcode.com/problems/flip-game-ii
Google,157,Read N Characters Given Read4,Easy,34.2%,2.8620515045754673,https://leetcode.com/problems/read-n-characters-given-read4
Google,1146,Snapshot Array,Medium,37.0%,2.853997465518477,https://leetcode.com/problems/snapshot-array
Google,345,Reverse Vowels of a String,Easy,44.2%,2.8469976121950618,https://leetcode.com/problems/reverse-vowels-of-a-string
Google,295,Find Median from Data Stream,Hard,44.3%,2.8300178150737505,https://leetcode.com/problems/find-median-from-data-stream
Google,846,Hand of Straights,Medium,54.2%,2.8166447091052693,https://leetcode.com/problems/hand-of-straights
Google,913,Cat and Mouse,Hard,31.3%,2.812298987907346,https://leetcode.com/problems/cat-and-mouse
Google,552,Student Attendance Record II,Hard,36.7%,2.76905139983893,https://leetcode.com/problems/student-attendance-record-ii
Google,1066,Campus Bikes II,Medium,54.2%,2.7658351992240013,https://leetcode.com/problems/campus-bikes-ii
Google,76,Minimum Window Substring,Hard,34.6%,2.753906540615101,https://leetcode.com/problems/minimum-window-substring
Google,363,Max Sum of Rectangle No Larger Than K,Hard,37.3%,2.7093314312582586,https://leetcode.com/problems/max-sum-of-rectangle-no-larger-than-k
Google,849,Maximize Distance to Closest Person,Easy,42.6%,2.70914942752668,https://leetcode.com/problems/maximize-distance-to-closest-person
Google,54,Spiral Matrix,Medium,34.1%,2.7080060938333252,https://leetcode.com/problems/spiral-matrix
Google,15,3Sum,Medium,26.8%,2.702273135010205,https://leetcode.com/problems/3sum
Google,221,Maximal Square,Medium,37.7%,2.681130404099715,https://leetcode.com/problems/maximal-square
Google,17,Letter Combinations of a Phone Number,Medium,46.8%,2.68025676002709,https://leetcode.com/problems/letter-combinations-of-a-phone-number
Google,616,Add Bold Tag in String,Medium,43.1%,2.6661443634782542,https://leetcode.com/problems/add-bold-tag-in-string
Google,297,Serialize and Deserialize Binary Tree,Hard,47.5%,2.6484489664313173,https://leetcode.com/problems/serialize-and-deserialize-binary-tree
Google,362,Design Hit Counter,Medium,63.7%,2.598395990569684,https://leetcode.com/problems/design-hit-counter
Google,981,Time Based Key-Value Store,Medium,53.1%,2.5975702025088925,https://leetcode.com/problems/time-based-key-value-store
Google,276,Paint Fence,Easy,38.3%,2.595102395632224,https://leetcode.com/problems/paint-fence
Google,837,New 21 Game,Medium,34.6%,2.5842363584035155,https://leetcode.com/problems/new-21-game
Google,224,Basic Calculator,Hard,36.8%,2.580473601965029,https://leetcode.com/problems/basic-calculator
Google,911,Online Election,Medium,50.4%,2.5785176483169177,https://leetcode.com/problems/online-election
Google,558,Logical OR of Two Binary Grids Represented as Quad-Trees,Medium,44.6%,2.571814372981217,https://leetcode.com/problems/logical-or-of-two-binary-grids-represented-as-quad-trees
Google,687,Longest Univalue Path,Easy,36.2%,2.567963195991046,https://leetcode.com/problems/longest-univalue-path
Google,490,The Maze,Medium,51.4%,2.5593731348341007,https://leetcode.com/problems/the-maze
Google,659,Split Array into Consecutive Subsequences,Medium,43.7%,2.5268382051369156,https://leetcode.com/problems/split-array-into-consecutive-subsequences
Google,380,Insert Delete GetRandom O(1),Medium,47.5%,2.5184085547652333,https://leetcode.com/problems/insert-delete-getrandom-o1
Google,715,Range Module,Hard,38.5%,2.515902750156964,https://leetcode.com/problems/range-module
Google,528,Random Pick with Weight,Medium,43.9%,2.509596225361694,https://leetcode.com/problems/random-pick-with-weight
Google,166,Fraction to Recurring Decimal,Medium,21.6%,2.5048506298301927,https://leetcode.com/problems/fraction-to-recurring-decimal
Google,139,Word Break,Medium,40.1%,2.498864325939262,https://leetcode.com/problems/word-break
Google,403,Frog Jump,Hard,39.7%,2.4880206406678633,https://leetcode.com/problems/frog-jump
Google,135,Candy,Hard,31.6%,2.4770714018179407,https://leetcode.com/problems/candy
Google,406,Queue Reconstruction by Height,Medium,66.9%,2.463643690835622,https://leetcode.com/problems/queue-reconstruction-by-height
Google,20,Valid Parentheses,Easy,39.0%,2.4553133466538077,https://leetcode.com/problems/valid-parentheses
Google,505,The Maze II,Medium,47.7%,2.455044351095574,https://leetcode.com/problems/the-maze-ii
Google,226,Invert Binary Tree,Easy,65.0%,2.438123583553808,https://leetcode.com/problems/invert-binary-tree
Google,723,Candy Crush,Medium,69.2%,2.413829325662411,https://leetcode.com/problems/candy-crush
Google,900,RLE Iterator,Medium,53.5%,2.412451570572578,https://leetcode.com/problems/rle-iterator
Google,375,Guess Number Higher or Lower II,Medium,40.3%,2.412208895973755,https://leetcode.com/problems/guess-number-higher-or-lower-ii
Google,457,Circular Array Loop,Medium,29.4%,2.4087237489359508,https://leetcode.com/problems/circular-array-loop
Google,269,Alien Dictionary,Hard,33.3%,2.401963626660419,https://leetcode.com/problems/alien-dictionary
Google,722,Remove Comments,Medium,34.6%,2.391299564349348,https://leetcode.com/problems/remove-comments
Google,850,Rectangle Area II,Hard,47.5%,2.389853412007957,https://leetcode.com/problems/rectangle-area-ii
Google,128,Longest Consecutive Sequence,Hard,45.1%,2.3889692368664277,https://leetcode.com/problems/longest-consecutive-sequence
Google,31,Next Permutation,Medium,32.6%,2.3845622917588476,https://leetcode.com/problems/next-permutation
Google,1170,Compare Strings by Frequency of the Smallest Character,Easy,58.7%,2.380621199972535,https://leetcode.com/problems/compare-strings-by-frequency-of-the-smallest-character
Google,5,Longest Palindromic Substring,Medium,29.5%,2.378625542244051,https://leetcode.com/problems/longest-palindromic-substring
Google,318,Maximum Product of Word Lengths,Medium,51.2%,2.377626415518863,https://leetcode.com/problems/maximum-product-of-word-lengths
Google,353,Design Snake Game,Medium,34.2%,2.374942034436538,https://leetcode.com/problems/design-snake-game
Google,391,Perfect Rectangle,Hard,30.5%,2.3609543573828455,https://leetcode.com/problems/perfect-rectangle
Google,249,Group Shifted Strings,Medium,55.1%,2.3589773320503338,https://leetcode.com/problems/group-shifted-strings
Google,729,My Calendar I,Medium,51.8%,2.351286906233527,https://leetcode.com/problems/my-calendar-i
Google,341,Flatten Nested List Iterator,Medium,52.9%,2.3349516629496914,https://leetcode.com/problems/flatten-nested-list-iterator
Google,951,Flip Equivalent Binary Trees,Medium,65.8%,2.3261691532245137,https://leetcode.com/problems/flip-equivalent-binary-trees
Google,72,Edit Distance,Hard,44.8%,2.308682749366407,https://leetcode.com/problems/edit-distance
Google,320,Generalized Abbreviation,Medium,52.1%,2.287272370970718,https://leetcode.com/problems/generalized-abbreviation
Google,332,Reconstruct Itinerary,Medium,36.7%,2.2676322677470853,https://leetcode.com/problems/reconstruct-itinerary
Google,835,Image Overlap,Medium,58.5%,2.2640988039628858,https://leetcode.com/problems/image-overlap
Google,401,Binary Watch,Easy,47.5%,2.246794842528927,https://leetcode.com/problems/binary-watch
Google,354,Russian Doll Envelopes,Hard,35.6%,2.236076201124014,https://leetcode.com/problems/russian-doll-envelopes
Google,124,Binary Tree Maximum Path Sum,Hard,34.3%,2.2216093472081075,https://leetcode.com/problems/binary-tree-maximum-path-sum
Google,444,Sequence Reconstruction,Medium,22.2%,2.217786049374021,https://leetcode.com/problems/sequence-reconstruction
Google,239,Sliding Window Maximum,Hard,43.0%,2.2105289311276617,https://leetcode.com/problems/sliding-window-maximum
Google,943,Find the Shortest Superstring,Hard,42.9%,2.183127427581185,https://leetcode.com/problems/find-the-shortest-superstring
Google,400,Nth Digit,Medium,31.7%,2.1683677508742374,https://leetcode.com/problems/nth-digit
Google,285,Inorder Successor in BST,Medium,40.4%,2.166776365319761,https://leetcode.com/problems/inorder-successor-in-bst
Google,43,Multiply Strings,Medium,33.9%,2.1663332897105017,https://leetcode.com/problems/multiply-strings
Google,208,Implement Trie (Prefix Tree),Medium,49.4%,2.1624789340540973,https://leetcode.com/problems/implement-trie-prefix-tree
Google,745,Prefix and Suffix Search,Hard,34.1%,2.161230974688314,https://leetcode.com/problems/prefix-and-suffix-search
Google,963,Minimum Area Rectangle II,Medium,50.9%,2.1572192427225203,https://leetcode.com/problems/minimum-area-rectangle-ii
Google,788,Rotated Digits,Easy,57.1%,2.128352559073175,https://leetcode.com/problems/rotated-digits
Google,484,Find Permutation,Medium,60.5%,2.1230183588789355,https://leetcode.com/problems/find-permutation
Google,369,Plus One Linked List,Medium,58.2%,2.103037362276518,https://leetcode.com/problems/plus-one-linked-list
Google,162,Find Peak Element,Medium,43.3%,2.097923147793266,https://leetcode.com/problems/find-peak-element
Google,133,Clone Graph,Medium,34.8%,2.093083764564862,https://leetcode.com/problems/clone-graph
Google,38,Count and Say,Easy,44.6%,2.0886590981708664,https://leetcode.com/problems/count-and-say
Google,34,Find First and Last Position of Element in Sorted Array,Medium,36.2%,2.077190953113431,https://leetcode.com/problems/find-first-and-last-position-of-element-in-sorted-array
Google,447,Number of Boomerangs,Easy,51.8%,2.070710491182991,https://leetcode.com/problems/number-of-boomerangs
Google,336,Palindrome Pairs,Hard,33.7%,2.068730116946457,https://leetcode.com/problems/palindrome-pairs
Google,127,Word Ladder,Medium,29.6%,2.0451263181434545,https://leetcode.com/problems/word-ladder
Google,91,Decode Ways,Medium,24.7%,2.0435615456140264,https://leetcode.com/problems/decode-ways
Google,215,Kth Largest Element in an Array,Medium,55.4%,2.024566184680276,https://leetcode.com/problems/kth-largest-element-in-an-array
Google,946,Validate Stack Sequences,Medium,61.9%,2.0189151696320264,https://leetcode.com/problems/validate-stack-sequences
Google,293,Flip Game,Easy,60.7%,2.0049678986989146,https://leetcode.com/problems/flip-game
Google,33,Search in Rotated Sorted Array,Medium,34.5%,1.982840493476099,https://leetcode.com/problems/search-in-rotated-sorted-array
Google,459,Repeated Substring Pattern,Easy,42.2%,1.9812811708925173,https://leetcode.com/problems/repeated-substring-pattern
Google,11,Container With Most Water,Medium,50.8%,1.9770870605892752,https://leetcode.com/problems/container-with-most-water
Google,1032,Stream of Characters,Hard,48.3%,1.9744627782694404,https://leetcode.com/problems/stream-of-characters
Google,334,Increasing Triplet Subsequence,Medium,40.0%,1.9678676896894793,https://leetcode.com/problems/increasing-triplet-subsequence
Google,44,Wildcard Matching,Hard,24.7%,1.9579596678839932,https://leetcode.com/problems/wildcard-matching
Google,325,Maximum Size Subarray Sum Equals k,Medium,46.8%,1.9573388448789362,https://leetcode.com/problems/maximum-size-subarray-sum-equals-k
Google,497,Random Point in Non-overlapping Rectangles,Medium,37.8%,1.9573306871741878,https://leetcode.com/problems/random-point-in-non-overlapping-rectangles
Google,817,Linked List Components,Medium,57.3%,1.9517638243067739,https://leetcode.com/problems/linked-list-components
Google,286,Walls and Gates,Medium,54.5%,1.948761543137523,https://leetcode.com/problems/walls-and-gates
Google,1048,Longest String Chain,Medium,54.7%,1.9440931103276922,https://leetcode.com/problems/longest-string-chain
Google,138,Copy List with Random Pointer,Medium,36.4%,1.941330735041384,https://leetcode.com/problems/copy-list-with-random-pointer
Google,815,Bus Routes,Hard,42.5%,1.9383504626870616,https://leetcode.com/problems/bus-routes
Google,772,Basic Calculator III,Hard,41.3%,1.93133194589594,https://leetcode.com/problems/basic-calculator-iii
Google,173,Binary Search Tree Iterator,Medium,56.6%,1.9114667046485274,https://leetcode.com/problems/binary-search-tree-iterator
Google,150,Evaluate Reverse Polish Notation,Medium,36.3%,1.9012041599672846,https://leetcode.com/problems/evaluate-reverse-polish-notation
Google,743,Network Delay Time,Medium,45.0%,1.8954674499549913,https://leetcode.com/problems/network-delay-time
Google,53,Maximum Subarray,Easy,46.5%,1.8935176696430995,https://leetcode.com/problems/maximum-subarray
Google,752,Open the Lock,Medium,51.8%,1.8871450737679576,https://leetcode.com/problems/open-the-lock
Google,130,Surrounded Regions,Medium,28.1%,1.8816381329635723,https://leetcode.com/problems/surrounded-regions
Google,871,Minimum Number of Refueling Stops,Hard,31.4%,1.8726289648775856,https://leetcode.com/problems/minimum-number-of-refueling-stops
Google,155,Min Stack,Easy,44.5%,1.8722323336408635,https://leetcode.com/problems/min-stack
Google,685,Redundant Connection II,Hard,32.4%,1.8709822647033896,https://leetcode.com/problems/redundant-connection-ii
Google,529,Minesweeper,Medium,59.1%,1.8679660780386982,https://leetcode.com/problems/minesweeper
Google,800,Similar RGB Color,Easy,61.4%,1.8647846042429448,https://leetcode.com/problems/similar-rgb-color
Google,1240,Tiling a Rectangle with the Fewest Squares,Hard,50.1%,1.8643301620628905,https://leetcode.com/problems/tiling-a-rectangle-with-the-fewest-squares
Google,407,Trapping Rain Water II,Hard,42.4%,1.8590583049537268,https://leetcode.com/problems/trapping-rain-water-ii
Google,168,Excel Sheet Column Title,Easy,31.1%,1.8498247657212512,https://leetcode.com/problems/excel-sheet-column-title
Google,411,Minimum Unique Word Abbreviation,Hard,36.3%,1.843584537092641,https://leetcode.com/problems/minimum-unique-word-abbreviation
Google,161,One Edit Distance,Medium,32.3%,1.843491263951507,https://leetcode.com/problems/one-edit-distance
Google,427,Construct Quad Tree,Medium,61.4%,1.830397261933469,https://leetcode.com/problems/construct-quad-tree
Google,41,First Missing Positive,Hard,32.0%,1.8284630090160665,https://leetcode.com/problems/first-missing-positive
Google,801,Minimum Swaps To Make Sequences Increasing,Medium,38.9%,1.8139622880364348,https://leetcode.com/problems/minimum-swaps-to-make-sequences-increasing
Google,428,Serialize and Deserialize N-ary Tree,Hard,59.4%,1.8126370542496102,https://leetcode.com/problems/serialize-and-deserialize-n-ary-tree
Google,498,Diagonal Traverse,Medium,48.2%,1.8073604096705347,https://leetcode.com/problems/diagonal-traverse
Google,307,Range Sum Query - Mutable,Medium,34.6%,1.8015483881157932,https://leetcode.com/problems/range-sum-query-mutable
Google,37,Sudoku Solver,Hard,43.6%,1.7925251074248625,https://leetcode.com/problems/sudoku-solver
Google,324,Wiggle Sort II,Medium,29.9%,1.786845454425626,https://leetcode.com/problems/wiggle-sort-ii
Google,22,Generate Parentheses,Medium,62.7%,1.7757890873922186,https://leetcode.com/problems/generate-parentheses
Google,853,Car Fleet,Medium,42.3%,1.7747066808453358,https://leetcode.com/problems/car-fleet
Google,475,Heaters,Easy,33.1%,1.7664928396260275,https://leetcode.com/problems/heaters
Google,463,Island Perimeter,Easy,65.7%,1.7662395949982437,https://leetcode.com/problems/island-perimeter
Google,486,Predict the Winner,Medium,47.9%,1.7621745307382468,https://leetcode.com/problems/predict-the-winner
Google,708,Insert into a Sorted Circular Linked List,Medium,31.6%,1.7513771317823694,https://leetcode.com/problems/insert-into-a-sorted-circular-linked-list
Google,855,Exam Room,Medium,43.1%,1.7497717736123803,https://leetcode.com/problems/exam-room
Google,591,Tag Validator,Hard,34.3%,1.7469089030627032,https://leetcode.com/problems/tag-validator
Google,1197,Minimum Knight Moves,Medium,36.1%,1.7421965875991658,https://leetcode.com/problems/minimum-knight-moves
Google,212,Word Search II,Hard,34.9%,1.7179939107133506,https://leetcode.com/problems/word-search-ii
Google,684,Redundant Connection,Medium,57.4%,1.7020400393387942,https://leetcode.com/problems/redundant-connection
Google,370,Range Addition,Medium,62.8%,1.7002175030641622,https://leetcode.com/problems/range-addition
Google,250,Count Univalue Subtrees,Medium,52.0%,1.698353993388098,https://leetcode.com/problems/count-univalue-subtrees
Google,337,House Robber III,Medium,50.6%,1.6931799416825786,https://leetcode.com/problems/house-robber-iii
Google,241,Different Ways to Add Parentheses,Medium,55.2%,1.6793403602398669,https://leetcode.com/problems/different-ways-to-add-parentheses
Google,1145,Binary Tree Coloring Game,Medium,51.2%,1.6791800772363104,https://leetcode.com/problems/binary-tree-coloring-game
Google,769,Max Chunks To Make Sorted,Medium,54.8%,1.6641034408649555,https://leetcode.com/problems/max-chunks-to-make-sorted
Google,266,Palindrome Permutation,Easy,61.9%,1.6575201119721923,https://leetcode.com/problems/palindrome-permutation
Google,392,Is Subsequence,Easy,49.2%,1.6525927236514608,https://leetcode.com/problems/is-subsequence
Google,302,Smallest Rectangle Enclosing Black Pixels,Hard,51.6%,1.6453853002424126,https://leetcode.com/problems/smallest-rectangle-enclosing-black-pixels
Google,792,Number of Matching Subsequences,Medium,47.4%,1.6356226914291674,https://leetcode.com/problems/number-of-matching-subsequences
Google,710,Random Pick with Blacklist,Hard,32.5%,1.6355405363367377,https://leetcode.com/problems/random-pick-with-blacklist
Google,767,Reorganize String,Medium,48.7%,1.629188040780247,https://leetcode.com/problems/reorganize-string
Google,510,Inorder Successor in BST II,Medium,58.0%,1.627672582741667,https://leetcode.com/problems/inorder-successor-in-bst-ii
Google,845,Longest Mountain in Array,Medium,37.2%,1.596720695310657,https://leetcode.com/problems/longest-mountain-in-array
Google,358,Rearrange String k Distance Apart,Hard,34.9%,1.59538615897845,https://leetcode.com/problems/rearrange-string-k-distance-apart
Google,84,Largest Rectangle in Histogram,Hard,35.2%,1.5830569771448972,https://leetcode.com/problems/largest-rectangle-in-histogram
Google,48,Rotate Image,Medium,56.7%,1.581726699920453,https://leetcode.com/problems/rotate-image
Google,171,Excel Sheet Column Number,Easy,55.9%,1.5796139469791046,https://leetcode.com/problems/excel-sheet-column-number
Google,229,Majority Element II,Medium,35.6%,1.5625651008879808,https://leetcode.com/problems/majority-element-ii
Google,62,Unique Paths,Medium,54.1%,1.5607010122467657,https://leetcode.com/problems/unique-paths
Google,776,Split BST,Medium,55.8%,1.5548904661348721,https://leetcode.com/problems/split-bst
Google,115,Distinct Subsequences,Hard,38.3%,1.5534975104028454,https://leetcode.com/problems/distinct-subsequences
Google,1438,Longest Continuous Subarray With Absolute Diff Less Than or Equal to Limit,Medium,42.1%,1.5515720803196904,https://leetcode.com/problems/longest-continuous-subarray-with-absolute-diff-less-than-or-equal-to-limit
Google,499,The Maze III,Hard,41.0%,1.5441973905656994,https://leetcode.com/problems/the-maze-iii
Google,935,Knight Dialer,Medium,45.2%,1.5436865348713198,https://leetcode.com/problems/knight-dialer
Google,55,Jump Game,Medium,34.6%,1.5413078537703044,https://leetcode.com/problems/jump-game
Google,852,Peak Index in a Mountain Array,Easy,71.6%,1.5411250817758044,https://leetcode.com/problems/peak-index-in-a-mountain-array
Google,49,Group Anagrams,Medium,56.9%,1.5395939336051865,https://leetcode.com/problems/group-anagrams
Google,121,Best Time to Buy and Sell Stock,Easy,50.5%,1.5394079860897354,https://leetcode.com/problems/best-time-to-buy-and-sell-stock
Google,1074,Number of Submatrices That Sum to Target,Hard,60.4%,1.5295796895872102,https://leetcode.com/problems/number-of-submatrices-that-sum-to-target
Google,894,All Possible Full Binary Trees,Medium,75.2%,1.4918903806730306,https://leetcode.com/problems/all-possible-full-binary-trees
Google,1011,Capacity To Ship Packages Within D Days,Medium,58.1%,1.4745304780054163,https://leetcode.com/problems/capacity-to-ship-packages-within-d-days
Google,21,Merge Two Sorted Lists,Easy,53.5%,1.4693716961943117,https://leetcode.com/problems/merge-two-sorted-lists
Google,549,Binary Tree Longest Consecutive Sequence II,Medium,47.0%,1.4627859286979625,https://leetcode.com/problems/binary-tree-longest-consecutive-sequence-ii
Google,126,Word Ladder II,Hard,22.1%,1.4607346170794553,https://leetcode.com/problems/word-ladder-ii
Google,198,House Robber,Easy,42.0%,1.4530730183368297,https://leetcode.com/problems/house-robber
Google,840,Magic Squares In Grid,Easy,37.3%,1.4487804380676268,https://leetcode.com/problems/magic-squares-in-grid
Google,379,Design Phone Directory,Medium,46.8%,1.4414136603409702,https://leetcode.com/problems/design-phone-directory
Google,36,Valid Sudoku,Medium,48.7%,1.4380633209074283,https://leetcode.com/problems/valid-sudoku
Google,187,Repeated DNA Sequences,Medium,38.9%,1.434475303170948,https://leetcode.com/problems/repeated-dna-sequences
Google,1376,Time Needed to Inform All Employees,Medium,55.4%,1.4230632089069797,https://leetcode.com/problems/time-needed-to-inform-all-employees
Google,460,LFU Cache,Hard,34.2%,1.4218193322822756,https://leetcode.com/problems/lfu-cache
Google,206,Reverse Linked List,Easy,62.5%,1.4160805749916772,https://leetcode.com/problems/reverse-linked-list
Google,635,Design Log Storage System,Medium,58.6%,1.4065285144838586,https://leetcode.com/problems/design-log-storage-system
Google,676,Implement Magic Dictionary,Medium,54.5%,1.40157555735501,https://leetcode.com/problems/implement-magic-dictionary
Google,240,Search a 2D Matrix II,Medium,43.2%,1.397412157481839,https://leetcode.com/problems/search-a-2d-matrix-ii
Google,277,Find the Celebrity,Medium,41.8%,1.3898674725847917,https://leetcode.com/problems/find-the-celebrity
Google,236,Lowest Common Ancestor of a Binary Tree,Medium,45.7%,1.374560100967507,https://leetcode.com/problems/lowest-common-ancestor-of-a-binary-tree
Google,373,Find K Pairs with Smallest Sums,Medium,36.7%,1.3696902060678553,https://leetcode.com/problems/find-k-pairs-with-smallest-sums
Google,469,Convex Polygon,Medium,37.0%,1.3618033411115948,https://leetcode.com/problems/convex-polygon
Google,389,Find the Difference,Easy,55.3%,1.3593946914822543,https://leetcode.com/problems/find-the-difference
Google,8,String to Integer (atoi),Medium,15.4%,1.3541748116977779,https://leetcode.com/problems/string-to-integer-atoi
Google,134,Gas Station,Medium,38.5%,1.3515647395923693,https://leetcode.com/problems/gas-station
Google,1056,Confusing Number,Easy,48.6%,1.3352447017682632,https://leetcode.com/problems/confusing-number
Google,604,Design Compressed String Iterator,Easy,37.5%,1.33500106673234,https://leetcode.com/problems/design-compressed-string-iterator
Google,65,Valid Number,Hard,15.3%,1.3343924239868317,https://leetcode.com/problems/valid-number
Google,540,Single Element in a Sorted Array,Medium,57.9%,1.3332638907385543,https://leetcode.com/problems/single-element-in-a-sorted-array
Google,327,Count of Range Sum,Hard,35.2%,1.3151273131514118,https://leetcode.com/problems/count-of-range-sum
Google,64,Minimum Path Sum,Medium,54.5%,1.3111693715773884,https://leetcode.com/problems/minimum-path-sum
Google,1293,Shortest Path in a Grid with Obstacles Elimination,Hard,42.8%,1.3085741032802551,https://leetcode.com/problems/shortest-path-in-a-grid-with-obstacles-elimination
Google,63,Unique Paths II,Medium,34.6%,1.3028961064600377,https://leetcode.com/problems/unique-paths-ii
Google,287,Find the Duplicate Number,Medium,55.5%,1.3001852737512336,https://leetcode.com/problems/find-the-duplicate-number
Google,238,Product of Array Except Self,Medium,60.1%,1.2980649899084507,https://leetcode.com/problems/product-of-array-except-self
Google,582,Kill Process,Medium,60.8%,1.29092971360129,https://leetcode.com/problems/kill-process
Google,760,Find Anagram Mappings,Easy,81.1%,1.28919687074147,https://leetcode.com/problems/find-anagram-mappings
Google,283,Move Zeroes,Easy,57.8%,1.2810983755784693,https://leetcode.com/problems/move-zeroes
Google,300,Longest Increasing Subsequence,Medium,42.6%,1.268288616580214,https://leetcode.com/problems/longest-increasing-subsequence
Google,282,Expression Add Operators,Hard,35.5%,1.2560118342510336,https://leetcode.com/problems/expression-add-operators
Google,1423,Maximum Points You Can Obtain from Cards,Medium,42.6%,1.2507878542842488,https://leetcode.com/problems/maximum-points-you-can-obtain-from-cards
Google,688,Knight Probability in Chessboard,Medium,48.9%,1.2499797771635763,https://leetcode.com/problems/knight-probability-in-chessboard
Google,251,Flatten 2D Vector,Medium,45.7%,1.2441496508172531,https://leetcode.com/problems/flatten-2d-vector
Google,543,Diameter of Binary Tree,Easy,48.4%,1.2410094815743256,https://leetcode.com/problems/diameter-of-binary-tree
Google,419,Battleships in a Board,Medium,70.0%,1.235401421299467,https://leetcode.com/problems/battleships-in-a-board
Google,46,Permutations,Medium,63.5%,1.2336433836123861,https://leetcode.com/problems/permutations
Google,117,Populating Next Right Pointers in Each Node II,Medium,39.1%,1.2262318152453044,https://leetcode.com/problems/populating-next-right-pointers-in-each-node-ii
Google,169,Majority Element,Easy,58.7%,1.2203145472414236,https://leetcode.com/problems/majority-element
Google,381,Insert Delete GetRandom O(1) - Duplicates allowed,Hard,34.1%,1.218903162629457,https://leetcode.com/problems/insert-delete-getrandom-o1-duplicates-allowed
Google,702,Search in a Sorted Array of Unknown Size,Medium,66.9%,1.2132888805290027,https://leetcode.com/problems/search-in-a-sorted-array-of-unknown-size
Google,69,Sqrt(x),Easy,33.9%,1.2132645404949816,https://leetcode.com/problems/sqrtx
Google,773,Sliding Puzzle,Hard,59.3%,1.2123711740247678,https://leetcode.com/problems/sliding-puzzle
Google,1547,Minimum Cost to Cut a Stick,Hard,47.2%,1.209837923778334,https://leetcode.com/problems/minimum-cost-to-cut-a-stick
Google,652,Find Duplicate Subtrees,Medium,50.2%,1.202729796086339,https://leetcode.com/problems/find-duplicate-subtrees
Google,695,Max Area of Island,Medium,62.7%,1.2020238907871306,https://leetcode.com/problems/max-area-of-island
Google,137,Single Number II,Medium,52.4%,1.1931677117978516,https://leetcode.com/problems/single-number-ii
Google,97,Interleaving String,Hard,31.5%,1.1879190873014442,https://leetcode.com/problems/interleaving-string
Google,14,Longest Common Prefix,Easy,35.4%,1.1781239985331302,https://leetcode.com/problems/longest-common-prefix
Google,316,Remove Duplicate Letters,Hard,35.8%,1.1735295306839129,https://leetcode.com/problems/remove-duplicate-letters
Google,96,Unique Binary Search Trees,Medium,52.9%,1.1727092071285163,https://leetcode.com/problems/unique-binary-search-trees
Google,322,Coin Change,Medium,35.5%,1.1724702608205295,https://leetcode.com/problems/coin-change
Google,214,Shortest Palindrome,Hard,29.8%,1.171269934244185,https://leetcode.com/problems/shortest-palindrome
Google,188,Best Time to Buy and Sell Stock IV,Hard,28.0%,1.1638791040687415,https://leetcode.com/problems/best-time-to-buy-and-sell-stock-iv
Google,230,Kth Smallest Element in a BST,Medium,60.2%,1.1554440075543555,https://leetcode.com/problems/kth-smallest-element-in-a-bst
Google,807,Max Increase to Keep City Skyline,Medium,83.7%,1.1546614400537725,https://leetcode.com/problems/max-increase-to-keep-city-skyline
Google,98,Validate Binary Search Tree,Medium,27.8%,1.1471403639879219,https://leetcode.com/problems/validate-binary-search-tree
Google,378,Kth Smallest Element in a Sorted Matrix,Medium,54.3%,1.141935540964707,https://leetcode.com/problems/kth-smallest-element-in-a-sorted-matrix
Google,356,Line Reflection,Medium,31.8%,1.1410897169352259,https://leetcode.com/problems/line-reflection
Google,889,Construct Binary Tree from Preorder and Postorder Traversal,Medium,66.2%,1.1388310862262734,https://leetcode.com/problems/construct-binary-tree-from-preorder-and-postorder-traversal
Google,261,Graph Valid Tree,Medium,42.2%,1.1348459115293956,https://leetcode.com/problems/graph-valid-tree
Google,365,Water and Jug Problem,Medium,30.6%,1.1339839168203882,https://leetcode.com/problems/water-and-jug-problem
Google,242,Valid Anagram,Easy,56.9%,1.1337861426369056,https://leetcode.com/problems/valid-anagram
Google,535,Encode and Decode TinyURL,Medium,79.9%,1.1316441041287915,https://leetcode.com/problems/encode-and-decode-tinyurl
Google,920,Number of Music Playlists,Hard,46.5%,1.1260112628562242,https://leetcode.com/problems/number-of-music-playlists
Google,560,Subarray Sum Equals K,Medium,43.9%,1.1235306387302475,https://leetcode.com/problems/subarray-sum-equals-k
Google,32,Longest Valid Parentheses,Hard,28.4%,1.118250382006353,https://leetcode.com/problems/longest-valid-parentheses
Google,660,Remove 9,Hard,53.3%,1.11365016603265,https://leetcode.com/problems/remove-9
Google,986,Interval List Intersections,Medium,67.3%,1.110184644469336,https://leetcode.com/problems/interval-list-intersections
Google,7,Reverse Integer,Easy,25.8%,1.108160891856326,https://leetcode.com/problems/reverse-integer
Google,50,Pow(x;n),Medium,30.3%,1.1070626497293488,https://leetcode.com/problems/powx-n
Google,310,Minimum Height Trees,Medium,32.3%,1.1006741450686683,https://leetcode.com/problems/minimum-height-trees
Google,116,Populating Next Right Pointers in Each Node,Medium,45.2%,1.100206500790656,https://leetcode.com/problems/populating-next-right-pointers-in-each-node
Google,609,Find Duplicate File in System,Medium,59.5%,1.0830779957059256,https://leetcode.com/problems/find-duplicate-file-in-system
Google,1284,Minimum Number of Flips to Convert Binary Matrix to Zero Matrix,Hard,69.5%,1.076872302031704,https://leetcode.com/problems/minimum-number-of-flips-to-convert-binary-matrix-to-zero-matrix
Google,1320,Minimum Distance to Type a Word Using Two Fingers,Hard,62.3%,1.0722415922055613,https://leetcode.com/problems/minimum-distance-to-type-a-word-using-two-fingers
Google,110,Balanced Binary Tree,Easy,43.5%,1.071569125381682,https://leetcode.com/problems/balanced-binary-tree
Google,152,Maximum Product Subarray,Medium,31.7%,1.0711419371241067,https://leetcode.com/problems/maximum-product-subarray
Google,636,Exclusive Time of Functions,Medium,51.9%,1.070608304685468,https://leetcode.com/problems/exclusive-time-of-functions
Google,1406,Stone Game III,Hard,56.1%,1.0667370801376608,https://leetcode.com/problems/stone-game-iii
Google,207,Course Schedule,Medium,43.1%,1.0620388108009178,https://leetcode.com/problems/course-schedule
Google,973,K Closest Points to Origin,Medium,63.8%,1.056430236960672,https://leetcode.com/problems/k-closest-points-to-origin
Google,382,Linked List Random Node,Medium,52.1%,1.0518252914636277,https://leetcode.com/problems/linked-list-random-node
Google,518,Coin Change 2,Medium,50.2%,1.0350747721186435,https://leetcode.com/problems/coin-change-2
Google,108,Convert Sorted Array to Binary Search Tree,Easy,57.9%,1.0312292914220618,https://leetcode.com/problems/convert-sorted-array-to-binary-search-tree
Google,593,Valid Square,Medium,43.1%,1.0280149957655906,https://leetcode.com/problems/valid-square
Google,132,Palindrome Partitioning II,Hard,30.2%,1.0250591631135415,https://leetcode.com/problems/palindrome-partitioning-ii
Google,209,Minimum Size Subarray Sum,Medium,38.2%,1.0211948696431747,https://leetcode.com/problems/minimum-size-subarray-sum
Google,890,Find and Replace Pattern,Medium,73.4%,1.018488356123473,https://leetcode.com/problems/find-and-replace-pattern
Google,932,Beautiful Array,Medium,58.3%,1.016168619457035,https://leetcode.com/problems/beautiful-array
Google,165,Compare Version Numbers,Medium,27.4%,1.0133719431344332,https://leetcode.com/problems/compare-version-numbers
Google,551,Student Attendance Record I,Easy,46.0%,1.013125564623525,https://leetcode.com/problems/student-attendance-record-i
Google,273,Integer to English Words,Hard,27.1%,1.0116837788838309,https://leetcode.com/problems/integer-to-english-words
Google,156,Binary Tree Upside Down,Medium,55.0%,1.002597635428521,https://leetcode.com/problems/binary-tree-upside-down
Google,384,Shuffle an Array,Medium,52.8%,0.991100943542345,https://leetcode.com/problems/shuffle-an-array
Google,254,Factor Combinations,Medium,46.7%,0.9907010014908804,https://leetcode.com/problems/factor-combinations
Google,480,Sliding Window Median,Hard,37.2%,0.9861751440709843,https://leetcode.com/problems/sliding-window-median
Google,140,Word Break II,Hard,32.6%,0.9658937940696543,https://leetcode.com/problems/word-break-ii
Google,220,Contains Duplicate III,Medium,20.9%,0.960150927542337,https://leetcode.com/problems/contains-duplicate-iii
Google,202,Happy Number,Easy,50.4%,0.9590834376749943,https://leetcode.com/problems/happy-number
Google,770,Basic Calculator IV,Hard,48.1%,0.9582549309731873,https://leetcode.com/problems/basic-calculator-iv
Google,422,Valid Word Square,Easy,37.7%,0.9560140838920023,https://leetcode.com/problems/valid-word-square
Google,1292,Maximum Side Length of a Square with Sum Less than or Equal to Threshold,Medium,48.6%,0.9555114450274365,https://leetcode.com/problems/maximum-side-length-of-a-square-with-sum-less-than-or-equal-to-threshold
Google,836,Rectangle Overlap,Easy,48.6%,0.9437460453040576,https://leetcode.com/problems/rectangle-overlap
Google,348,Design Tic-Tac-Toe,Medium,54.3%,0.9433716904768258,https://leetcode.com/problems/design-tic-tac-toe
Google,12,Integer to Roman,Medium,55.1%,0.940669796034403,https://leetcode.com/problems/integer-to-roman
Google,721,Accounts Merge,Medium,48.8%,0.933866541008227,https://leetcode.com/problems/accounts-merge
Google,105,Construct Binary Tree from Preorder and Inorder Traversal,Medium,48.8%,0.93083104323616,https://leetcode.com/problems/construct-binary-tree-from-preorder-and-inorder-traversal
Google,335,Self Crossing,Hard,28.0%,0.921320080279157,https://leetcode.com/problems/self-crossing
Google,227,Basic Calculator II,Medium,36.9%,0.9201510193402352,https://leetcode.com/problems/basic-calculator-ii
Google,167,Two Sum II - Input array is sorted,Easy,54.1%,0.9176979974586995,https://leetcode.com/problems/two-sum-ii-input-array-is-sorted
Google,1352,Product of the Last K Numbers,Medium,43.6%,0.9062105990867559,https://leetcode.com/problems/product-of-the-last-k-numbers
Google,120,Triangle,Medium,44.2%,0.9038215752118431,https://leetcode.com/problems/triangle
Google,1121,Divide Array Into Increasing Sequences,Hard,56.9%,0.8873031950009028,https://leetcode.com/problems/divide-array-into-increasing-sequences
Google,94,Binary Tree Inorder Traversal,Medium,63.3%,0.8806087006226458,https://leetcode.com/problems/binary-tree-inorder-traversal
Google,412,Fizz Buzz,Easy,62.3%,0.879446193739206,https://leetcode.com/problems/fizz-buzz
Google,213,House Robber II,Medium,36.5%,0.8771387842647791,https://leetcode.com/problems/house-robber-ii
Google,270,Closest Binary Search Tree Value,Easy,48.5%,0.8750368651813485,https://leetcode.com/problems/closest-binary-search-tree-value
Google,235,Lowest Common Ancestor of a Binary Search Tree,Easy,49.9%,0.8731282668148734,https://leetcode.com/problems/lowest-common-ancestor-of-a-binary-search-tree
Google,415,Add Strings,Easy,47.5%,0.8704740556802794,https://leetcode.com/problems/add-strings
Google,347,Top K Frequent Elements,Medium,61.2%,0.8683877743772896,https://leetcode.com/problems/top-k-frequent-elements
Google,311,Sparse Matrix Multiplication,Medium,61.9%,0.8655886287541927,https://leetcode.com/problems/sparse-matrix-multiplication
Google,25,Reverse Nodes in k-Group,Hard,42.1%,0.8575824149327572,https://leetcode.com/problems/reverse-nodes-in-k-group
Google,1000,Minimum Cost to Merge Stones,Hard,39.8%,0.8480760705432095,https://leetcode.com/problems/minimum-cost-to-merge-stones
Google,739,Daily Temperatures,Medium,63.3%,0.8473698805528811,https://leetcode.com/problems/daily-temperatures
Google,408,Valid Word Abbreviation,Easy,30.6%,0.8465211613190313,https://leetcode.com/problems/valid-word-abbreviation
Google,252,Meeting Rooms,Easy,54.6%,0.844766213465424,https://leetcode.com/problems/meeting-rooms
Google,99,Recover Binary Search Tree,Hard,39.7%,0.8394185237297231,https://leetcode.com/problems/recover-binary-search-tree
Google,640,Solve the Equation,Medium,42.0%,0.8389208480491557,https://leetcode.com/problems/solve-the-equation
Google,79,Word Search,Medium,35.6%,0.8356147014014963,https://leetcode.com/problems/word-search
Google,732,My Calendar III,Hard,60.0%,0.8286926725561692,https://leetcode.com/problems/my-calendar-iii
Google,1024,Video Stitching,Medium,49.2%,0.8252998676956634,https://leetcode.com/problems/video-stitching
Google,1036,Escape a Large Maze,Hard,35.4%,0.8241754429663495,https://leetcode.com/problems/escape-a-large-maze
Google,692,Top K Frequent Words,Medium,51.8%,0.8219759071619612,https://leetcode.com/problems/top-k-frequent-words
Google,1219,Path with Maximum Gold,Medium,65.1%,0.8196365222988566,https://leetcode.com/problems/path-with-maximum-gold
Google,724,Find Pivot Index,Easy,44.0%,0.8147968980117636,https://leetcode.com/problems/find-pivot-index
Google,914,X of a Kind in a Deck of Cards,Easy,35.1%,0.8142316388253827,https://leetcode.com/problems/x-of-a-kind-in-a-deck-of-cards
Google,398,Random Pick Index,Medium,56.0%,0.8134073044286906,https://leetcode.com/problems/random-pick-index
Google,148,Sort List,Medium,42.3%,0.8074813963689672,https://leetcode.com/problems/sort-list
Google,118,Pascal's Triangle,Easy,52.5%,0.803944970044604,https://leetcode.com/problems/pascals-triangle
Google,104,Maximum Depth of Binary Tree,Easy,66.0%,0.8025197377077323,https://leetcode.com/problems/maximum-depth-of-binary-tree
Google,658,Find K Closest Elements,Medium,40.9%,0.7930910425507767,https://leetcode.com/problems/find-k-closest-elements
Google,1296,Divide Array in Sets of K Consecutive Numbers,Medium,53.8%,0.7907369966098516,https://leetcode.com/problems/divide-array-in-sets-of-k-consecutive-numbers
Google,303,Range Sum Query - Immutable,Easy,44.7%,0.789789361893211,https://leetcode.com/problems/range-sum-query-immutable
Google,395,Longest Substring with At Least K Repeating Characters,Medium,41.4%,0.789237391605069,https://leetcode.com/problems/longest-substring-with-at-least-k-repeating-characters
Google,1277,Count Square Submatrices with All Ones,Medium,73.3%,0.786569729335201,https://leetcode.com/problems/count-square-submatrices-with-all-ones
Google,802,Find Eventual Safe States,Medium,48.9%,0.7827313001631441,https://leetcode.com/problems/find-eventual-safe-states
Google,231,Power of Two,Easy,43.7%,0.7811365527375519,https://leetcode.com/problems/power-of-two
Google,909,Snakes and Ladders,Medium,38.4%,0.7779674428567601,https://leetcode.com/problems/snakes-and-ladders
Google,13,Roman to Integer,Easy,55.7%,0.7772635358214104,https://leetcode.com/problems/roman-to-integer
Google,268,Missing Number,Easy,51.7%,0.7772085975160996,https://leetcode.com/problems/missing-number
Google,632,Smallest Range Covering Elements from K Lists,Hard,52.4%,0.7767122589059875,https://leetcode.com/problems/smallest-range-covering-elements-from-k-lists
Google,343,Integer Break,Medium,50.4%,0.7715473732272846,https://leetcode.com/problems/integer-break
Google,424,Longest Repeating Character Replacement,Medium,47.0%,0.7713993774596936,https://leetcode.com/problems/longest-repeating-character-replacement
Google,45,Jump Game II,Hard,30.6%,0.7704190358095364,https://leetcode.com/problems/jump-game-ii
Google,421,Maximum XOR of Two Numbers in an Array,Medium,53.5%,0.7687845947655654,https://leetcode.com/problems/maximum-xor-of-two-numbers-in-an-array
Google,153,Find Minimum in Rotated Sorted Array,Medium,45.1%,0.7665829741577406,https://leetcode.com/problems/find-minimum-in-rotated-sorted-array
Google,432,All O`one Data Structure,Hard,32.4%,0.7611889165572873,https://leetcode.com/problems/all-oone-data-structure
Google,887,Super Egg Drop,Hard,27.1%,0.7550319038990971,https://leetcode.com/problems/super-egg-drop
Google,979,Distribute Coins in Binary Tree,Medium,68.9%,0.752091950433346,https://leetcode.com/problems/distribute-coins-in-binary-tree
Google,344,Reverse String,Easy,68.5%,0.7518145621343363,https://leetcode.com/problems/reverse-string
Google,941,Valid Mountain Array,Easy,33.2%,0.7514794905088582,https://leetcode.com/problems/valid-mountain-array
Google,1125,Smallest Sufficient Team,Hard,46.6%,0.7472144018302211,https://leetcode.com/problems/smallest-sufficient-team
Google,312,Burst Balloons,Hard,51.8%,0.7383294033531782,https://leetcode.com/problems/burst-balloons
Google,720,Longest Word in Dictionary,Easy,48.2%,0.7374092707891796,https://leetcode.com/problems/longest-word-in-dictionary
Google,30,Substring with Concatenation of All Words,Hard,25.4%,0.7244336103079323,https://leetcode.com/problems/substring-with-concatenation-of-all-words
Google,430,Flatten a Multilevel Doubly Linked List,Medium,55.1%,0.7229221667439826,https://leetcode.com/problems/flatten-a-multilevel-doubly-linked-list
Google,70,Climbing Stairs,Easy,47.8%,0.7227642401270442,https://leetcode.com/problems/climbing-stairs
Google,1444,Number of Ways of Cutting a Pizza,Hard,52.8%,0.7225130753643099,https://leetcode.com/problems/number-of-ways-of-cutting-a-pizza
Google,210,Course Schedule II,Medium,40.7%,0.7203098969160788,https://leetcode.com/problems/course-schedule-ii
Google,771,Jewels and Stones,Easy,86.4%,0.7192163968992101,https://leetcode.com/problems/jewels-and-stones
Google,742,Closest Leaf in a Binary Tree,Medium,43.6%,0.7191226669632059,https://leetcode.com/problems/closest-leaf-in-a-binary-tree
Google,450,Delete Node in a BST,Medium,43.1%,0.7190027298101302,https://leetcode.com/problems/delete-node-in-a-bst
Google,109,Convert Sorted List to Binary Search Tree,Medium,47.7%,0.7182831538314877,https://leetcode.com/problems/convert-sorted-list-to-binary-search-tree
Google,211,Add and Search Word - Data structure design,Medium,38.1%,0.7175070272224768,https://leetcode.com/problems/add-and-search-word-data-structure-design
Google,804,Unique Morse Code Words,Easy,77.0%,0.7132636772648849,https://leetcode.com/problems/unique-morse-code-words
Google,265,Paint House II,Hard,44.6%,0.7102416139192455,https://leetcode.com/problems/paint-house-ii
Google,759,Employee Free Time,Hard,66.3%,0.6974963641784472,https://leetcode.com/problems/employee-free-time
Google,16,3Sum Closest,Medium,46.0%,0.6926749255334587,https://leetcode.com/problems/3sum-closest
Google,333,Largest BST Subtree,Medium,35.8%,0.6923668449760643,https://leetcode.com/problems/largest-bst-subtree
Google,102,Binary Tree Level Order Traversal,Medium,54.6%,0.6894033967962869,https://leetcode.com/problems/binary-tree-level-order-traversal
Google,18,4Sum,Medium,33.7%,0.6876921707521807,https://leetcode.com/problems/4sum
Google,101,Symmetric Tree,Easy,46.8%,0.6860860621019975,https://leetcode.com/problems/symmetric-tree
Google,9,Palindrome Number,Easy,48.4%,0.6860098818889118,https://leetcode.com/problems/palindrome-number
Google,1326,Minimum Number of Taps to Open to Water a Garden,Hard,43.6%,0.6850826207232149,https://leetcode.com/problems/minimum-number-of-taps-to-open-to-water-a-garden
Google,75,Sort Colors,Medium,47.3%,0.6835921669540121,https://leetcode.com/problems/sort-colors
Google,1477,Find Two Non-overlapping Sub-arrays Each With Target Sum,Medium,30.0%,0.6817741903876753,https://leetcode.com/problems/find-two-non-overlapping-sub-arrays-each-with-target-sum
Google,630,Course Schedule III,Hard,33.5%,0.6756495869389826,https://leetcode.com/problems/course-schedule-iii
Google,1368,Minimum Cost to Make at Least One Valid Path in a Grid,Hard,54.3%,0.6742532311999836,https://leetcode.com/problems/minimum-cost-to-make-at-least-one-valid-path-in-a-grid
Google,968,Binary Tree Cameras,Hard,37.5%,0.669776346792018,https://leetcode.com/problems/binary-tree-cameras
Google,748,Shortest Completing Word,Easy,56.7%,0.6677617158657754,https://leetcode.com/problems/shortest-completing-word
Google,1031,Maximum Sum of Two Non-Overlapping Subarrays,Medium,57.9%,0.6653543039757502,https://leetcode.com/problems/maximum-sum-of-two-non-overlapping-subarrays
Google,143,Reorder List,Medium,37.1%,0.6644936178538985,https://leetcode.com/problems/reorder-list
Google,1023,Camelcase Matching,Medium,57.0%,0.65888823073893,https://leetcode.com/problems/camelcase-matching
Google,219,Contains Duplicate II,Easy,37.7%,0.6566724528102349,https://leetcode.com/problems/contains-duplicate-ii
Google,1165,Single-Row Keyboard,Easy,84.8%,0.6537757969227267,https://leetcode.com/problems/single-row-keyboard
Google,1136,Parallel Courses,Hard,61.1%,0.6518655215866413,https://leetcode.com/problems/parallel-courses
Google,1265,Print Immutable Linked List in Reverse,Medium,94.6%,0.6510759666392583,https://leetcode.com/problems/print-immutable-linked-list-in-reverse
Google,191,Number of 1 Bits,Easy,49.8%,0.6458232201931461,https://leetcode.com/problems/number-of-1-bits
Google,830,Positions of Large Groups,Easy,49.6%,0.6410496663405119,https://leetcode.com/problems/positions-of-large-groups
Google,174,Dungeon Game,Hard,32.3%,0.6333211805928959,https://leetcode.com/problems/dungeon-game
Google,794,Valid Tic-Tac-Toe State,Medium,32.6%,0.6257058997644127,https://leetcode.com/problems/valid-tic-tac-toe-state
Google,587,Erect the Fence,Hard,35.9%,0.6234672599219555,https://leetcode.com/problems/erect-the-fence
Google,647,Palindromic Substrings,Medium,60.6%,0.6134746779188923,https://leetcode.com/problems/palindromic-substrings
Google,278,First Bad Version,Easy,35.7%,0.6123214029306445,https://leetcode.com/problems/first-bad-version
Google,243,Shortest Word Distance,Easy,61.0%,0.611325228812541,https://leetcode.com/problems/shortest-word-distance
Google,864,Shortest Path to Get All Keys,Hard,40.1%,0.6061358035703156,https://leetcode.com/problems/shortest-path-to-get-all-keys
Google,78,Subsets,Medium,62.0%,0.6050016308276642,https://leetcode.com/problems/subsets
Google,160,Intersection of Two Linked Lists,Easy,40.6%,0.6045153022014824,https://leetcode.com/problems/intersection-of-two-linked-lists
Google,1312,Minimum Insertion Steps to Make a String Palindrome,Hard,58.1%,0.6014387540704463,https://leetcode.com/problems/minimum-insertion-steps-to-make-a-string-palindrome
Google,29,Divide Two Integers,Medium,16.4%,0.6000940507494524,https://leetcode.com/problems/divide-two-integers
Google,433,Minimum Genetic Mutation,Medium,41.8%,0.5978370007556205,https://leetcode.com/problems/minimum-genetic-mutation
Google,449,Serialize and Deserialize BST,Medium,52.0%,0.5975814314736569,https://leetcode.com/problems/serialize-and-deserialize-bst
Google,785,Is Graph Bipartite?,Medium,47.5%,0.5968478111038449,https://leetcode.com/problems/is-graph-bipartite
Google,438,Find All Anagrams in a String,Medium,43.3%,0.5966326854877417,https://leetcode.com/problems/find-all-anagrams-in-a-string
Google,799,Champagne Tower,Medium,35.8%,0.5900175637637866,https://leetcode.com/problems/champagne-tower
Google,349,Intersection of Two Arrays,Easy,62.5%,0.5890390891123699,https://leetcode.com/problems/intersection-of-two-arrays
Google,443,String Compression,Easy,41.3%,0.5809942743419542,https://leetcode.com/problems/string-compression
Google,854,K-Similar Strings,Hard,38.2%,0.5809557039657982,https://leetcode.com/problems/k-similar-strings
Google,416,Partition Equal Subset Sum,Medium,43.7%,0.5807341064873648,https://leetcode.com/problems/partition-equal-subset-sum
Google,841,Keys and Rooms,Medium,64.3%,0.5764125934649795,https://leetcode.com/problems/keys-and-rooms
Google,1140,Stone Game II,Medium,63.3%,0.5758202452535439,https://leetcode.com/problems/stone-game-ii
Google,862,Shortest Subarray with Sum at Least K,Hard,24.6%,0.5755650893431007,https://leetcode.com/problems/shortest-subarray-with-sum-at-least-k
Google,195,Tenth Line,Easy,33.0%,0.573288532594267,https://leetcode.com/problems/tenth-line
Google,175,Combine Two Tables,Easy,60.8%,0.5724746159171118,https://leetcode.com/problems/combine-two-tables
Google,933,Number of Recent Calls,Easy,71.9%,0.5684623920757161,https://leetcode.com/problems/number-of-recent-calls
Google,464,Can I Win,Medium,28.8%,0.5678280191954505,https://leetcode.com/problems/can-i-win
Google,409,Longest Palindrome,Easy,50.3%,0.5661573229787376,https://leetcode.com/problems/longest-palindrome
Google,572,Subtree of Another Tree,Easy,44.1%,0.5649315643132164,https://leetcode.com/problems/subtree-of-another-tree
Google,806,Number of Lines To Write String,Easy,64.9%,0.5626323814748484,https://leetcode.com/problems/number-of-lines-to-write-string
Google,81,Search in Rotated Sorted Array II,Medium,33.0%,0.5610425012822097,https://leetcode.com/problems/search-in-rotated-sorted-array-ii
Google,440,K-th Smallest in Lexicographical Order,Hard,29.1%,0.5602862539343905,https://leetcode.com/problems/k-th-smallest-in-lexicographical-order
Google,982,Triples with Bitwise AND Equal To Zero,Hard,55.6%,0.5596157879354227,https://leetcode.com/problems/triples-with-bitwise-and-equal-to-zero
Google,452,Minimum Number of Arrows to Burst Balloons,Medium,49.6%,0.5584397574369148,https://leetcode.com/problems/minimum-number-of-arrows-to-burst-balloons
Google,60,Permutation Sequence,Hard,38.4%,0.556508587092674,https://leetcode.com/problems/permutation-sequence
Google,136,Single Number,Easy,65.5%,0.5514021682362541,https://leetcode.com/problems/single-number
Google,805,Split Array With Same Average,Hard,26.4%,0.5446366736089481,https://leetcode.com/problems/split-array-with-same-average
Google,733,Flood Fill,Easy,55.3%,0.5434516866606699,https://leetcode.com/problems/flood-fill
Google,778,Swim in Rising Water,Hard,53.1%,0.5398245209836887,https://leetcode.com/problems/swim-in-rising-water
Google,321,Create Maximum Number,Hard,27.0%,0.538996500732687,https://leetcode.com/problems/create-maximum-number
Google,301,Remove Invalid Parentheses,Hard,43.3%,0.538844698075849,https://leetcode.com/problems/remove-invalid-parentheses
Google,895,Maximum Frequency Stack,Hard,60.6%,0.535302370192545,https://leetcode.com/problems/maximum-frequency-stack
Google,493,Reverse Pairs,Hard,25.2%,0.5334746755483791,https://leetcode.com/problems/reverse-pairs
Google,51,N-Queens,Hard,46.6%,0.5296554883395482,https://leetcode.com/problems/n-queens
Google,39,Combination Sum,Medium,56.1%,0.5268614501589004,https://leetcode.com/problems/combination-sum
Google,267,Palindrome Permutation II,Medium,36.4%,0.5195071758508175,https://leetcode.com/problems/palindrome-permutation-ii
Google,694,Number of Distinct Islands,Medium,56.0%,0.5158131652770298,https://leetcode.com/problems/number-of-distinct-islands
Google,59,Spiral Matrix II,Medium,53.9%,0.5143212974615246,https://leetcode.com/problems/spiral-matrix-ii
Google,122,Best Time to Buy and Sell Stock II,Easy,57.0%,0.5059751696322412,https://leetcode.com/problems/best-time-to-buy-and-sell-stock-ii
Google,387,First Unique Character in a String,Easy,53.4%,0.5040078459528144,https://leetcode.com/problems/first-unique-character-in-a-string
Google,374,Guess Number Higher or Lower,Easy,43.1%,0.5030585944283311,https://leetcode.com/problems/guess-number-higher-or-lower
Google,542,01 Matrix,Medium,39.8%,0.5024497554251606,https://leetcode.com/problems/01-matrix
Google,386,Lexicographical Numbers,Medium,51.6%,0.49504337366290274,https://leetcode.com/problems/lexicographical-numbers
Google,232,Implement Queue using Stacks,Easy,49.6%,0.4922252130316439,https://leetcode.com/problems/implement-queue-using-stacks
Google,531,Lonely Pixel I,Medium,59.0%,0.49091031406504926,https://leetcode.com/problems/lonely-pixel-i
Google,1060,Missing Element in Sorted Array,Medium,54.5%,0.4903986257668087,https://leetcode.com/problems/missing-element-in-sorted-array
Google,77,Combinations,Medium,54.7%,0.48173592524506076,https://leetcode.com/problems/combinations
Google,1157,Online Majority Element In Subarray,Hard,39.0%,0.4776275543563949,https://leetcode.com/problems/online-majority-element-in-subarray
Google,977,Squares of a Sorted Array,Easy,72.1%,0.47571341818941315,https://leetcode.com/problems/squares-of-a-sorted-array
Google,352,Data Stream as Disjoint Intervals,Hard,47.3%,0.47516062535545167,https://leetcode.com/problems/data-stream-as-disjoint-intervals
Google,690,Employee Importance,Easy,57.3%,0.47447147204946094,https://leetcode.com/problems/employee-importance
Google,456,132 Pattern,Medium,28.9%,0.4713967105019087,https://leetcode.com/problems/132-pattern
Google,26,Remove Duplicates from Sorted Array,Easy,45.1%,0.46886156418268965,https://leetcode.com/problems/remove-duplicates-from-sorted-array
Google,1131,Maximum of Absolute Value Expression,Medium,53.0%,0.46525302648713773,https://leetcode.com/problems/maximum-of-absolute-value-expression
Google,787,Cheapest Flights Within K Stops,Medium,39.3%,0.4541421565034811,https://leetcode.com/problems/cheapest-flights-within-k-stops
Google,420,Strong Password Checker,Hard,14.0%,0.4491177382659011,https://leetcode.com/problems/strong-password-checker
Google,385,Mini Parser,Medium,33.8%,0.44685032427101873,https://leetcode.com/problems/mini-parser
Google,290,Word Pattern,Easy,37.0%,0.4458041633765048,https://leetcode.com/problems/word-pattern
Google,1047,Remove All Adjacent Duplicates In String,Easy,68.6%,0.4417153800092769,https://leetcode.com/problems/remove-all-adjacent-duplicates-in-string
Google,958,Check Completeness of a Binary Tree,Medium,52.1%,0.4382904177212014,https://leetcode.com/problems/check-completeness-of-a-binary-tree
Google,1244,Design A Leaderboard,Medium,60.7%,0.43175436632806186,https://leetcode.com/problems/design-a-leaderboard
Google,716,Max Stack,Easy,42.6%,0.4281075848579242,https://leetcode.com/problems/max-stack
Google,698,Partition to K Equal Sum Subsets,Medium,45.0%,0.42725858927476734,https://leetcode.com/problems/partition-to-k-equal-sum-subsets
Google,125,Valid Palindrome,Easy,36.7%,0.4236129919244878,https://leetcode.com/problems/valid-palindrome
Google,950,Reveal Cards In Increasing Order,Medium,74.6%,0.4213499186481875,https://leetcode.com/problems/reveal-cards-in-increasing-order
Google,741,Cherry Pickup,Hard,33.9%,0.42085002694764384,https://leetcode.com/problems/cherry-pickup
Google,19,Remove Nth Node From End of List,Medium,35.2%,0.41918456338441945,https://leetcode.com/problems/remove-nth-node-from-end-of-list
Google,1091,Shortest Path in Binary Matrix,Medium,38.2%,0.4150651818371836,https://leetcode.com/problems/shortest-path-in-binary-matrix
Google,366,Find Leaves of Binary Tree,Medium,70.6%,0.4130123137435473,https://leetcode.com/problems/find-leaves-of-binary-tree
Google,1504,Count Submatrices With All Ones,Medium,61.7%,0.41262219631325453,https://leetcode.com/problems/count-submatrices-with-all-ones
Google,926,Flip String to Monotone Increasing,Medium,52.3%,0.40755934971127916,https://leetcode.com/problems/flip-string-to-monotone-increasing
Google,719,Find K-th Smallest Pair Distance,Hard,31.5%,0.40316361111988513,https://leetcode.com/problems/find-k-th-smallest-pair-distance
Google,442,Find All Duplicates in an Array,Medium,67.8%,0.4029173360293657,https://leetcode.com/problems/find-all-duplicates-in-an-array
Google,6,ZigZag Conversion,Medium,36.3%,0.4024284396463993,https://leetcode.com/problems/zigzag-conversion
Google,435,Non-overlapping Intervals,Medium,42.9%,0.3995537608451072,https://leetcode.com/problems/non-overlapping-intervals
Google,350,Intersection of Two Arrays II,Easy,51.4%,0.3862578370510425,https://leetcode.com/problems/intersection-of-two-arrays-ii
Google,790,Domino and Tromino Tiling,Medium,39.2%,0.3856624808119847,https://leetcode.com/problems/domino-and-tromino-tiling
Google,1188,Design Bounded Blocking Queue,Medium,70.5%,0.3828597229337993,https://leetcode.com/problems/design-bounded-blocking-queue
Google,216,Combination Sum III,Medium,56.6%,0.38057236114118675,https://leetcode.com/problems/combination-sum-iii
Google,141,Linked List Cycle,Easy,41.1%,0.3803918123400481,https://leetcode.com/problems/linked-list-cycle
Google,834,Sum of Distances in Tree,Hard,43.7%,0.37918622364432397,https://leetcode.com/problems/sum-of-distances-in-tree
Google,662,Maximum Width of Binary Tree,Medium,41.0%,0.37731747857553355,https://leetcode.com/problems/maximum-width-of-binary-tree
Google,924,Minimize Malware Spread,Hard,42.0%,0.3764775712349121,https://leetcode.com/problems/minimize-malware-spread
Google,24,Swap Nodes in Pairs,Medium,50.4%,0.3722036149739704,https://leetcode.com/problems/swap-nodes-in-pairs
Google,445,Add Two Numbers II,Medium,54.5%,0.3692506244038094,https://leetcode.com/problems/add-two-numbers-ii
Google,1463,Cherry Pickup II,Hard,65.7%,0.36745148140812023,https://leetcode.com/problems/cherry-pickup-ii
Google,1345,Jump Game IV,Hard,38.0%,0.363133899796418,https://leetcode.com/problems/jump-game-iv
Google,504,Base 7,Easy,46.2%,0.36260140367638205,https://leetcode.com/problems/base-7
Google,28,Implement strStr(),Easy,34.5%,0.36158188951156656,https://leetcode.com/problems/implement-strstr
Google,1223,Dice Roll Simulation,Medium,45.6%,0.35774963506849783,https://leetcode.com/problems/dice-roll-simulation
Google,689,Maximum Sum of 3 Non-Overlapping Subarrays,Hard,46.3%,0.3548982185675815,https://leetcode.com/problems/maximum-sum-of-3-non-overlapping-subarrays
Google,859,Buddy Strings,Easy,27.4%,0.34855697583628487,https://leetcode.com/problems/buddy-strings
Google,726,Number of Atoms,Hard,49.0%,0.34442921752179523,https://leetcode.com/problems/number-of-atoms
Google,483,Smallest Good Base,Hard,35.7%,0.3393540829961018,https://leetcode.com/problems/smallest-good-base
Google,451,Sort Characters By Frequency,Medium,63.0%,0.33685046933339546,https://leetcode.com/problems/sort-characters-by-frequency
Google,821,Shortest Distance to a Character,Easy,66.9%,0.33395175639587793,https://leetcode.com/problems/shortest-distance-to-a-character
Google,960,Delete Columns to Make Sorted III,Hard,53.6%,0.33363937353690887,https://leetcode.com/problems/delete-columns-to-make-sorted-iii
Google,426,Convert Binary Search Tree to Sorted Doubly Linked List,Medium,59.1%,0.3308542443169896,https://leetcode.com/problems/convert-binary-search-tree-to-sorted-doubly-linked-list
Google,323,Number of Connected Components in an Undirected Graph,Medium,56.0%,0.32984288327605893,https://leetcode.com/problems/number-of-connected-components-in-an-undirected-graph
Google,448,Find All Numbers Disappeared in an Array,Easy,55.9%,0.3274291092466606,https://leetcode.com/problems/find-all-numbers-disappeared-in-an-array
Google,1062,Longest Repeating Substring,Medium,57.2%,0.32609152056665214,https://leetcode.com/problems/longest-repeating-substring
Google,368,Largest Divisible Subset,Medium,38.0%,0.32027305846942417,https://leetcode.com/problems/largest-divisible-subset
Google,272,Closest Binary Search Tree Value II,Hard,50.5%,0.3195226783074397,https://leetcode.com/problems/closest-binary-search-tree-value-ii
Google,237,Delete Node in a Linked List,Easy,63.8%,0.31675250171694064,https://leetcode.com/problems/delete-node-in-a-linked-list
Google,88,Merge Sorted Array,Easy,39.4%,0.31099870848890615,https://leetcode.com/problems/merge-sorted-array
Google,119,Pascal's Triangle II,Easy,49.0%,0.3089177489146835,https://leetcode.com/problems/pascals-triangle-ii
Google,706,Design HashMap,Easy,61.3%,0.30607943759149703,https://leetcode.com/problems/design-hashmap
Google,113,Path Sum II,Medium,46.7%,0.3030501026800949,https://leetcode.com/problems/path-sum-ii
Google,987,Vertical Order Traversal of a Binary Tree,Medium,36.6%,0.30230623809780655,https://leetcode.com/problems/vertical-order-traversal-of-a-binary-tree
Google,564,Find the Closest Palindrome,Hard,19.7%,0.3007541540191337,https://leetcode.com/problems/find-the-closest-palindrome
Google,131,Palindrome Partitioning,Medium,47.5%,0.3001175559774547,https://leetcode.com/problems/palindrome-partitioning
Google,703,Kth Largest Element in a Stream,Easy,49.7%,0.3000268349758617,https://leetcode.com/problems/kth-largest-element-in-a-stream
Google,204,Count Primes,Easy,31.5%,0.29844719891360566,https://leetcode.com/problems/count-primes
Google,1229,Meeting Scheduler,Medium,52.7%,0.2955601745092634,https://leetcode.com/problems/meeting-scheduler
Google,992,Subarrays with K Different Integers,Hard,48.6%,0.2921489894831175,https://leetcode.com/problems/subarrays-with-k-different-integers
Google,74,Search a 2D Matrix,Medium,36.5%,0.29107845681405486,https://leetcode.com/problems/search-a-2d-matrix
Google,1021,Remove Outermost Parentheses,Easy,78.0%,0.2893377019690421,https://leetcode.com/problems/remove-outermost-parentheses
Google,758,Bold Words in String,Easy,46.0%,0.2835752904991275,https://leetcode.com/problems/bold-words-in-string
Google,82,Remove Duplicates from Sorted List II,Medium,36.8%,0.28244645839783594,https://leetcode.com/problems/remove-duplicates-from-sorted-list-ii
Google,328,Odd Even Linked List,Medium,55.7%,0.28080059393536966,https://leetcode.com/problems/odd-even-linked-list
Google,1206,Design Skiplist,Hard,57.3%,0.27958486221916157,https://leetcode.com/problems/design-skiplist
Google,525,Contiguous Array,Medium,42.8%,0.2770270045517302,https://leetcode.com/problems/contiguous-array
Google,730,Count Different Palindromic Subsequences,Hard,41.8%,0.2744368457017603,https://leetcode.com/problems/count-different-palindromic-subsequences
Google,765,Couples Holding Hands,Hard,54.3%,0.27380672595816385,https://leetcode.com/problems/couples-holding-hands
Google,1237,Find Positive Integer Solution for a Given Equation,Easy,69.7%,0.27239954676797734,https://leetcode.com/problems/find-positive-integer-solution-for-a-given-equation
Google,886,Possible Bipartition,Medium,44.2%,0.2717271935192969,https://leetcode.com/problems/possible-bipartition
Google,1203,Sort Items by Groups Respecting Dependencies,Hard,47.6%,0.2711095169699942,https://leetcode.com/problems/sort-items-by-groups-respecting-dependencies
Google,949,Largest Time for Given Digits,Easy,35.8%,0.2686990844985702,https://leetcode.com/problems/largest-time-for-given-digits
Google,1155,Number of Dice Rolls With Target Sum,Medium,49.0%,0.2664662333015083,https://leetcode.com/problems/number-of-dice-rolls-with-target-sum
Google,567,Permutation in String,Medium,44.4%,0.2661799596792269,https://leetcode.com/problems/permutation-in-string
Google,764,Largest Plus Sign,Medium,46.0%,0.26159729523649006,https://leetcode.com/problems/largest-plus-sign
Google,35,Search Insert Position,Easy,42.6%,0.2608942296031672,https://leetcode.com/problems/search-insert-position
Google,1114,Print in Order,Easy,65.7%,0.2548922496287901,https://leetcode.com/problems/print-in-order
Google,371,Sum of Two Integers,Medium,50.7%,0.2521796503429838,https://leetcode.com/problems/sum-of-two-integers
Google,621,Task Scheduler,Medium,50.1%,0.24973714088765747,https://leetcode.com/problems/task-scheduler
Google,530,Minimum Absolute Difference in BST,Easy,53.8%,0.24715209136621874,https://leetcode.com/problems/minimum-absolute-difference-in-bst
Google,622,Design Circular Queue,Medium,43.8%,0.2454927324105261,https://leetcode.com/problems/design-circular-queue
Google,980,Unique Paths III,Hard,73.3%,0.245122458032985,https://leetcode.com/problems/unique-paths-iii
Google,185,Department Top Three Salaries,Hard,34.5%,0.2428032059894028,https://leetcode.com/problems/department-top-three-salaries
Google,501,Find Mode in Binary Search Tree,Easy,42.4%,0.24083782012126176,https://leetcode.com/problems/find-mode-in-binary-search-tree
Google,402,Remove K Digits,Medium,28.4%,0.24067603007585034,https://leetcode.com/problems/remove-k-digits
Google,87,Scramble String,Hard,33.7%,0.24038535774871578,https://leetcode.com/problems/scramble-string
Google,496,Next Greater Element I,Easy,63.8%,0.23831034385769945,https://leetcode.com/problems/next-greater-element-i
Google,747,Largest Number At Least Twice of Others,Easy,42.0%,0.23732818630616617,https://leetcode.com/problems/largest-number-at-least-twice-of-others
Google,176,Second Highest Salary,Easy,31.6%,0.2367792886617929,https://leetcode.com/problems/second-highest-salary
Google,665,Non-decreasing Array,Easy,19.5%,0.23531936993140348,https://leetcode.com/problems/non-decreasing-array
Google,925,Long Pressed Name,Easy,40.5%,0.2342881158672749,https://leetcode.com/problems/long-pressed-name
Google,397,Integer Replacement,Medium,32.9%,0.2322522675124501,https://leetcode.com/problems/integer-replacement
Google,129,Sum Root to Leaf Numbers,Medium,49.1%,0.2308064240597789,https://leetcode.com/problems/sum-root-to-leaf-numbers
Google,377,Combination Sum IV,Medium,45.3%,0.22987191984289432,https://leetcode.com/problems/combination-sum-iv
Google,1044,Longest Duplicate Substring,Hard,31.9%,0.22891464780613163,https://leetcode.com/problems/longest-duplicate-substring
Google,768,Max Chunks To Make Sorted II,Hard,48.7%,0.22767870647960103,https://leetcode.com/problems/max-chunks-to-make-sorted-ii
Google,313,Super Ugly Number,Medium,45.0%,0.22252030417655333,https://leetcode.com/problems/super-ugly-number
Google,942,DI String Match,Easy,72.6%,0.22018350968573291,https://leetcode.com/problems/di-string-match
Google,931,Minimum Falling Path Sum,Medium,62.5%,0.21812080268374587,https://leetcode.com/problems/minimum-falling-path-sum
Google,192,Word Frequency,Medium,25.8%,0.21614863444241852,https://leetcode.com/problems/word-frequency
Google,832,Flipping an Image,Easy,76.2%,0.21201171094536553,https://leetcode.com/problems/flipping-an-image
Google,503,Next Greater Element II,Medium,56.5%,0.20963047971710957,https://leetcode.com/problems/next-greater-element-ii
Google,952,Largest Component Size by Common Factor,Hard,30.3%,0.20692071580732246,https://leetcode.com/problems/largest-component-size-by-common-factor
Google,875,Koko Eating Bananas,Medium,52.1%,0.20615016122677673,https://leetcode.com/problems/koko-eating-bananas
Google,145,Binary Tree Postorder Traversal,Hard,55.0%,0.20552748140927155,https://leetcode.com/problems/binary-tree-postorder-traversal
Google,1138,Alphabet Board Path,Medium,48.4%,0.20526312603636132,https://leetcode.com/problems/alphabet-board-path
Google,839,Similar String Groups,Hard,38.6%,0.2032282416132683,https://leetcode.com/problems/similar-string-groups
Google,1254,Number of Closed Islands,Medium,60.5%,0.20312468442371787,https://leetcode.com/problems/number-of-closed-islands
Google,179,Largest Number,Medium,28.8%,0.20162217031985052,https://leetcode.com/problems/largest-number
Google,234,Palindrome Linked List,Easy,39.3%,0.2010217538033921,https://leetcode.com/problems/palindrome-linked-list
Google,190,Reverse Bits,Easy,39.8%,0.2003539760062614,https://leetcode.com/problems/reverse-bits
Google,714,Best Time to Buy and Sell Stock with Transaction Fee,Medium,54.7%,0.19966567025192705,https://leetcode.com/problems/best-time-to-buy-and-sell-stock-with-transaction-fee
Google,477,Total Hamming Distance,Medium,50.4%,0.19966567025192705,https://leetcode.com/problems/total-hamming-distance
Google,1095,Find in Mountain Array,Hard,35.8%,0.1989185047760601,https://leetcode.com/problems/find-in-mountain-array
Google,827,Making A Large Island,Hard,45.7%,0.1980128865886302,https://leetcode.com/problems/making-a-large-island
Google,705,Design HashSet,Easy,64.3%,0.19578302313828744,https://leetcode.com/problems/design-hashset
Google,1286,Iterator for Combination,Medium,68.2%,0.1950000150537256,https://leetcode.com/problems/iterator-for-combination
Google,791,Custom Sort String,Medium,65.7%,0.1922835495227023,https://leetcode.com/problems/custom-sort-string
Google,1161,Maximum Level Sum of a Binary Tree,Medium,72.2%,0.19218058535585741,https://leetcode.com/problems/maximum-level-sum-of-a-binary-tree
Google,1209,Remove All Adjacent Duplicates in String II,Medium,56.9%,0.19197498849459727,https://leetcode.com/problems/remove-all-adjacent-duplicates-in-string-ii
Google,863,All Nodes Distance K in Binary Tree,Medium,55.4%,0.19019980471738818,https://leetcode.com/problems/all-nodes-distance-k-in-binary-tree
Google,114,Flatten Binary Tree to Linked List,Medium,49.3%,0.19007687356143277,https://leetcode.com/problems/flatten-binary-tree-to-linked-list
Google,678,Valid Parenthesis String,Medium,31.0%,0.1879537610768114,https://leetcode.com/problems/valid-parenthesis-string
Google,100,Same Tree,Easy,53.4%,0.18473155681698394,https://leetcode.com/problems/same-tree
Google,1466,Reorder Routes to Make All Paths Lead to the City Zero,Medium,63.5%,0.18400364297693944,https://leetcode.com/problems/reorder-routes-to-make-all-paths-lead-to-the-city-zero
Google,27,Remove Element,Easy,48.2%,0.1824698257541195,https://leetcode.com/problems/remove-element
Google,547,Friend Circles,Medium,58.6%,0.17970355268064825,https://leetcode.com/problems/friend-circles
Google,83,Remove Duplicates from Sorted List,Easy,45.4%,0.17630177461145108,https://leetcode.com/problems/remove-duplicates-from-sorted-list
Google,331,Verify Preorder Serialization of a Binary Tree,Medium,40.4%,0.17152193955024905,https://leetcode.com/problems/verify-preorder-serialization-of-a-binary-tree
Google,144,Binary Tree Preorder Traversal,Medium,55.7%,0.1697556778961483,https://leetcode.com/problems/binary-tree-preorder-traversal
Google,940,Distinct Subsequences II,Hard,41.5%,0.16917873135476025,https://leetcode.com/problems/distinct-subsequences-ii
Google,309,Best Time to Buy and Sell Stock with Cooldown,Medium,47.4%,0.16775633188303693,https://leetcode.com/problems/best-time-to-buy-and-sell-stock-with-cooldown
Google,330,Patching Array,Hard,34.5%,0.1670540846631662,https://leetcode.com/problems/patching-array
Google,1143,Longest Common Subsequence,Medium,58.4%,0.1652774908136902,https://leetcode.com/problems/longest-common-subsequence
Google,639,Decode Ways II,Hard,26.6%,0.1599143845440084,https://leetcode.com/problems/decode-ways-ii
Google,404,Sum of Left Leaves,Easy,50.9%,0.15911645633949173,https://leetcode.com/problems/sum-of-left-leaves
Google,151,Reverse Words in a String,Medium,21.9%,0.15669727732654176,https://leetcode.com/problems/reverse-words-in-a-string
Google,965,Univalued Binary Tree,Easy,67.7%,0.15663732380491052,https://leetcode.com/problems/univalued-binary-tree
Google,1366,Rank Teams by Votes,Medium,53.8%,0.15575452940923282,https://leetcode.com/problems/rank-teams-by-votes
Google,326,Power of Three,Easy,42.1%,0.15523716814199412,https://leetcode.com/problems/power-of-three
Google,414,Third Maximum Number,Easy,30.5%,0.15407631103237035,https://leetcode.com/problems/third-maximum-number
Google,314,Binary Tree Vertical Order Traversal,Medium,45.3%,0.15148600467306356,https://leetcode.com/problems/binary-tree-vertical-order-traversal
Google,1483,Kth Ancestor of a Tree Node,Hard,27.6%,0.14588927347112293,https://leetcode.com/problems/kth-ancestor-of-a-tree-node
Google,713,Subarray Product Less Than K,Medium,39.1%,0.14543583198422752,https://leetcode.com/problems/subarray-product-less-than-k
Google,181,Employees Earning More Than Their Managers,Easy,56.9%,0.1445812288111076,https://leetcode.com/problems/employees-earning-more-than-their-managers
Google,1102,Path With Maximum Minimum Value,Medium,49.2%,0.1444815825552332,https://leetcode.com/problems/path-with-maximum-minimum-value
Google,936,Stamping The Sequence,Hard,42.8%,0.14310084364067333,https://leetcode.com/problems/stamping-the-sequence
Google,67,Add Binary,Easy,45.2%,0.13986861183823335,https://leetcode.com/problems/add-binary
Google,554,Brick Wall,Medium,50.0%,0.1384696742651052,https://leetcode.com/problems/brick-wall
Google,1029,Two City Scheduling,Easy,56.1%,0.13804422079620546,https://leetcode.com/problems/two-city-scheduling
Google,934,Shortest Bridge,Medium,48.2%,0.1370833871926172,https://leetcode.com/problems/shortest-bridge
Google,938,Range Sum of BST,Easy,81.3%,0.13320152292006351,https://leetcode.com/problems/range-sum-of-bst
Google,199,Binary Tree Right Side View,Medium,54.1%,0.13319296807660722,https://leetcode.com/problems/binary-tree-right-side-view
Google,668,Kth Smallest Number in Multiplication Table,Hard,45.6%,0.1330864537962701,https://leetcode.com/problems/kth-smallest-number-in-multiplication-table
Google,123,Best Time to Buy and Sell Stock III,Hard,37.5%,0.12991500860874672,https://leetcode.com/problems/best-time-to-buy-and-sell-stock-iii
Google,1025,Divisor Game,Easy,66.3%,0.12765181191244845,https://leetcode.com/problems/divisor-game
Google,80,Remove Duplicates from Sorted Array II,Medium,44.0%,0.12604072089536503,https://leetcode.com/problems/remove-duplicates-from-sorted-array-ii
Google,1218,Longest Arithmetic Subsequence of Given Difference,Medium,44.6%,0.12344419109112172,https://leetcode.com/problems/longest-arithmetic-subsequence-of-given-difference
Google,177,Nth Highest Salary,Medium,31.4%,0.12247703235966204,https://leetcode.com/problems/nth-highest-salary
Google,92,Reverse Linked List II,Medium,38.8%,0.12080664535613118,https://leetcode.com/problems/reverse-linked-list-ii
Google,1123,Lowest Common Ancestor of Deepest Leaves,Medium,66.8%,0.12035544138590286,https://leetcode.com/problems/lowest-common-ancestor-of-deepest-leaves
Google,1122,Relative Sort Array,Easy,67.7%,0.11712012545643594,https://leetcode.com/problems/relative-sort-array
Google,948,Bag of Tokens,Medium,40.8%,0.1157359520346586,https://leetcode.com/problems/bag-of-tokens
Google,812,Largest Triangle Area,Easy,58.3%,0.11506932978478719,https://leetcode.com/problems/largest-triangle-area
Google,487,Max Consecutive Ones II,Medium,48.5%,0.11477551459242817,https://leetcode.com/problems/max-consecutive-ones-ii
Google,669,Trim a Binary Search Tree,Easy,63.0%,0.11401857840094087,https://leetcode.com/problems/trim-a-binary-search-tree
Google,674,Longest Continuous Increasing Subsequence,Easy,45.9%,0.11324303587009586,https://leetcode.com/problems/longest-continuous-increasing-subsequence
Google,780,Reaching Points,Hard,29.4%,0.11233744121460561,https://leetcode.com/problems/reaching-points
Google,40,Combination Sum II,Medium,48.2%,0.11145356111123644,https://leetcode.com/problems/combination-sum-ii
Google,1447,Simplified Fractions,Medium,61.0%,0.1090999130829226,https://leetcode.com/problems/simplified-fractions
Google,467,Unique Substrings in Wraparound String,Medium,35.6%,0.10734155493596446,https://leetcode.com/problems/unique-substrings-in-wraparound-string
Google,872,Leaf-Similar Trees,Easy,64.5%,0.1047858919100548,https://leetcode.com/problems/leaf-similar-trees
Google,142,Linked List Cycle II,Medium,37.3%,0.10019322804117618,https://leetcode.com/problems/linked-list-cycle-ii
Google,717,1-bit and 2-bit Characters,Easy,48.8%,0.09745990610645301,https://leetcode.com/problems/1-bit-and-2-bit-characters
Google,735,Asteroid Collision,Medium,41.0%,0.09542395191890234,https://leetcode.com/problems/asteroid-collision
Google,983,Minimum Cost For Tickets,Medium,60.5%,0.09525339549949145,https://leetcode.com/problems/minimum-cost-for-tickets
Google,583,Delete Operation for Two Strings,Medium,48.6%,0.09510858722224913,https://leetcode.com/problems/delete-operation-for-two-strings
Google,559,Maximum Depth of N-ary Tree,Easy,68.7%,0.09468302393554026,https://leetcode.com/problems/maximum-depth-of-n-ary-tree
Google,881,Boats to Save People,Medium,46.8%,0.09450889771017068,https://leetcode.com/problems/boats-to-save-people
Google,701,Insert into a Binary Search Tree,Medium,77.7%,0.09328160107069587,https://leetcode.com/problems/insert-into-a-binary-search-tree
Google,257,Binary Tree Paths,Easy,51.5%,0.09040028430515686,https://leetcode.com/problems/binary-tree-paths
Google,367,Valid Perfect Square,Easy,41.7%,0.09021620582372886,https://leetcode.com/problems/valid-perfect-square
Google,474,Ones and Zeroes,Medium,42.8%,0.08829260714567831,https://leetcode.com/problems/ones-and-zeroes
Google,1108,Defanging an IP Address,Easy,87.5%,0.08632116644802212,https://leetcode.com/problems/defanging-an-ip-address
Google,682,Baseball Game,Easy,63.7%,0.0851175150048191,https://leetcode.com/problems/baseball-game
Google,1245,Tree Diameter,Medium,60.1%,0.08338160893905106,https://leetcode.com/problems/tree-diameter
Google,1192,Critical Connections in a Network,Hard,48.6%,0.08169138321871633,https://leetcode.com/problems/critical-connections-in-a-network
Google,581,Shortest Unsorted Continuous Subarray,Easy,31.1%,0.08061081614588511,https://leetcode.com/problems/shortest-unsorted-continuous-subarray
Google,103,Binary Tree Zigzag Level Order Traversal,Medium,48.3%,0.08046023391882479,https://leetcode.com/problems/binary-tree-zigzag-level-order-traversal
Google,1325,Delete Leaves With a Given Value,Medium,73.0%,0.07663322602091599,https://leetcode.com/problems/delete-leaves-with-a-given-value
Google,203,Remove Linked List Elements,Easy,38.6%,0.07661491101784772,https://leetcode.com/problems/remove-linked-list-elements
Google,989,Add to Array-Form of Integer,Easy,44.2%,0.07208884919207953,https://leetcode.com/problems/add-to-array-form-of-integer
Google,523,Continuous Subarray Sum,Medium,24.6%,0.07166389251403688,https://leetcode.com/problems/continuous-subarray-sum
Google,1300,Sum of Mutated Array Closest to Target,Medium,44.2%,0.07008120825318372,https://leetcode.com/problems/sum-of-mutated-array-closest-to-target
Google,657,Robot Return to Origin,Easy,73.5%,0.06825676545444917,https://leetcode.com/problems/robot-return-to-origin
Google,494,Target Sum,Medium,46.3%,0.06721153055721414,https://leetcode.com/problems/target-sum
Google,1027,Longest Arithmetic Sequence,Medium,53.4%,0.06693948267510934,https://leetcode.com/problems/longest-arithmetic-sequence
Google,997,Find the Town Judge,Easy,50.1%,0.06548984513511495,https://leetcode.com/problems/find-the-town-judge
Google,1105,Filling Bookcase Shelves,Medium,58.1%,0.06464285626208545,https://leetcode.com/problems/filling-bookcase-shelves
Google,485,Max Consecutive Ones,Easy,54.6%,0.06323871592532454,https://leetcode.com/problems/max-consecutive-ones
Google,154,Find Minimum in Rotated Sorted Array II,Hard,41.6%,0.0624300068584125,https://leetcode.com/problems/find-minimum-in-rotated-sorted-array-ii
Google,811,Subdomain Visit Count,Easy,69.9%,0.06132711569850354,https://leetcode.com/problems/subdomain-visit-count
Google,472,Concatenated Words,Hard,43.7%,0.06120196522807572,https://leetcode.com/problems/concatenated-words
Google,905,Sort Array By Parity,Easy,74.1%,0.058564742549882025,https://leetcode.com/problems/sort-array-by-parity
Google,1233,Remove Sub-Folders from the Filesystem,Medium,59.5%,0.057076831135436705,https://leetcode.com/problems/remove-sub-folders-from-the-filesystem
Google,1424,Diagonal Traverse II,Medium,42.4%,0.051227589206673384,https://leetcode.com/problems/diagonal-traverse-ii
Google,1267,Count Servers that Communicate,Medium,57.9%,0.04902942724031861,https://leetcode.com/problems/count-servers-that-communicate
Google,357,Count Numbers with Unique Digits,Medium,48.4%,0.04593229889743518,https://leetcode.com/problems/count-numbers-with-unique-digits
Google,654,Maximum Binary Tree,Medium,79.9%,0.045786227004095396,https://leetcode.com/problems/maximum-binary-tree
Google,1099,Two Sum Less Than K,Easy,60.6%,0.04510347333459475,https://leetcode.com/problems/two-sum-less-than-k
Google,680,Valid Palindrome II,Easy,36.6%,0.04470617503841694,https://leetcode.com/problems/valid-palindrome-ii
Google,1026,Maximum Difference Between Node and Ancestor,Medium,66.0%,0.04467244005159257,https://leetcode.com/problems/maximum-difference-between-node-and-ancestor
Google,901,Online Stock Span,Medium,60.2%,0.041423317448777336,https://leetcode.com/problems/online-stock-span
Google,1235,Maximum Profit in Job Scheduling,Hard,44.0%,0.040573516447166516,https://leetcode.com/problems/maximum-profit-in-job-scheduling
Google,819,Most Common Word,Easy,44.8%,0.0404606389166018,https://leetcode.com/problems/most-common-word
Google,1167,Minimum Cost to Connect Sticks,Medium,62.8%,0.03937516523483013,https://leetcode.com/problems/minimum-cost-to-connect-sticks
Google,643,Maximum Average Subarray I,Easy,41.5%,0.03683657735649026,https://leetcode.com/problems/maximum-average-subarray-i
Google,468,Validate IP Address,Medium,24.1%,0.0344861760711693,https://leetcode.com/problems/validate-ip-address
Google,1079,Letter Tile Possibilities,Medium,75.4%,0.0333364202675918,https://leetcode.com/problems/letter-tile-possibilities
Google,814,Binary Tree Pruning,Medium,74.5%,0.03113091859517317,https://leetcode.com/problems/binary-tree-pruning
Google,1179,Reformat Department Table,Easy,80.6%,0.030653741091002412,https://leetcode.com/problems/reformat-department-table
Google,779,K-th Symbol in Grammar,Medium,37.2%,0.029050699422092676,https://leetcode.com/problems/k-th-symbol-in-grammar
Google,917,Reverse Only Letters,Easy,58.0%,0.0286552557603761,https://leetcode.com/problems/reverse-only-letters
Google,709,To Lower Case,Easy,79.3%,0.02780531308033682,https://leetcode.com/problems/to-lower-case
Google,1342,Number of Steps to Reduce a Number to Zero,Easy,86.3%,0.027616528967847002,https://leetcode.com/problems/number-of-steps-to-reduce-a-number-to-zero
Google,783,Minimum Distance Between BST Nodes,Easy,52.6%,0.026196651946570663,https://leetcode.com/problems/minimum-distance-between-bst-nodes
Google,1051,Height Checker,Easy,71.1%,0.02562053032534798,https://leetcode.com/problems/height-checker
Google,541,Reverse String II,Easy,48.4%,0.025349899895526405,https://leetcode.com/problems/reverse-string-ii
Google,1089,Duplicate Zeros,Easy,52.9%,0.019397159882735136,https://leetcode.com/problems/duplicate-zeros
Google,1365,How Many Numbers Are Smaller Than the Current Number,Easy,85.6%,0.015926721367078105,https://leetcode.com/problems/how-many-numbers-are-smaller-than-the-current-number
Google,1313,Decompress Run-Length Encoded List,Easy,85.1%,0.012088391385967972,https://leetcode.com/problems/decompress-run-length-encoded-list
Google,1281,Subtract the Product and Sum of Digits of an Integer,Easy,85.2%,0.01090820742546429,https://leetcode.com/problems/subtract-the-product-and-sum-of-digits-of-an-integer
Google,1480,Running Sum of 1d Array,Easy,90.5%,0.010437827166841182,https://leetcode.com/problems/running-sum-of-1d-array
Google,700,Search in a Binary Search Tree,Easy,73.1%,0.008512500860171227,https://leetcode.com/problems/search-in-a-binary-search-tree
Google,1530,Number of Good Leaf Nodes Pairs,Medium,53.6%,0.005780362915499436,https://leetcode.com/problems/number-of-good-leaf-nodes-pairs
Google,545,Boundary of Binary Tree,Medium,38.9%,0,https://leetcode.com/problems/boundary-of-binary-tree
Google,644,Maximum Average Subarray II,Hard,32.0%,0,https://leetcode.com/problems/maximum-average-subarray-ii
Google,481,Magical String,Medium,47.5%,0,https://leetcode.com/problems/magical-string
Google,506,Relative Ranks,Easy,50.5%,0,https://leetcode.com/problems/relative-ranks
Google,514,Freedom Trail,Hard,43.0%,0,https://leetcode.com/problems/freedom-trail
Google,520,Detect Capital,Easy,54.2%,0,https://leetcode.com/problems/detect-capital
Google,521,Longest Uncommon Subsequence I,Easy,57.6%,0,https://leetcode.com/problems/longest-uncommon-subsequence-i
Google,522,Longest Uncommon Subsequence II,Medium,34.0%,0,https://leetcode.com/problems/longest-uncommon-subsequence-ii
Google,526,Beautiful Arrangement,Medium,57.8%,0,https://leetcode.com/problems/beautiful-arrangement
Google,533,Lonely Pixel II,Medium,47.9%,0,https://leetcode.com/problems/lonely-pixel-ii
Google,569,Median Employee Salary,Hard,57.7%,0,https://leetcode.com/problems/median-employee-salary
Google,638,Shopping Offers,Medium,51.5%,0,https://leetcode.com/problems/shopping-offers
Google,651,4 Keys Keyboard,Medium,52.5%,0,https://leetcode.com/problems/4-keys-keyboard
Google,656,Coin Path,Hard,29.0%,0,https://leetcode.com/problems/coin-path
Google,667,Beautiful Arrangement II,Medium,54.3%,0,https://leetcode.com/problems/beautiful-arrangement-ii
Google,756,Pyramid Transition Matrix,Medium,54.6%,0,https://leetcode.com/problems/pyramid-transition-matrix
Google,782,Transform to Chessboard,Hard,46.5%,0,https://leetcode.com/problems/transform-to-chessboard
Google,789,Escape The Ghosts,Medium,57.4%,0,https://leetcode.com/problems/escape-the-ghosts
Google,808,Soup Servings,Medium,39.9%,0,https://leetcode.com/problems/soup-servings
Google,813,Largest Sum of Averages,Medium,49.9%,0,https://leetcode.com/problems/largest-sum-of-averages
Google,816,Ambiguous Coordinates,Medium,47.2%,0,https://leetcode.com/problems/ambiguous-coordinates
Google,838,Push Dominoes,Medium,48.5%,0,https://leetcode.com/problems/push-dominoes
Google,847,Shortest Path Visiting All Nodes,Hard,52.0%,0,https://leetcode.com/problems/shortest-path-visiting-all-nodes
Google,879,Profitable Schemes,Hard,39.8%,0,https://leetcode.com/problems/profitable-schemes
Google,519,Random Flip Matrix,Medium,36.7%,0,https://leetcode.com/problems/random-flip-matrix
Google,906,Super Palindromes,Hard,32.7%,0,https://leetcode.com/problems/super-palindromes
Google,916,Word Subsets,Medium,47.8%,0,https://leetcode.com/problems/word-subsets
Google,944,Delete Columns to Make Sorted,Easy,70.3%,0,https://leetcode.com/problems/delete-columns-to-make-sorted
Google,919,Complete Binary Tree Inserter,Medium,57.3%,0,https://leetcode.com/problems/complete-binary-tree-inserter
Google,954,Array of Doubled Pairs,Medium,35.6%,0,https://leetcode.com/problems/array-of-doubled-pairs
Google,955,Delete Columns to Make Sorted II,Medium,33.2%,0,https://leetcode.com/problems/delete-columns-to-make-sorted-ii
Google,962,Maximum Width Ramp,Medium,45.4%,0,https://leetcode.com/problems/maximum-width-ramp
Google,988,Smallest String Starting From Leaf,Medium,46.1%,0,https://leetcode.com/problems/smallest-string-starting-from-leaf
Google,1059,All Paths from Source Lead to Destination,Medium,44.7%,0,https://leetcode.com/problems/all-paths-from-source-lead-to-destination
Google,1012,Numbers With Repeated Digits,Hard,37.5%,0,https://leetcode.com/problems/numbers-with-repeated-digits
Google,1015,Smallest Integer Divisible by K,Medium,32.1%,0,https://leetcode.com/problems/smallest-integer-divisible-by-k
Google,1016,Binary String With Substrings Representing 1 To N,Medium,58.8%,0,https://leetcode.com/problems/binary-string-with-substrings-representing-1-to-n
Google,1020,Number of Enclaves,Medium,57.8%,0,https://leetcode.com/problems/number-of-enclaves
Google,1037,Valid Boomerang,Easy,37.9%,0,https://leetcode.com/problems/valid-boomerang
Google,1182,Shortest Distance to Target Color,Medium,52.8%,0,https://leetcode.com/problems/shortest-distance-to-target-color
Google,1199,Minimum Time to Build Blocks,Hard,37.4%,0,https://leetcode.com/problems/minimum-time-to-build-blocks
Google,1078,Occurrences After Bigram,Easy,64.7%,0,https://leetcode.com/problems/occurrences-after-bigram
Google,1090,Largest Values From Labels,Medium,58.9%,0,https://leetcode.com/problems/largest-values-from-labels
Google,1272,Remove Interval,Medium,58.6%,0,https://leetcode.com/problems/remove-interval
Google,1287,Element Appearing More Than 25% In Sorted Array,Easy,60.2%,0,https://leetcode.com/problems/element-appearing-more-than-25-in-sorted-array
Google,1289,Minimum Falling Path Sum II,Hard,60.9%,0,https://leetcode.com/problems/minimum-falling-path-sum-ii
Google,1314,Matrix Block Sum,Medium,73.7%,0,https://leetcode.com/problems/matrix-block-sum
Google,1316,Distinct Echo Substrings,Hard,46.4%,0,https://leetcode.com/problems/distinct-echo-substrings
Google,1144,Decrease Elements To Make Array Zigzag,Medium,45.4%,0,https://leetcode.com/problems/decrease-elements-to-make-array-zigzag
Google,1147,Longest Chunked Palindrome Decomposition,Hard,58.6%,0,https://leetcode.com/problems/longest-chunked-palindrome-decomposition
Google,1302,Deepest Leaves Sum,Medium,83.6%,0,https://leetcode.com/problems/deepest-leaves-sum
Google,1331,Rank Transform of an Array,Easy,58.0%,0,https://leetcode.com/problems/rank-transform-of-an-array
Google,1184,Distance Between Bus Stops,Easy,54.5%,0,https://leetcode.com/problems/distance-between-bus-stops
Google,1207,Unique Number of Occurrences,Easy,71.6%,0,https://leetcode.com/problems/unique-number-of-occurrences
Google,1514,Path with Maximum Probability,Medium,36.5%,0,https://leetcode.com/problems/path-with-maximum-probability
Google,1261,Find Elements in a Contaminated Binary Tree,Medium,74.3%,0,https://leetcode.com/problems/find-elements-in-a-contaminated-binary-tree
Google,1269,Number of Ways to Stay in the Same Place After Some Steps,Hard,43.2%,0,https://leetcode.com/problems/number-of-ways-to-stay-in-the-same-place-after-some-steps
Google,1270,All People Report to the Given Manager,Medium,87.1%,0,https://leetcode.com/problems/all-people-report-to-the-given-manager
Google,1346,Check If N and Its Double Exist,Easy,37.9%,0,https://leetcode.com/problems/check-if-n-and-its-double-exist
Google,1387,Sort Integers by The Power Value,Medium,70.2%,0,https://leetcode.com/problems/sort-integers-by-the-power-value
Google,1388,Pizza With 3n Slices,Hard,44.7%,0,https://leetcode.com/problems/pizza-with-3n-slices
Google,1377,Frog Position After T Seconds,Hard,33.6%,0,https://leetcode.com/problems/frog-position-after-t-seconds
Google,1401,Circle and Rectangle Overlapping,Medium,41.8%,0,https://leetcode.com/problems/circle-and-rectangle-overlapping
Google,1392,Longest Happy Prefix,Hard,40.1%,0,https://leetcode.com/problems/longest-happy-prefix
Google,1414,Find the Minimum Number of Fibonacci Numbers Whose Sum Is K,Medium,63.2%,0,https://leetcode.com/problems/find-the-minimum-number-of-fibonacci-numbers-whose-sum-is-k
Google,1422,Maximum Score After Splitting a String,Easy,54.7%,0,https://leetcode.com/problems/maximum-score-after-splitting-a-string
Google,1449,Form Largest Integer With Digits That Add up to Target,Hard,41.8%,0,https://leetcode.com/problems/form-largest-integer-with-digits-that-add-up-to-target
Google,1441,Build an Array With Stack Operations,Easy,68.7%,0,https://leetcode.com/problems/build-an-array-with-stack-operations
Google,1461,Check If a String Contains All Binary Codes of Size K,Medium,44.6%,0,https://leetcode.com/problems/check-if-a-string-contains-all-binary-codes-of-size-k
Google,1452,People Whose List of Favorite Companies Is Not a Subset of Another List,Medium,53.3%,0,https://leetcode.com/problems/people-whose-list-of-favorite-companies-is-not-a-subset-of-another-list
Google,1471,The k Strongest Values in an Array,Medium,57.0%,0,https://leetcode.com/problems/the-k-strongest-values-in-an-array
Google,1494,Parallel Courses II,Hard,32.0%,0,https://leetcode.com/problems/parallel-courses-ii
Google,1482,Minimum Number of Days to Make m Bouquets,Medium,45.8%,0,https://leetcode.com/problems/minimum-number-of-days-to-make-m-bouquets
Google,1488,Avoid Flood in The City,Medium,25.3%,0,https://leetcode.com/problems/avoid-flood-in-the-city
Google,1508,Range Sum of Sorted Subarray Sums,Medium,68.3%,0,https://leetcode.com/problems/range-sum-of-sorted-subarray-sums
Google,1509,Minimum Difference Between Largest and Smallest Value in Three Moves,Medium,51.0%,0,https://leetcode.com/problems/minimum-difference-between-largest-and-smallest-value-in-three-moves
Google,1498,Number of Subsequences That Satisfy the Given Sum Condition,Medium,36.7%,0,https://leetcode.com/problems/number-of-subsequences-that-satisfy-the-given-sum-condition
Google,1499,Max Value of Equation,Hard,44.4%,0,https://leetcode.com/problems/max-value-of-equation
Google,1503,Last Moment Before All Ants Fall Out of a Plank,Medium,51.5%,0,https://leetcode.com/problems/last-moment-before-all-ants-fall-out-of-a-plank
Google,1525,Number of Good Ways to Split a String,Medium,69.8%,0,https://leetcode.com/problems/number-of-good-ways-to-split-a-string
Google,1526,Minimum Number of Increments on Subarrays to Form a Target Array,Hard,57.7%,0,https://leetcode.com/problems/minimum-number-of-increments-on-subarrays-to-form-a-target-array
Google,1513,Number of Substrings With Only 1s,Medium,40.3%,0,https://leetcode.com/problems/number-of-substrings-with-only-1s
Google,1546,Maximum Number of Non-Overlapping Subarrays With Sum Equals Target,Medium,40.6%,0,https://leetcode.com/problems/maximum-number-of-non-overlapping-subarrays-with-sum-equals-target
Google,1506,Find Root of N-Ary Tree,Medium,80.0%,0,https://leetcode.com/problems/find-root-of-n-ary-tree
Google,1516,Move Sub-Tree of N-Ary Tree,Hard,60.1%,0,https://leetcode.com/problems/move-sub-tree-of-n-ary-tree
Google,1544,Make The String Great,Easy,54.4%,0,https://leetcode.com/problems/make-the-string-great
Google,1538,Guess the Majority in a Hidden Array,Medium,63.2%,0,https://leetcode.com/problems/guess-the-majority-in-a-hidden-array
Microsoft,138,Copy List with Random Pointer,Medium,36.4%,3.6989651187651815,https://leetcode.com/problems/copy-list-with-random-pointer
Microsoft,1,Two Sum,Easy,45.6%,3.5958778464490746,https://leetcode.com/problems/two-sum
Microsoft,146,LRU Cache,Medium,33.2%,3.4927905741329677,https://leetcode.com/problems/lru-cache
Microsoft,54,Spiral Matrix,Medium,34.1%,3.3897033018168607,https://leetcode.com/problems/spiral-matrix
Microsoft,273,Integer to English Words,Hard,27.1%,3.3683427542207363,https://leetcode.com/problems/integer-to-english-words
Microsoft,277,Find the Celebrity,Medium,41.8%,3.2652554819046293,https://leetcode.com/problems/find-the-celebrity
Microsoft,348,Design Tic-Tac-Toe,Medium,54.3%,3.1946430571909312,https://leetcode.com/problems/design-tic-tac-toe
Microsoft,2,Add Two Numbers,Medium,33.9%,3.169227011144196,https://leetcode.com/problems/add-two-numbers
Microsoft,42,Trapping Rain Water,Hard,48.9%,3.066139738828089,https://leetcode.com/problems/trapping-rain-water
Microsoft,206,Reverse Linked List,Easy,62.5%,3.0259163333793904,https://leetcode.com/problems/reverse-linked-list
Microsoft,5,Longest Palindromic Substring,Medium,29.5%,3.0113240473668283,https://leetcode.com/problems/longest-palindromic-substring
Microsoft,8,String to Integer (atoi),Medium,15.4%,2.9764877691901113,https://leetcode.com/problems/string-to-integer-atoi
Microsoft,200,Number of Islands,Medium,46.8%,2.9715009566629704,https://leetcode.com/problems/number-of-islands
Microsoft,4,Median of Two Sorted Arrays,Hard,29.6%,2.8916084554209203,https://leetcode.com/problems/median-of-two-sorted-arrays
Microsoft,186,Reverse Words in a String II,Medium,43.3%,2.8809479839142873,https://leetcode.com/problems/reverse-words-in-a-string-ii
Microsoft,88,Merge Sorted Array,Easy,39.4%,2.8627089563250068,https://leetcode.com/problems/merge-sorted-array
Microsoft,21,Merge Two Sorted Lists,Easy,53.5%,2.862457260385365,https://leetcode.com/problems/merge-two-sorted-lists
Microsoft,17,Letter Combinations of a Phone Number,Medium,46.8%,2.8573648034706545,https://leetcode.com/problems/letter-combinations-of-a-phone-number
Microsoft,218,The Skyline Problem,Hard,34.6%,2.8027736985781786,https://leetcode.com/problems/the-skyline-problem
Microsoft,165,Compare Version Numbers,Medium,27.4%,2.7909478091274953,https://leetcode.com/problems/compare-version-numbers
Microsoft,25,Reverse Nodes in k-Group,Hard,42.1%,2.7613797410092618,https://leetcode.com/problems/reverse-nodes-in-k-group
Microsoft,240,Search a 2D Matrix II,Medium,43.2%,2.7345899073645548,https://leetcode.com/problems/search-a-2d-matrix-ii
Microsoft,253,Meeting Rooms II,Medium,45.7%,2.7284716366094606,https://leetcode.com/problems/meeting-rooms-ii
Microsoft,10,Regular Expression Matching,Hard,26.8%,2.7266995930211992,https://leetcode.com/problems/regular-expression-matching
Microsoft,53,Maximum Subarray,Easy,46.5%,2.711940371971745,https://leetcode.com/problems/maximum-subarray
Microsoft,33,Search in Rotated Sorted Array,Medium,34.5%,2.6857170372662447,https://leetcode.com/problems/search-in-rotated-sorted-array
Microsoft,297,Serialize and Deserialize Binary Tree,Hard,47.5%,2.5826297649501377,https://leetcode.com/problems/serialize-and-deserialize-binary-tree
Microsoft,236,Lowest Common Ancestor of a Binary Tree,Medium,45.7%,2.568849235431705,https://leetcode.com/problems/lowest-common-ancestor-of-a-binary-tree
Microsoft,445,Add Two Numbers II,Medium,54.5%,2.529048190547753,https://leetcode.com/problems/add-two-numbers-ii
Microsoft,116,Populating Next Right Pointers in Each Node,Medium,45.2%,2.524874081924768,https://leetcode.com/problems/populating-next-right-pointers-in-each-node
Microsoft,23,Merge k Sorted Lists,Hard,40.2%,2.500573730617639,https://leetcode.com/problems/merge-k-sorted-lists
Microsoft,20,Valid Parentheses,Easy,39.0%,2.4687161355055203,https://leetcode.com/problems/valid-parentheses
Microsoft,402,Remove K Digits,Medium,28.4%,2.4166575492538938,https://leetcode.com/problems/remove-k-digits
Microsoft,557,Reverse Words in a String III,Easy,69.8%,2.336667524726581,https://leetcode.com/problems/reverse-words-in-a-string-iii
Microsoft,722,Remove Comments,Medium,34.6%,2.331903153750657,https://leetcode.com/problems/remove-comments
Microsoft,75,Sort Colors,Medium,47.3%,2.3276926686708626,https://leetcode.com/problems/sort-colors
Microsoft,24,Swap Nodes in Pairs,Medium,50.4%,2.327380452152487,https://leetcode.com/problems/swap-nodes-in-pairs
Microsoft,151,Reverse Words in a String,Medium,21.9%,2.3264780134045004,https://leetcode.com/problems/reverse-words-in-a-string
Microsoft,535,Encode and Decode TinyURL,Medium,79.9%,2.3039774779456117,https://leetcode.com/problems/encode-and-decode-tinyurl
Microsoft,48,Rotate Image,Medium,56.7%,2.303733858197919,https://leetcode.com/problems/rotate-image
Microsoft,98,Validate Binary Search Tree,Medium,27.8%,2.2943555684399337,https://leetcode.com/problems/validate-binary-search-tree
Microsoft,168,Excel Sheet Column Title,Easy,31.1%,2.2883104652014525,https://leetcode.com/problems/excel-sheet-column-title
Microsoft,105,Construct Binary Tree from Preorder and Inorder Traversal,Medium,48.8%,2.283021466343346,https://leetcode.com/problems/construct-binary-tree-from-preorder-and-inorder-traversal
Microsoft,419,Battleships in a Board,Medium,70.0%,2.2726225948204313,https://leetcode.com/problems/battleships-in-a-board
Microsoft,223,Rectangle Area,Medium,37.8%,2.2593091095122237,https://leetcode.com/problems/rectangle-area
Microsoft,171,Excel Sheet Column Number,Easy,55.9%,2.252757238907828,https://leetcode.com/problems/excel-sheet-column-number
Microsoft,121,Best Time to Buy and Sell Stock,Easy,50.5%,2.2448336717447694,https://leetcode.com/problems/best-time-to-buy-and-sell-stock
Microsoft,224,Basic Calculator,Hard,36.8%,2.2034434298807333,https://leetcode.com/problems/basic-calculator
Microsoft,1239,Maximum Length of a Concatenated String with Unique Characters,Medium,47.8%,2.194070311537135,https://leetcode.com/problems/maximum-length-of-a-concatenated-string-with-unique-characters
Microsoft,44,Wildcard Matching,Hard,24.7%,2.191381777704533,https://leetcode.com/problems/wildcard-matching
Microsoft,794,Valid Tic-Tac-Toe State,Medium,32.6%,2.1777117631126375,https://leetcode.com/problems/valid-tic-tac-toe-state
Microsoft,545,Boundary of Binary Tree,Medium,38.9%,2.1677790029375226,https://leetcode.com/problems/boundary-of-binary-tree
Microsoft,134,Gas Station,Medium,38.5%,2.142566589871282,https://leetcode.com/problems/gas-station
Microsoft,22,Generate Parentheses,Medium,62.7%,2.0785670335349034,https://leetcode.com/problems/generate-parentheses
Microsoft,73,Set Matrix Zeroes,Medium,43.1%,2.0775918912648,https://leetcode.com/problems/set-matrix-zeroes
Microsoft,428,Serialize and Deserialize N-ary Tree,Hard,59.4%,2.076668713601008,https://leetcode.com/problems/serialize-and-deserialize-n-ary-tree
Microsoft,443,String Compression,Easy,41.3%,2.0513907055271603,https://leetcode.com/problems/string-compression
Microsoft,450,Delete Node in a BST,Medium,43.1%,2.048205702566481,https://leetcode.com/problems/delete-node-in-a-bst
Microsoft,13,Roman to Integer,Easy,55.7%,2.01479997556304,https://leetcode.com/problems/roman-to-integer
Microsoft,235,Lowest Common Ancestor of a Binary Search Tree,Easy,49.9%,2.0107138401241684,https://leetcode.com/problems/lowest-common-ancestor-of-a-binary-search-tree
Microsoft,103,Binary Tree Zigzag Level Order Traversal,Medium,48.3%,2.010536070419761,https://leetcode.com/problems/binary-tree-zigzag-level-order-traversal
Microsoft,212,Word Search II,Hard,34.9%,1.9371085874627856,https://leetcode.com/problems/word-search-ii
Microsoft,117,Populating Next Right Pointers in Each Node II,Medium,39.1%,1.9167709936539865,https://leetcode.com/problems/populating-next-right-pointers-in-each-node-ii
Microsoft,344,Reverse String,Easy,68.5%,1.8931494469290506,https://leetcode.com/problems/reverse-string
Microsoft,208,Implement Trie (Prefix Tree),Medium,49.4%,1.8703411019596332,https://leetcode.com/problems/implement-trie-prefix-tree
Microsoft,43,Multiply Strings,Medium,33.9%,1.8392290485002738,https://leetcode.com/problems/multiply-strings
Microsoft,285,Inorder Successor in BST,Medium,40.4%,1.8053129785679367,https://leetcode.com/problems/inorder-successor-in-bst
Microsoft,49,Group Anagrams,Medium,56.9%,1.804619099717657,https://leetcode.com/problems/group-anagrams
Microsoft,71,Simplify Path,Medium,32.6%,1.7951689508806754,https://leetcode.com/problems/simplify-path
Microsoft,99,Recover Binary Search Tree,Hard,39.7%,1.7775344782967077,https://leetcode.com/problems/recover-binary-search-tree
Microsoft,15,3Sum,Medium,26.8%,1.7686547532150265,https://leetcode.com/problems/3sum
Microsoft,141,Linked List Cycle,Easy,41.1%,1.7563603010788833,https://leetcode.com/problems/linked-list-cycle
Microsoft,232,Implement Queue using Stacks,Easy,49.6%,1.749421031222925,https://leetcode.com/problems/implement-queue-using-stacks
Microsoft,12,Integer to Roman,Medium,55.1%,1.746102779627118,https://leetcode.com/problems/integer-to-roman
Microsoft,37,Sudoku Solver,Hard,43.6%,1.7414976344471667,https://leetcode.com/problems/sudoku-solver
Microsoft,72,Edit Distance,Hard,44.8%,1.7323480343505713,https://leetcode.com/problems/edit-distance
Microsoft,295,Find Median from Data Stream,Hard,44.3%,1.7185203068596524,https://leetcode.com/problems/find-median-from-data-stream
Microsoft,160,Intersection of Two Linked Lists,Easy,40.6%,1.7175192044428398,https://leetcode.com/problems/intersection-of-two-linked-lists
Microsoft,36,Valid Sudoku,Medium,48.7%,1.7143211698041672,https://leetcode.com/problems/valid-sudoku
Microsoft,3,Longest Substring Without Repeating Characters,Medium,30.4%,1.7119508013774896,https://leetcode.com/problems/longest-substring-without-repeating-characters
Microsoft,143,Reorder List,Medium,37.1%,1.6917986160352108,https://leetcode.com/problems/reorder-list
Microsoft,76,Minimum Window Substring,Hard,34.6%,1.684498704459816,https://leetcode.com/problems/minimum-window-substring
Microsoft,46,Permutations,Medium,63.5%,1.6727146787726128,https://leetcode.com/problems/permutations
Microsoft,102,Binary Tree Level Order Traversal,Medium,54.6%,1.651417093517297,https://leetcode.com/problems/binary-tree-level-order-traversal
Microsoft,155,Min Stack,Easy,44.5%,1.6375525909607844,https://leetcode.com/problems/min-stack
Microsoft,56,Merge Intervals,Medium,39.3%,1.6137424284012196,https://leetcode.com/problems/merge-intervals
Microsoft,51,N-Queens,Hard,46.6%,1.6036359898179926,https://leetcode.com/problems/n-queens
Microsoft,173,Binary Search Tree Iterator,Medium,56.6%,1.5975171846753242,https://leetcode.com/problems/binary-search-tree-iterator
Microsoft,93,Restore IP Addresses,Medium,35.6%,1.5917169493061911,https://leetcode.com/problems/restore-ip-addresses
Microsoft,636,Exclusive Time of Functions,Medium,51.9%,1.5833981368525032,https://leetcode.com/problems/exclusive-time-of-functions
Microsoft,706,Design HashMap,Easy,61.3%,1.5513741114793391,https://leetcode.com/problems/design-hashmap
Microsoft,238,Product of Array Except Self,Medium,60.1%,1.539762660750497,https://leetcode.com/problems/product-of-array-except-self
Microsoft,149,Max Points on a Line,Hard,16.9%,1.5309662969926052,https://leetcode.com/problems/max-points-on-a-line
Microsoft,139,Word Break,Medium,40.1%,1.5067078235450475,https://leetcode.com/problems/word-break
Microsoft,31,Next Permutation,Medium,32.6%,1.4952605643210366,https://leetcode.com/problems/next-permutation
Microsoft,61,Rotate List,Medium,30.0%,1.4847733982613056,https://leetcode.com/problems/rotate-list
Microsoft,836,Rectangle Overlap,Easy,48.6%,1.4453669442208494,https://leetcode.com/problems/rectangle-overlap
Microsoft,642,Design Search Autocomplete System,Hard,44.7%,1.4351899882719135,https://leetcode.com/problems/design-search-autocomplete-system
Microsoft,227,Basic Calculator II,Medium,36.9%,1.4336576098594838,https://leetcode.com/problems/basic-calculator-ii
Microsoft,127,Word Ladder,Medium,29.6%,1.4284947156102672,https://leetcode.com/problems/word-ladder
Microsoft,322,Coin Change,Medium,35.5%,1.4268982821969922,https://leetcode.com/problems/coin-change
Microsoft,564,Find the Closest Palindrome,Hard,19.7%,1.425008873300581,https://leetcode.com/problems/find-the-closest-palindrome
Microsoft,59,Spiral Matrix II,Medium,53.9%,1.4157990742225208,https://leetcode.com/problems/spiral-matrix-ii
Microsoft,74,Search a 2D Matrix,Medium,36.5%,1.396449102597548,https://leetcode.com/problems/search-a-2d-matrix
Microsoft,384,Shuffle an Array,Medium,52.8%,1.3892672714849832,https://leetcode.com/problems/shuffle-an-array
Microsoft,229,Majority Element II,Medium,35.6%,1.3878563920773275,https://leetcode.com/problems/majority-element-ii
Microsoft,153,Find Minimum in Rotated Sorted Array,Medium,45.1%,1.3737513023422454,https://leetcode.com/problems/find-minimum-in-rotated-sorted-array
Microsoft,174,Dungeon Game,Hard,32.3%,1.3665611251341205,https://leetcode.com/problems/dungeon-game
Microsoft,92,Reverse Linked List II,Medium,38.8%,1.3490528201879903,https://leetcode.com/problems/reverse-linked-list-ii
Microsoft,449,Serialize and Deserialize BST,Medium,52.0%,1.3213393231925648,https://leetcode.com/problems/serialize-and-deserialize-bst
Microsoft,179,Largest Number,Medium,28.8%,1.3181425718749433,https://leetcode.com/problems/largest-number
Microsoft,128,Longest Consecutive Sequence,Hard,45.1%,1.2886456910504667,https://leetcode.com/problems/longest-consecutive-sequence
Microsoft,234,Palindrome Linked List,Easy,39.3%,1.2857250051644113,https://leetcode.com/problems/palindrome-linked-list
Microsoft,239,Sliding Window Maximum,Hard,43.0%,1.2723945373280132,https://leetcode.com/problems/sliding-window-maximum
Microsoft,346,Moving Average from Data Stream,Easy,70.9%,1.2716814290610372,https://leetcode.com/problems/moving-average-from-data-stream
Microsoft,204,Count Primes,Easy,31.5%,1.2703504777562535,https://leetcode.com/problems/count-primes
Microsoft,468,Validate IP Address,Medium,24.1%,1.2627381135521876,https://leetcode.com/problems/validate-ip-address
Microsoft,135,Candy,Hard,31.6%,1.2375419744850127,https://leetcode.com/problems/candy
Microsoft,287,Find the Duplicate Number,Medium,55.5%,1.2333669019608022,https://leetcode.com/problems/find-the-duplicate-number
Microsoft,126,Word Ladder II,Hard,22.1%,1.2241491835619676,https://leetcode.com/problems/word-ladder-ii
Microsoft,133,Clone Graph,Medium,34.8%,1.212271607140631,https://leetcode.com/problems/clone-graph
Microsoft,679,24 Game,Hard,46.4%,1.1994357786013692,https://leetcode.com/problems/24-game
Microsoft,142,Linked List Cycle II,Medium,37.3%,1.179958785742859,https://leetcode.com/problems/linked-list-cycle-ii
Microsoft,328,Odd Even Linked List,Medium,55.7%,1.168614944926649,https://leetcode.com/problems/odd-even-linked-list
Microsoft,148,Sort List,Medium,42.3%,1.1657881739717664,https://leetcode.com/problems/sort-list
Microsoft,225,Implement Stack using Queues,Easy,45.1%,1.1607390767279342,https://leetcode.com/problems/implement-stack-using-queues
Microsoft,283,Move Zeroes,Easy,57.8%,1.1585213499895073,https://leetcode.com/problems/move-zeroes
Microsoft,124,Binary Tree Maximum Path Sum,Hard,34.3%,1.134390381747712,https://leetcode.com/problems/binary-tree-maximum-path-sum
Microsoft,591,Tag Validator,Hard,34.3%,1.133098464739279,https://leetcode.com/problems/tag-validator
Microsoft,41,First Missing Positive,Hard,32.0%,1.1262068083309473,https://leetcode.com/problems/first-missing-positive
Microsoft,268,Missing Number,Easy,51.7%,1.117112634548289,https://leetcode.com/problems/missing-number
Microsoft,94,Binary Tree Inorder Traversal,Medium,63.3%,1.1043650482569707,https://leetcode.com/problems/binary-tree-inorder-traversal
Microsoft,85,Maximal Rectangle,Hard,37.7%,1.075986889150131,https://leetcode.com/problems/maximal-rectangle
Microsoft,529,Minesweeper,Medium,59.1%,1.0687593255184287,https://leetcode.com/problems/minesweeper
Microsoft,252,Meeting Rooms,Easy,54.6%,1.0686699320530313,https://leetcode.com/problems/meeting-rooms
Microsoft,403,Frog Jump,Hard,39.7%,1.0638726563743854,https://leetcode.com/problems/frog-jump
Microsoft,215,Kth Largest Element in an Array,Medium,55.4%,1.0621118864485832,https://leetcode.com/problems/kth-largest-element-in-an-array
Microsoft,189,Rotate Array,Easy,34.7%,1.0531076560110935,https://leetcode.com/problems/rotate-array
Microsoft,490,The Maze,Medium,51.4%,1.0476840243995968,https://leetcode.com/problems/the-maze
Microsoft,457,Circular Array Loop,Medium,29.4%,1.0336744862315626,https://leetcode.com/problems/circular-array-loop
Microsoft,380,Insert Delete GetRandom O(1),Medium,47.5%,1.029143465930734,https://leetcode.com/problems/insert-delete-getrandom-o1
Microsoft,84,Largest Rectangle in Histogram,Hard,35.2%,1.0152852763058668,https://leetcode.com/problems/largest-rectangle-in-histogram
Microsoft,19,Remove Nth Node From End of List,Medium,35.2%,0.9938393087142735,https://leetcode.com/problems/remove-nth-node-from-end-of-list
Microsoft,169,Majority Element,Easy,58.7%,0.96110239828995,https://leetcode.com/problems/majority-element
Microsoft,68,Text Justification,Hard,27.7%,0.9465228638244356,https://leetcode.com/problems/text-justification
Microsoft,695,Max Area of Island,Medium,62.7%,0.9340698215503037,https://leetcode.com/problems/max-area-of-island
Microsoft,79,Word Search,Medium,35.6%,0.9160907785292691,https://leetcode.com/problems/word-search
Microsoft,237,Delete Node in a Linked List,Easy,63.8%,0.9125441994897425,https://leetcode.com/problems/delete-node-in-a-linked-list
Microsoft,91,Decode Ways,Medium,24.7%,0.8912568458516014,https://leetcode.com/problems/decode-ways
Microsoft,152,Maximum Product Subarray,Medium,31.7%,0.890020140522056,https://leetcode.com/problems/maximum-product-subarray
Microsoft,32,Longest Valid Parentheses,Hard,28.4%,0.887976006706294,https://leetcode.com/problems/longest-valid-parentheses
Microsoft,11,Container With Most Water,Medium,50.8%,0.8838633903934879,https://leetcode.com/problems/container-with-most-water
Microsoft,289,Game of Life,Medium,54.5%,0.8818919263853663,https://leetcode.com/problems/game-of-life
Microsoft,1246,Palindrome Removal,Hard,46.0%,0.875792939010168,https://leetcode.com/problems/palindrome-removal
Microsoft,69,Sqrt(x),Easy,33.9%,0.8723735857287784,https://leetcode.com/problems/sqrtx
Microsoft,7,Reverse Integer,Easy,25.8%,0.8578608494978868,https://leetcode.com/problems/reverse-integer
Microsoft,28,Implement strStr(),Easy,34.5%,0.8553648003461056,https://leetcode.com/problems/implement-strstr
Microsoft,89,Gray Code,Medium,49.1%,0.8553139353754396,https://leetcode.com/problems/gray-code
Microsoft,242,Valid Anagram,Easy,56.9%,0.8538771239510634,https://leetcode.com/problems/valid-anagram
Microsoft,702,Search in a Sorted Array of Unknown Size,Medium,66.9%,0.8458894094501456,https://leetcode.com/problems/search-in-a-sorted-array-of-unknown-size
Microsoft,460,LFU Cache,Hard,34.2%,0.8452742509276767,https://leetcode.com/problems/lfu-cache
Microsoft,38,Count and Say,Easy,44.6%,0.8451621282279073,https://leetcode.com/problems/count-and-say
Microsoft,772,Basic Calculator III,Hard,41.3%,0.8430873278508602,https://leetcode.com/problems/basic-calculator-iii
Microsoft,651,4 Keys Keyboard,Medium,52.5%,0.8425641237370047,https://leetcode.com/problems/4-keys-keyboard
Microsoft,340,Longest Substring with At Most K Distinct Characters,Hard,44.1%,0.840073826640526,https://leetcode.com/problems/longest-substring-with-at-most-k-distinct-characters
Microsoft,378,Kth Smallest Element in a Sorted Matrix,Medium,54.3%,0.8286514648404306,https://leetcode.com/problems/kth-smallest-element-in-a-sorted-matrix
Microsoft,269,Alien Dictionary,Hard,33.3%,0.8247147627623457,https://leetcode.com/problems/alien-dictionary
Microsoft,9,Palindrome Number,Easy,48.4%,0.8235694244095082,https://leetcode.com/problems/palindrome-number
Microsoft,622,Design Circular Queue,Medium,43.8%,0.8231587572738468,https://leetcode.com/problems/design-circular-queue
Microsoft,26,Remove Duplicates from Sorted Array,Easy,45.1%,0.8198157546148236,https://leetcode.com/problems/remove-duplicates-from-sorted-array
Microsoft,362,Design Hit Counter,Medium,63.7%,0.8152055540667307,https://leetcode.com/problems/design-hit-counter
Microsoft,140,Word Break II,Hard,32.6%,0.8122846793788384,https://leetcode.com/problems/word-break-ii
Microsoft,123,Best Time to Buy and Sell Stock III,Hard,37.5%,0.8103008499673461,https://leetcode.com/problems/best-time-to-buy-and-sell-stock-iii
Microsoft,669,Trim a Binary Search Tree,Easy,63.0%,0.805008260820865,https://leetcode.com/problems/trim-a-binary-search-tree
Microsoft,351,Android Unlock Patterns,Medium,48.4%,0.7857399673877702,https://leetcode.com/problems/android-unlock-patterns
Microsoft,110,Balanced Binary Tree,Easy,43.5%,0.7847320043954652,https://leetcode.com/problems/balanced-binary-tree
Microsoft,510,Inorder Successor in BST II,Medium,58.0%,0.7822749604559527,https://leetcode.com/problems/inorder-successor-in-bst-ii
Microsoft,470,Implement Rand10() Using Rand7(),Medium,46.3%,0.7717903078790584,https://leetcode.com/problems/implement-rand10-using-rand7
Microsoft,78,Subsets,Medium,62.0%,0.7567934361936809,https://leetcode.com/problems/subsets
Microsoft,887,Super Egg Drop,Hard,27.1%,0.7550319038990971,https://leetcode.com/problems/super-egg-drop
Microsoft,161,One Edit Distance,Medium,32.3%,0.7501260358569138,https://leetcode.com/problems/one-edit-distance
Microsoft,62,Unique Paths,Medium,54.1%,0.7480063652707217,https://leetcode.com/problems/unique-paths
Microsoft,394,Decode String,Medium,50.0%,0.7345102340934244,https://leetcode.com/problems/decode-string
Microsoft,191,Number of 1 Bits,Easy,49.8%,0.7324003471380575,https://leetcode.com/problems/number-of-1-bits
Microsoft,442,Find All Duplicates in an Array,Medium,67.8%,0.7226546728293853,https://leetcode.com/problems/find-all-duplicates-in-an-array
Microsoft,207,Course Schedule,Medium,43.1%,0.7160235932457453,https://leetcode.com/problems/course-schedule
Microsoft,39,Combination Sum,Medium,56.1%,0.7152569247320627,https://leetcode.com/problems/combination-sum
Microsoft,652,Find Duplicate Subtrees,Medium,50.2%,0.7105924664945938,https://leetcode.com/problems/find-duplicate-subtrees
Microsoft,560,Subarray Sum Equals K,Medium,43.9%,0.7082042605360416,https://leetcode.com/problems/subarray-sum-equals-k
Microsoft,125,Valid Palindrome,Easy,36.7%,0.7036117291497562,https://leetcode.com/problems/valid-palindrome
Microsoft,86,Partition List,Medium,41.5%,0.7022543510090344,https://leetcode.com/problems/partition-list
Microsoft,688,Knight Probability in Chessboard,Medium,48.9%,0.6794349186959634,https://leetcode.com/problems/knight-probability-in-chessboard
Microsoft,64,Minimum Path Sum,Medium,54.5%,0.6731263364629722,https://leetcode.com/problems/minimum-path-sum
Microsoft,379,Design Phone Directory,Medium,46.8%,0.6729444732424258,https://leetcode.com/problems/design-phone-directory
Microsoft,81,Search in Rotated Sorted Array II,Medium,33.0%,0.6690496289808848,https://leetcode.com/problems/search-in-rotated-sorted-array-ii
Microsoft,412,Fizz Buzz,Easy,62.3%,0.6683916389849122,https://leetcode.com/problems/fizz-buzz
Microsoft,417,Pacific Atlantic Water Flow,Medium,41.1%,0.666478933477784,https://leetcode.com/problems/pacific-atlantic-water-flow
Microsoft,114,Flatten Binary Tree to Linked List,Medium,49.3%,0.6498350640362595,https://leetcode.com/problems/flatten-binary-tree-to-linked-list
Microsoft,77,Combinations,Medium,54.7%,0.6484298604423074,https://leetcode.com/problems/combinations
Microsoft,150,Evaluate Reverse Polish Notation,Medium,36.3%,0.6476434251751189,https://leetcode.com/problems/evaluate-reverse-polish-notation
Microsoft,29,Divide Two Integers,Medium,16.4%,0.6411919721433796,https://leetcode.com/problems/divide-two-integers
Microsoft,300,Longest Increasing Subsequence,Medium,42.6%,0.6376640428342715,https://leetcode.com/problems/longest-increasing-subsequence
Microsoft,716,Max Stack,Easy,42.6%,0.6330336058902137,https://leetcode.com/problems/max-stack
Microsoft,387,First Unique Character in a String,Easy,53.4%,0.632243999450364,https://leetcode.com/problems/first-unique-character-in-a-string
Microsoft,647,Palindromic Substrings,Medium,60.6%,0.6134746779188923,https://leetcode.com/problems/palindromic-substrings
Microsoft,863,All Nodes Distance K in Binary Tree,Medium,55.4%,0.6086589499121026,https://leetcode.com/problems/all-nodes-distance-k-in-binary-tree
Microsoft,358,Rearrange String k Distance Apart,Hard,34.9%,0.6082477367734591,https://leetcode.com/problems/rearrange-string-k-distance-apart
Microsoft,82,Remove Duplicates from Sorted List II,Medium,36.8%,0.607321902630019,https://leetcode.com/problems/remove-duplicates-from-sorted-list-ii
Microsoft,733,Flood Fill,Easy,55.3%,0.5960870214781206,https://leetcode.com/problems/flood-fill
Microsoft,228,Summary Ranges,Medium,39.5%,0.5888553265052927,https://leetcode.com/problems/summary-ranges
Microsoft,759,Employee Free Time,Hard,66.3%,0.5861248448271091,https://leetcode.com/problems/employee-free-time
Microsoft,407,Trapping Rain Water II,Hard,42.4%,0.5801132920909243,https://leetcode.com/problems/trapping-rain-water-ii
Microsoft,230,Kth Smallest Element in a BST,Medium,60.2%,0.5704757662017736,https://leetcode.com/problems/kth-smallest-element-in-a-bst
Microsoft,281,Zigzag Iterator,Medium,58.4%,0.5665602602882338,https://leetcode.com/problems/zigzag-iterator
Microsoft,415,Add Strings,Easy,47.5%,0.566230787928643,https://leetcode.com/problems/add-strings
Microsoft,572,Subtree of Another Tree,Easy,44.1%,0.5649315643132164,https://leetcode.com/problems/subtree-of-another-tree
Microsoft,118,Pascal's Triangle,Easy,52.5%,0.5577273046973674,https://leetcode.com/problems/pascals-triangle
Microsoft,426,Convert Binary Search Tree to Sorted Doubly Linked List,Medium,59.1%,0.5547017731329936,https://leetcode.com/problems/convert-binary-search-tree-to-sorted-doubly-linked-list
Microsoft,655,Print Binary Tree,Medium,55.0%,0.5524260762711364,https://leetcode.com/problems/print-binary-tree
Microsoft,70,Climbing Stairs,Easy,47.8%,0.5484963397685039,https://leetcode.com/problems/climbing-stairs
Microsoft,1156,Swap For Longest Repeated Character Substring,Medium,49.0%,0.538996500732687,https://leetcode.com/problems/swap-for-longest-repeated-character-substring
Microsoft,286,Walls and Gates,Medium,54.5%,0.5372803513497615,https://leetcode.com/problems/walls-and-gates
Microsoft,518,Coin Change 2,Medium,50.2%,0.535971655257865,https://leetcode.com/problems/coin-change-2
Microsoft,493,Reverse Pairs,Hard,25.2%,0.5334746755483791,https://leetcode.com/problems/reverse-pairs
Microsoft,543,Diameter of Binary Tree,Easy,48.4%,0.5327148984531092,https://leetcode.com/problems/diameter-of-binary-tree
Microsoft,83,Remove Duplicates from Sorted List,Easy,45.4%,0.5322016386647934,https://leetcode.com/problems/remove-duplicates-from-sorted-list
Microsoft,45,Jump Game II,Hard,30.6%,0.5265290156944407,https://leetcode.com/problems/jump-game-ii
Microsoft,199,Binary Tree Right Side View,Medium,54.1%,0.5244663152343737,https://leetcode.com/problems/binary-tree-right-side-view
Microsoft,304,Range Sum Query 2D - Immutable,Medium,38.6%,0.5226642021421153,https://leetcode.com/problems/range-sum-query-2d-immutable
Microsoft,267,Palindrome Permutation II,Medium,36.4%,0.5195071758508175,https://leetcode.com/problems/palindrome-permutation-ii
Microsoft,167,Two Sum II - Input array is sorted,Easy,54.1%,0.5117640208319821,https://leetcode.com/problems/two-sum-ii-input-array-is-sorted
Microsoft,767,Reorganize String,Medium,48.7%,0.5043791872596706,https://leetcode.com/problems/reorganize-string
Microsoft,432,All O`one Data Structure,Hard,32.4%,0.49573913073261056,https://leetcode.com/problems/all-oone-data-structure
Microsoft,516,Longest Palindromic Subsequence,Medium,53.2%,0.4919958213546186,https://leetcode.com/problems/longest-palindromic-subsequence
Microsoft,270,Closest Binary Search Tree Value,Easy,48.5%,0.48351300163526767,https://leetcode.com/problems/closest-binary-search-tree-value
Microsoft,101,Symmetric Tree,Easy,46.8%,0.4835048270478799,https://leetcode.com/problems/symmetric-tree
Microsoft,917,Reverse Only Letters,Easy,58.0%,0.4628926502431949,https://leetcode.com/problems/reverse-only-letters
Microsoft,556,Next Greater Element III,Medium,31.7%,0.4617360135694671,https://leetcode.com/problems/next-greater-element-iii
Microsoft,1044,Longest Duplicate Substring,Hard,31.9%,0.45665121561528643,https://leetcode.com/problems/longest-duplicate-substring
Microsoft,122,Best Time to Buy and Sell Stock II,Easy,57.0%,0.4497220566283928,https://leetcode.com/problems/best-time-to-buy-and-sell-stock-ii
Microsoft,333,Largest BST Subtree,Medium,35.8%,0.44572532239455054,https://leetcode.com/problems/largest-bst-subtree
Microsoft,108,Convert Sorted Array to Binary Search Tree,Easy,57.9%,0.4427274468005625,https://leetcode.com/problems/convert-sorted-array-to-binary-search-tree
Microsoft,935,Knight Dialer,Medium,45.2%,0.44264411134991843,https://leetcode.com/problems/knight-dialer
Microsoft,214,Shortest Palindrome,Hard,29.8%,0.4424536774775049,https://leetcode.com/problems/shortest-palindrome
Microsoft,55,Jump Game,Medium,34.6%,0.44156297053083593,https://leetcode.com/problems/jump-game
Microsoft,314,Binary Tree Vertical Order Traversal,Medium,45.3%,0.4380937008921841,https://leetcode.com/problems/binary-tree-vertical-order-traversal
Microsoft,280,Wiggle Sort,Medium,63.8%,0.4358425582560355,https://leetcode.com/problems/wiggle-sort
Microsoft,692,Top K Frequent Words,Medium,51.8%,0.43507396043031815,https://leetcode.com/problems/top-k-frequent-words
Microsoft,698,Partition to K Equal Sum Subsets,Medium,45.0%,0.42725858927476734,https://leetcode.com/problems/partition-to-k-equal-sum-subsets
Microsoft,266,Palindrome Permutation,Easy,61.9%,0.41882207294422785,https://leetcode.com/problems/palindrome-permutation
Microsoft,162,Find Peak Element,Medium,43.3%,0.41607906913719583,https://leetcode.com/problems/find-peak-element
Microsoft,30,Substring with Concatenation of All Words,Hard,25.4%,0.41194709630297865,https://leetcode.com/problems/substring-with-concatenation-of-all-words
Microsoft,50,Pow(x;n),Medium,30.3%,0.4096992146874839,https://leetcode.com/problems/powx-n
Microsoft,448,Find All Numbers Disappeared in an Array,Easy,55.9%,0.4038568366529517,https://leetcode.com/problems/find-all-numbers-disappeared-in-an-array
Microsoft,112,Path Sum,Easy,41.2%,0.4021229967221487,https://leetcode.com/problems/path-sum
Microsoft,316,Remove Duplicate Letters,Hard,35.8%,0.40185220095239377,https://leetcode.com/problems/remove-duplicate-letters
Microsoft,413,Arithmetic Slices,Medium,57.9%,0.3794137261371684,https://leetcode.com/problems/arithmetic-slices
Microsoft,438,Find All Anagrams in a String,Medium,43.3%,0.3777487527652922,https://leetcode.com/problems/find-all-anagrams-in-a-string
Microsoft,729,My Calendar I,Medium,51.8%,0.3746934494414107,https://leetcode.com/problems/my-calendar-i
Microsoft,528,Random Pick with Weight,Medium,43.9%,0.37294088733187064,https://leetcode.com/problems/random-pick-with-weight
Microsoft,498,Diagonal Traverse,Medium,48.2%,0.36965808183913323,https://leetcode.com/problems/diagonal-traverse
Microsoft,172,Factorial Trailing Zeroes,Easy,37.8%,0.3691548840515713,https://leetcode.com/problems/factorial-trailing-zeroes
Microsoft,405,Convert a Number to Hexadecimal,Easy,43.9%,0.36886796401660715,https://leetcode.com/problems/convert-a-number-to-hexadecimal
Microsoft,958,Check Completeness of a Binary Tree,Medium,52.1%,0.368486104867077,https://leetcode.com/problems/check-completeness-of-a-binary-tree
Microsoft,159,Longest Substring with At Most Two Distinct Characters,Medium,49.4%,0.36517862980007215,https://leetcode.com/problems/longest-substring-with-at-most-two-distinct-characters
Microsoft,993,Cousins in Binary Tree,Easy,52.0%,0.36406958263507494,https://leetcode.com/problems/cousins-in-binary-tree
Microsoft,63,Unique Paths II,Medium,34.6%,0.35682807157091273,https://leetcode.com/problems/unique-paths-ii
Microsoft,332,Reconstruct Itinerary,Medium,36.7%,0.3499348287861282,https://leetcode.com/problems/reconstruct-itinerary
Microsoft,1185,Day of the Week,Easy,64.0%,0.34898886906784754,https://leetcode.com/problems/day-of-the-week
Microsoft,113,Path Sum II,Medium,46.7%,0.3474387140036706,https://leetcode.com/problems/path-sum-ii
Microsoft,166,Fraction to Recurring Decimal,Medium,21.6%,0.3451585018771733,https://leetcode.com/problems/fraction-to-recurring-decimal
Microsoft,397,Integer Replacement,Medium,32.9%,0.342522988151367,https://leetcode.com/problems/integer-replacement
Microsoft,805,Split Array With Same Average,Hard,26.4%,0.3416302106614813,https://leetcode.com/problems/split-array-with-same-average
Microsoft,14,Longest Common Prefix,Easy,35.4%,0.33820492794739787,https://leetcode.com/problems/longest-common-prefix
Microsoft,1236,Web Crawler,Medium,64.3%,0.33647223662121295,https://leetcode.com/problems/web-crawler
Microsoft,226,Invert Binary Tree,Easy,65.0%,0.33580132079597935,https://leetcode.com/problems/invert-binary-tree
Microsoft,431,Encode N-ary Tree to Binary Tree,Hard,70.8%,0.3308542443169896,https://leetcode.com/problems/encode-n-ary-tree-to-binary-tree
Microsoft,611,Valid Triangle Number,Medium,48.4%,0.33024168687057687,https://leetcode.com/problems/valid-triangle-number
Microsoft,727,Minimum Window Subsequence,Hard,41.8%,0.3290234126082223,https://leetcode.com/problems/minimum-window-subsequence
Microsoft,1062,Longest Repeating Substring,Medium,57.2%,0.32609152056665214,https://leetcode.com/problems/longest-repeating-substring
Microsoft,430,Flatten a Multilevel Doubly Linked List,Medium,55.1%,0.32335829449138764,https://leetcode.com/problems/flatten-a-multilevel-doubly-linked-list
Microsoft,136,Single Number,Easy,65.5%,0.32212410595951135,https://leetcode.com/problems/single-number
Microsoft,567,Permutation in String,Medium,44.4%,0.31954842197771616,https://leetcode.com/problems/permutation-in-string
Microsoft,994,Rotting Oranges,Medium,49.2%,0.31869742552695396,https://leetcode.com/problems/rotting-oranges
Microsoft,65,Valid Number,Hard,15.3%,0.3147685466373522,https://leetcode.com/problems/valid-number
Microsoft,1197,Minimum Knight Moves,Medium,36.1%,0.3142660340639637,https://leetcode.com/problems/minimum-knight-moves
Microsoft,106,Construct Binary Tree from Inorder and Postorder Traversal,Medium,47.2%,0.31197312481093953,https://leetcode.com/problems/construct-binary-tree-from-inorder-and-postorder-traversal
Microsoft,109,Convert Sorted List to Binary Search Tree,Medium,47.7%,0.3101549283038395,https://leetcode.com/problems/convert-sorted-list-to-binary-search-tree
Microsoft,383,Ransom Note,Easy,53.1%,0.3074846997479606,https://leetcode.com/problems/ransom-note
Microsoft,221,Maximal Square,Medium,37.7%,0.3057737602882765,https://leetcode.com/problems/maximal-square
Microsoft,147,Insertion Sort List,Medium,41.1%,0.30480732197724425,https://leetcode.com/problems/insertion-sort-list
Microsoft,909,Snakes and Ladders,Medium,38.4%,0.30024869505163937,https://leetcode.com/problems/snakes-and-ladders
Microsoft,724,Find Pivot Index,Easy,44.0%,0.29912265485367395,https://leetcode.com/problems/find-pivot-index
Microsoft,40,Combination Sum II,Medium,48.2%,0.2974989835662538,https://leetcode.com/problems/combination-sum-ii
Microsoft,828,Count Unique Characters of All Substrings of a Given String,Hard,45.2%,0.2972515234679316,https://leetcode.com/problems/count-unique-characters-of-all-substrings-of-a-given-string
Microsoft,95,Unique Binary Search Trees II,Medium,40.6%,0.2958298345782864,https://leetcode.com/problems/unique-binary-search-trees-ii
Microsoft,1375,Bulb Switcher III,Medium,62.6%,0.29173887314739533,https://leetcode.com/problems/bulb-switcher-iii
Microsoft,347,Top K Frequent Elements,Medium,61.2%,0.28857373546226267,https://leetcode.com/problems/top-k-frequent-elements
Microsoft,354,Russian Doll Envelopes,Hard,35.6%,0.2883782089226364,https://leetcode.com/problems/russian-doll-envelopes
Microsoft,97,Interleaving String,Hard,31.5%,0.28587071214283233,https://leetcode.com/problems/interleaving-string
Microsoft,1136,Parallel Courses,Hard,61.1%,0.2858421455297737,https://leetcode.com/problems/parallel-courses
Microsoft,708,Insert into a Sorted Circular Linked List,Medium,31.6%,0.28504006298894224,https://leetcode.com/problems/insert-into-a-sorted-circular-linked-list
Microsoft,681,Next Closest Time,Medium,45.0%,0.2802157173642045,https://leetcode.com/problems/next-closest-time
Microsoft,129,Sum Root to Leaf Numbers,Medium,49.1%,0.27802016154004405,https://leetcode.com/problems/sum-root-to-leaf-numbers
Microsoft,969,Pancake Sorting,Medium,67.5%,0.27343004974457946,https://leetcode.com/problems/pancake-sorting
Microsoft,540,Single Element in a Sorted Array,Medium,57.9%,0.270315853943239,https://leetcode.com/problems/single-element-in-a-sorted-array
Microsoft,202,Happy Number,Easy,50.4%,0.268522802513303,https://leetcode.com/problems/happy-number
Microsoft,349,Intersection of Two Arrays,Easy,62.5%,0.26807134960778223,https://leetcode.com/problems/intersection-of-two-arrays
Microsoft,198,House Robber,Easy,42.0%,0.2661579642572608,https://leetcode.com/problems/house-robber
Microsoft,694,Number of Distinct Islands,Medium,56.0%,0.26236426446749106,https://leetcode.com/problems/number-of-distinct-islands
Microsoft,18,4Sum,Medium,33.7%,0.26175539010512316,https://leetcode.com/problems/4sum
Microsoft,683,K Empty Slots,Hard,35.6%,0.25708853309999324,https://leetcode.com/problems/k-empty-slots
Microsoft,315,Count of Smaller Numbers After Self,Hard,41.5%,0.2567607594720918,https://leetcode.com/problems/count-of-smaller-numbers-after-self
Microsoft,216,Combination Sum III,Medium,56.6%,0.24698514158015275,https://leetcode.com/problems/combination-sum-iii
Microsoft,6,ZigZag Conversion,Medium,36.3%,0.2458374437427011,https://leetcode.com/problems/zigzag-conversion
Microsoft,329,Longest Increasing Path in a Matrix,Hard,43.4%,0.24152335025129923,https://leetcode.com/problems/longest-increasing-path-in-a-matrix
Microsoft,308,Range Sum Query 2D - Mutable,Hard,35.6%,0.24116205681688807,https://leetcode.com/problems/range-sum-query-2d-mutable
Microsoft,120,Triangle,Medium,44.2%,0.23887525258068545,https://leetcode.com/problems/triangle
Microsoft,57,Insert Interval,Hard,33.5%,0.23697938397356041,https://leetcode.com/problems/insert-interval
Microsoft,416,Partition Equal Subset Sum,Medium,43.7%,0.23420537108328685,https://leetcode.com/problems/partition-equal-subset-sum
Microsoft,257,Binary Tree Paths,Easy,51.5%,0.23334105110860667,https://leetcode.com/problems/binary-tree-paths
Microsoft,1188,Design Bounded Blocking Queue,Medium,70.5%,0.23300728083654992,https://leetcode.com/problems/design-bounded-blocking-queue
Microsoft,243,Shortest Word Distance,Easy,61.0%,0.23122733458279973,https://leetcode.com/problems/shortest-word-distance
Microsoft,509,Fibonacci Number,Easy,67.2%,0.22873204718012582,https://leetcode.com/problems/fibonacci-number
Microsoft,768,Max Chunks To Make Sorted II,Hard,48.7%,0.22767870647960103,https://leetcode.com/problems/max-chunks-to-make-sorted-ii
Microsoft,104,Maximum Depth of Binary Tree,Easy,66.0%,0.2247057029374007,https://leetcode.com/problems/maximum-depth-of-binary-tree
Microsoft,701,Insert into a Binary Search Tree,Medium,77.7%,0.22337817376865485,https://leetcode.com/problems/insert-into-a-binary-search-tree
Microsoft,341,Flatten Nested List Iterator,Medium,52.9%,0.2209211036876481,https://leetcode.com/problems/flatten-nested-list-iterator
Microsoft,231,Power of Two,Easy,43.7%,0.2188289731364177,https://leetcode.com/problems/power-of-two
Microsoft,317,Shortest Distance from All Buildings,Hard,41.4%,0.21654542918153205,https://leetcode.com/problems/shortest-distance-from-all-buildings
Microsoft,523,Continuous Subarray Sum,Medium,24.6%,0.21568639520612767,https://leetcode.com/problems/continuous-subarray-sum
Microsoft,158,Read N Characters Given Read4 II - Call multiple times,Hard,33.8%,0.21421194491522716,https://leetcode.com/problems/read-n-characters-given-read4-ii-call-multiple-times
Microsoft,205,Isomorphic Strings,Easy,39.8%,0.21117085755971557,https://leetcode.com/problems/isomorphic-strings
Microsoft,107,Binary Tree Level Order Traversal II,Easy,53.5%,0.2086357266305724,https://leetcode.com/problems/binary-tree-level-order-traversal-ii
Microsoft,717,1-bit and 2-bit Characters,Easy,48.8%,0.20727941516730314,https://leetcode.com/problems/1-bit-and-2-bit-characters
Microsoft,290,Word Pattern,Easy,37.0%,0.20496634325524304,https://leetcode.com/problems/word-pattern
Microsoft,463,Island Perimeter,Easy,65.7%,0.20102047685235075,https://leetcode.com/problems/island-perimeter
Microsoft,568,Maximum Vacation Days,Hard,40.8%,0.19966567025192705,https://leetcode.com/problems/maximum-vacation-days
Microsoft,209,Minimum Size Subarray Sum,Medium,38.2%,0.1916428563693859,https://leetcode.com/problems/minimum-size-subarray-sum
Microsoft,210,Course Schedule II,Medium,40.7%,0.19114245113569317,https://leetcode.com/problems/course-schedule-ii
Microsoft,219,Contains Duplicate II,Easy,37.7%,0.18696862869341266,https://leetcode.com/problems/contains-duplicate-ii
Microsoft,299,Bulls and Cows,Easy,42.4%,0.1826623303532244,https://leetcode.com/problems/bulls-and-cows
Microsoft,187,Repeated DNA Sequences,Medium,38.9%,0.18218832116655082,https://leetcode.com/problems/repeated-dna-sequences
Microsoft,284,Peeking Iterator,Medium,45.7%,0.1802129634981955,https://leetcode.com/problems/peeking-iterator
Microsoft,547,Friend Circles,Medium,58.6%,0.17970355268064825,https://leetcode.com/problems/friend-circles
Microsoft,437,Path Sum III,Medium,47.2%,0.17834783920071107,https://leetcode.com/problems/path-sum-iii
Microsoft,773,Sliding Puzzle,Hard,59.3%,0.17627924233799203,https://leetcode.com/problems/sliding-puzzle
Microsoft,987,Vertical Order Traversal of a Binary Tree,Medium,36.6%,0.17117447745078015,https://leetcode.com/problems/vertical-order-traversal-of-a-binary-tree
Microsoft,843,Guess the Word,Hard,46.1%,0.17062551703076334,https://leetcode.com/problems/guess-the-word
Microsoft,367,Valid Perfect Square,Easy,41.7%,0.16978101623607908,https://leetcode.com/problems/valid-perfect-square
Microsoft,609,Find Duplicate File in System,Medium,59.5%,0.16971838464062922,https://leetcode.com/problems/find-duplicate-file-in-system
Microsoft,784,Letter Case Permutation,Medium,64.6%,0.16909907515089384,https://leetcode.com/problems/letter-case-permutation
Microsoft,325,Maximum Size Subarray Sum Equals k,Medium,46.8%,0.16882086957505205,https://leetcode.com/problems/maximum-size-subarray-sum-equals-k
Microsoft,680,Valid Palindrome II,Easy,36.6%,0.1679540228531573,https://leetcode.com/problems/valid-palindrome-ii
Microsoft,489,Robot Room Cleaner,Hard,69.7%,0.16758021585734428,https://leetcode.com/problems/robot-room-cleaner
Microsoft,399,Evaluate Division,Medium,51.6%,0.16222534433150315,https://leetcode.com/problems/evaluate-division
Microsoft,653,Two Sum IV - Input is a BST,Easy,55.5%,0.16169480776777312,https://leetcode.com/problems/two-sum-iv-input-is-a-bst
Microsoft,662,Maximum Width of Binary Tree,Medium,41.0%,0.16006134199074026,https://leetcode.com/problems/maximum-width-of-binary-tree
Microsoft,222,Count Complete Tree Nodes,Medium,46.8%,0.15947973572471308,https://leetcode.com/problems/count-complete-tree-nodes
Microsoft,721,Accounts Merge,Medium,48.8%,0.15836350116973763,https://leetcode.com/problems/accounts-merge
Microsoft,131,Palindrome Partitioning,Medium,47.5%,0.15829229898055353,https://leetcode.com/problems/palindrome-partitioning
Microsoft,271,Encode and Decode Strings,Medium,31.5%,0.15521621002929656,https://leetcode.com/problems/encode-and-decode-strings
Microsoft,373,Find K Pairs with Smallest Sums,Medium,36.7%,0.15386549516826,https://leetcode.com/problems/find-k-pairs-with-smallest-sums
Microsoft,979,Distribute Coins in Binary Tree,Medium,68.9%,0.15348688956060175,https://leetcode.com/problems/distribute-coins-in-binary-tree
Microsoft,632,Smallest Range Covering Elements from K Lists,Hard,52.4%,0.15283920422944758,https://leetcode.com/problems/smallest-range-covering-elements-from-k-lists
Microsoft,833,Find And Replace in String,Medium,50.4%,0.1506602748874898,https://leetcode.com/problems/find-and-replace-in-string
Microsoft,365,Water and Jug Problem,Medium,30.6%,0.14565275315686743,https://leetcode.com/problems/water-and-jug-problem
Microsoft,1381,Design a Stack With Increment Operation,Medium,74.7%,0.1453140980267603,https://leetcode.com/problems/design-a-stack-with-increment-operation
Microsoft,939,Minimum Area Rectangle,Medium,51.8%,0.14413390158378703,https://leetcode.com/problems/minimum-area-rectangle
Microsoft,16,3Sum Closest,Medium,46.0%,0.14234512850929823,https://leetcode.com/problems/3sum-closest
Microsoft,769,Max Chunks To Make Sorted,Medium,54.8%,0.14019808398271194,https://leetcode.com/problems/max-chunks-to-make-sorted
Microsoft,176,Second Highest Salary,Easy,31.6%,0.1400039071301401,https://leetcode.com/problems/second-highest-salary
Microsoft,279,Perfect Squares,Medium,47.4%,0.13815033848081718,https://leetcode.com/problems/perfect-squares
Microsoft,282,Expression Add Operators,Hard,35.5%,0.13310419432681886,https://leetcode.com/problems/expression-add-operators
Microsoft,1143,Longest Common Subsequence,Medium,58.4%,0.13278227696210623,https://leetcode.com/problems/longest-common-subsequence
Microsoft,305,Number of Islands II,Hard,40.1%,0.1304306149462744,https://leetcode.com/problems/number-of-islands-ii
Microsoft,217,Contains Duplicate,Easy,56.0%,0.12838116664820678,https://leetcode.com/problems/contains-duplicate
Microsoft,707,Design Linked List,Medium,24.5%,0.12796988096337653,https://leetcode.com/problems/design-linked-list
Microsoft,612,Shortest Distance in a Plane,Medium,59.5%,0.1271551754852466,https://leetcode.com/problems/shortest-distance-in-a-plane
Microsoft,621,Task Scheduler,Medium,50.1%,0.12387972474581618,https://leetcode.com/problems/task-scheduler
Microsoft,704,Binary Search,Easy,52.1%,0.12265353454721256,https://leetcode.com/problems/binary-search
Microsoft,844,Backspace String Compare,Easy,46.4%,0.12201137176590456,https://leetcode.com/problems/backspace-string-compare
Microsoft,1114,Print in Order,Easy,65.7%,0.12136085700426744,https://leetcode.com/problems/print-in-order
Microsoft,323,Number of Connected Components in an Undirected Graph,Medium,56.0%,0.12008412526365206,https://leetcode.com/problems/number-of-connected-components-in-an-undirected-graph
Microsoft,525,Contiguous Array,Medium,42.8%,0.11750591219610916,https://leetcode.com/problems/contiguous-array
Microsoft,739,Daily Temperatures,Medium,63.3%,0.11646575243222568,https://leetcode.com/problems/daily-temperatures
Microsoft,515,Find Largest Value in Each Tree Row,Medium,61.1%,0.11375888535665801,https://leetcode.com/problems/find-largest-value-in-each-tree-row
Microsoft,671,Second Minimum Node In a Binary Tree,Easy,42.7%,0.11343592966337171,https://leetcode.com/problems/second-minimum-node-in-a-binary-tree
Microsoft,532,K-diff Pairs in an Array,Easy,31.6%,0.111723209445655,https://leetcode.com/problems/k-diff-pairs-in-an-array
Microsoft,973,K Closest Points to Origin,Medium,63.8%,0.11087510283099485,https://leetcode.com/problems/k-closest-points-to-origin
Microsoft,1008,Construct Binary Search Tree from Preorder Traversal,Medium,78.4%,0.11004936619718413,https://leetcode.com/problems/construct-binary-search-tree-from-preorder-traversal
Microsoft,213,House Robber II,Medium,36.5%,0.10850742141601913,https://leetcode.com/problems/house-robber-ii
Microsoft,852,Peak Index in a Mountain Array,Easy,71.6%,0.10821358464023274,https://leetcode.com/problems/peak-index-in-a-mountain-array
Microsoft,311,Sparse Matrix Multiplication,Medium,61.9%,0.10648348040245009,https://leetcode.com/problems/sparse-matrix-multiplication
Microsoft,1386,Cinema Seat Allocation,Medium,34.8%,0.10648348040245009,https://leetcode.com/problems/cinema-seat-allocation
Microsoft,406,Queue Reconstruction by Height,Medium,66.9%,0.10607646342422336,https://leetcode.com/problems/queue-reconstruction-by-height
Microsoft,34,Find First and Last Position of Element in Sorted Array,Medium,36.2%,0.10112681359490523,https://leetcode.com/problems/find-first-and-last-position-of-element-in-sorted-array
Microsoft,658,Find K Closest Elements,Medium,40.9%,0.0995648587647672,https://leetcode.com/problems/find-k-closest-elements
Microsoft,90,Subsets II,Medium,47.1%,0.09830555874512009,https://leetcode.com/problems/subsets-ii
Microsoft,1038,Binary Search Tree to Greater Sum Tree,Medium,80.8%,0.09811785595852335,https://leetcode.com/problems/binary-search-tree-to-greater-sum-tree
Microsoft,785,Is Graph Bipartite?,Medium,47.5%,0.09684982598991766,https://leetcode.com/problems/is-graph-bipartite
Microsoft,220,Contains Duplicate III,Medium,20.9%,0.09599691440839975,https://leetcode.com/problems/contains-duplicate-iii
Microsoft,895,Maximum Frequency Stack,Hard,60.6%,0.09490784626439754,https://leetcode.com/problems/maximum-frequency-stack
Microsoft,381,Insert Delete GetRandom O(1) - Duplicates allowed,Hard,34.1%,0.09106388892287375,https://leetcode.com/problems/insert-delete-getrandom-o1-duplicates-allowed
Microsoft,1324,Print Words Vertically,Medium,57.9%,0.09055957704572704,https://leetcode.com/problems/print-words-vertically
Microsoft,414,Third Maximum Number,Easy,30.5%,0.08956753807644377,https://leetcode.com/problems/third-maximum-number
Microsoft,1116,Print Zero Even Odd,Medium,56.0%,0.08934510033584994,https://leetcode.com/problems/print-zero-even-odd
Microsoft,907,Sum of Subarray Minimums,Medium,32.3%,0.08934510033584994,https://leetcode.com/problems/sum-of-subarray-minimums
Microsoft,819,Most Common Word,Easy,44.8%,0.0888376652987074,https://leetcode.com/problems/most-common-word
Microsoft,256,Paint House,Easy,52.1%,0.08650924290928251,https://leetcode.com/problems/paint-house
Microsoft,27,Remove Element,Easy,48.2%,0.08523043261863501,https://leetcode.com/problems/remove-element
Microsoft,703,Kth Largest Element in a Stream,Easy,49.7%,0.08385735299772534,https://leetcode.com/problems/kth-largest-element-in-a-stream
Microsoft,905,Sort Array By Parity,Easy,74.1%,0.08328510247304294,https://leetcode.com/problems/sort-array-by-parity
Microsoft,278,First Bad Version,Easy,35.7%,0.08295984140240989,https://leetcode.com/problems/first-bad-version
Microsoft,359,Logger Rate Limiter,Easy,70.8%,0.08167803101426718,https://leetcode.com/problems/logger-rate-limiter
Microsoft,643,Maximum Average Subarray I,Easy,41.5%,0.08105244450653293,https://leetcode.com/problems/maximum-average-subarray-i
Microsoft,96,Unique Binary Search Trees,Medium,52.9%,0.08025695513016742,https://leetcode.com/problems/unique-binary-search-trees
Microsoft,60,Permutation Sequence,Hard,38.4%,0.07948571541724253,https://leetcode.com/problems/permutation-sequence
Microsoft,1104,Path In Zigzag Labelled Binary Tree,Medium,72.0%,0.07786032177227234,https://leetcode.com/problems/path-in-zigzag-labelled-binary-tree
Microsoft,435,Non-overlapping Intervals,Medium,42.9%,0.07565042495900788,https://leetcode.com/problems/non-overlapping-intervals
Microsoft,480,Sliding Window Median,Hard,37.2%,0.0743529801177063,https://leetcode.com/problems/sliding-window-median
Microsoft,1079,Letter Tile Possibilities,Medium,75.4%,0.07350246199292652,https://leetcode.com/problems/letter-tile-possibilities
Microsoft,503,Next Greater Element II,Medium,56.5%,0.07339377143296942,https://leetcode.com/problems/next-greater-element-ii
Microsoft,144,Binary Tree Preorder Traversal,Medium,55.7%,0.0722495403534662,https://leetcode.com/problems/binary-tree-preorder-traversal
Microsoft,676,Implement Magic Dictionary,Medium,54.5%,0.06995858860691037,https://leetcode.com/problems/implement-magic-dictionary
Microsoft,1027,Longest Arithmetic Sequence,Medium,53.4%,0.06693948267510934,https://leetcode.com/problems/longest-arithmetic-sequence
Microsoft,1145,Binary Tree Coloring Game,Medium,51.2%,0.06592172080482424,https://leetcode.com/problems/binary-tree-coloring-game
Microsoft,1304,Find N Unique Integers Sum up to Zero,Easy,76.3%,0.06210765548004028,https://leetcode.com/problems/find-n-unique-integers-sum-up-to-zero
Microsoft,350,Intersection of Two Arrays II,Easy,51.4%,0.06202949919751832,https://leetcode.com/problems/intersection-of-two-arrays-ii
Microsoft,472,Concatenated Words,Hard,43.7%,0.06120196522807572,https://leetcode.com/problems/concatenated-words
Microsoft,796,Rotate String,Easy,49.6%,0.059778751425839334,https://leetcode.com/problems/rotate-string
Microsoft,47,Permutations II,Medium,46.4%,0.05897935516253239,https://leetcode.com/problems/permutations-ii
Microsoft,630,Course Schedule III,Hard,33.5%,0.058581901624802396,https://leetcode.com/problems/course-schedule-iii
Microsoft,111,Minimum Depth of Binary Tree,Easy,37.4%,0.05806209779650968,https://leetcode.com/problems/minimum-depth-of-binary-tree
Microsoft,100,Same Tree,Easy,53.4%,0.05782550765396603,https://leetcode.com/problems/same-tree
Microsoft,832,Flipping an Image,Easy,76.2%,0.057363394879920204,https://leetcode.com/problems/flipping-an-image
Microsoft,950,Reveal Cards In Increasing Order,Medium,74.6%,0.056592185311170023,https://leetcode.com/problems/reveal-cards-in-increasing-order
Microsoft,541,Reverse String II,Easy,48.4%,0.05615948403872344,https://leetcode.com/problems/reverse-string-ii
Microsoft,735,Asteroid Collision,Medium,41.0%,0.05479154882968245,https://leetcode.com/problems/asteroid-collision
Microsoft,1229,Meeting Scheduler,Medium,52.7%,0.053560323833736816,https://leetcode.com/problems/meeting-scheduler
Microsoft,1092,Shortest Common Supersequence,Hard,51.6%,0.053488684950986194,https://leetcode.com/problems/shortest-common-supersequence
Microsoft,303,Range Sum Query - Immutable,Easy,44.7%,0.05194286677525062,https://leetcode.com/problems/range-sum-query-immutable
Microsoft,981,Time Based Key-Value Store,Medium,53.1%,0.049406315387071284,https://leetcode.com/problems/time-based-key-value-store
Microsoft,67,Add Binary,Easy,45.2%,0.049093096377302976,https://leetcode.com/problems/add-binary
Microsoft,459,Repeated Substring Pattern,Easy,42.2%,0.04752742385552696,https://leetcode.com/problems/repeated-substring-pattern
Microsoft,845,Longest Mountain in Array,Medium,37.2%,0.047458490406358134,https://leetcode.com/problems/longest-mountain-in-array
Microsoft,876,Middle of the Linked List,Easy,68.4%,0.046728740327781716,https://leetcode.com/problems/middle-of-the-linked-list
Microsoft,977,Squares of a Sorted Array,Easy,72.1%,0.046652914831048324,https://leetcode.com/problems/squares-of-a-sorted-array
Microsoft,670,Maximum Swap,Medium,43.6%,0.04630456804168632,https://leetcode.com/problems/maximum-swap
Microsoft,494,Target Sum,Medium,46.3%,0.04353244473664264,https://leetcode.com/problems/target-sum
Microsoft,938,Range Sum of BST,Easy,81.3%,0.043035900859132004,https://leetcode.com/problems/range-sum-of-bst
Microsoft,1004,Max Consecutive Ones III,Medium,59.1%,0.041252411938220004,https://leetcode.com/problems/max-consecutive-ones-iii
Microsoft,211,Add and Search Word - Data structure design,Medium,38.1%,0.04111576039097048,https://leetcode.com/problems/add-and-search-word-data-structure-design
Microsoft,35,Search Insert Position,Easy,42.6%,0.041064163611348584,https://leetcode.com/problems/search-insert-position
Microsoft,788,Rotated Digits,Easy,57.1%,0.03980625040041967,https://leetcode.com/problems/rotated-digits
Microsoft,872,Leaf-Similar Trees,Easy,64.5%,0.03899974309382511,https://leetcode.com/problems/leaf-similar-trees
Microsoft,884,Uncommon Words from Two Sentences,Easy,63.3%,0.036301626676214796,https://leetcode.com/problems/uncommon-words-from-two-sentences
Microsoft,934,Shortest Bridge,Medium,48.2%,0.03607244121670154,https://leetcode.com/problems/shortest-bridge
Microsoft,650,2 Keys Keyboard,Medium,49.2%,0.035910501305770864,https://leetcode.com/problems/2-keys-keyboard
Microsoft,929,Unique Email Addresses,Easy,67.4%,0.033748984736641036,https://leetcode.com/problems/unique-email-addresses
Microsoft,485,Max Consecutive Ones,Easy,54.6%,0.03276403666757628,https://leetcode.com/problems/max-consecutive-ones
Microsoft,258,Add Digits,Easy,57.6%,0.03259608198749547,https://leetcode.com/problems/add-digits
Microsoft,203,Remove Linked List Elements,Easy,38.6%,0.032376928724459735,https://leetcode.com/problems/remove-linked-list-elements
Microsoft,1091,Shortest Path in Binary Matrix,Medium,38.2%,0.03164821095078173,https://leetcode.com/problems/shortest-path-in-binary-matrix
Microsoft,867,Transpose Matrix,Easy,62.8%,0.031179454774354007,https://leetcode.com/problems/transpose-matrix
Microsoft,953,Verifying an Alien Dictionary,Easy,54.1%,0.03117337947619734,https://leetcode.com/problems/verifying-an-alien-dictionary
Microsoft,575,Distribute Candies,Easy,61.4%,0.030890487019338404,https://leetcode.com/problems/distribute-candies
Microsoft,1192,Critical Connections in a Network,Hard,48.6%,0.030183377823098576,https://leetcode.com/problems/critical-connections-in-a-network
Microsoft,452,Minimum Number of Arrows to Burst Balloons,Medium,49.6%,0.029478921626711667,https://leetcode.com/problems/minimum-number-of-arrows-to-burst-balloons
Microsoft,496,Next Greater Element I,Easy,63.8%,0.029462032730316202,https://leetcode.com/problems/next-greater-element-i
Microsoft,338,Counting Bits,Medium,69.5%,0.024325523767440974,https://leetcode.com/problems/counting-bits
Microsoft,1344,Angle Between Hands of a Clock,Medium,61.4%,0.023682900893022413,https://leetcode.com/problems/angle-between-hands-of-a-clock
Microsoft,1019,Next Greater Node In Linked List,Medium,57.4%,0.02159911180346178,https://leetcode.com/problems/next-greater-node-in-linked-list
Microsoft,1122,Relative Sort Array,Easy,67.7%,0.019685675071030327,https://leetcode.com/problems/relative-sort-array
Microsoft,674,Longest Continuous Increasing Subsequence,Easy,45.9%,0.01900294712561538,https://leetcode.com/problems/longest-continuous-increasing-subsequence
Microsoft,1155,Number of Dice Rolls With Target Sum,Medium,49.0%,0.018904154639152678,https://leetcode.com/problems/number-of-dice-rolls-with-target-sum
Microsoft,787,Cheapest Flights Within K Stops,Medium,39.3%,0.018824085245635554,https://leetcode.com/problems/cheapest-flights-within-k-stops
Microsoft,743,Network Delay Time,Medium,45.0%,0.012743084194281933,https://leetcode.com/problems/network-delay-time
Microsoft,1249,Minimum Remove to Make Valid Parentheses,Medium,62.5%,0.009195467093100304,https://leetcode.com/problems/minimum-remove-to-make-valid-parentheses
Microsoft,1470,Shuffle the Array,Easy,88.9%,0.004527967890154029,https://leetcode.com/problems/shuffle-the-array
Microsoft,513,Find Bottom Left Tree Value,Medium,61.5%,0,https://leetcode.com/problems/find-bottom-left-tree-value
Microsoft,631,Design Excel Sum Formula,Hard,31.6%,0,https://leetcode.com/problems/design-excel-sum-formula
Microsoft,654,Maximum Binary Tree,Medium,79.9%,0,https://leetcode.com/problems/maximum-binary-tree
Microsoft,672,Bulb Switcher II,Medium,50.9%,0,https://leetcode.com/problems/bulb-switcher-ii
Microsoft,871,Minimum Number of Refueling Stops,Hard,31.4%,0,https://leetcode.com/problems/minimum-number-of-refueling-stops
Microsoft,886,Possible Bipartition,Medium,44.2%,0,https://leetcode.com/problems/possible-bipartition
Microsoft,901,Online Stock Span,Medium,60.2%,0,https://leetcode.com/problems/online-stock-span
Microsoft,972,Equal Rational Numbers,Hard,41.6%,0,https://leetcode.com/problems/equal-rational-numbers
Microsoft,1006,Clumsy Factorial,Medium,53.3%,0,https://leetcode.com/problems/clumsy-factorial
Microsoft,1013,Partition Array Into Three Parts With Equal Sum,Easy,51.8%,0,https://leetcode.com/problems/partition-array-into-three-parts-with-equal-sum
Microsoft,1053,Previous Permutation With One Swap,Medium,48.5%,0,https://leetcode.com/problems/previous-permutation-with-one-swap
Microsoft,1198,Find Smallest Common Element in All Rows,Medium,74.9%,0,https://leetcode.com/problems/find-smallest-common-element-in-all-rows
Microsoft,1093,Statistics from a Large Sample,Medium,48.2%,0,https://leetcode.com/problems/statistics-from-a-large-sample
Microsoft,1273,Delete Tree Nodes,Medium,63.5%,0,https://leetcode.com/problems/delete-tree-nodes
Microsoft,1131,Maximum of Absolute Value Expression,Medium,53.0%,0,https://leetcode.com/problems/maximum-of-absolute-value-expression
Microsoft,1206,Design Skiplist,Hard,57.3%,0,https://leetcode.com/problems/design-skiplist
Microsoft,1285,Find the Start and End Number of Continuous Ranges,Medium,83.8%,0,https://leetcode.com/problems/find-the-start-and-end-number-of-continuous-ranges
Microsoft,1306,Jump Game III,Medium,60.4%,0,https://leetcode.com/problems/jump-game-iii
Microsoft,1318,Minimum Flips to Make a OR b Equal to c,Medium,62.8%,0,https://leetcode.com/problems/minimum-flips-to-make-a-or-b-equal-to-c
Microsoft,1339,Maximum Product of Splitted Binary Tree,Medium,37.2%,0,https://leetcode.com/problems/maximum-product-of-splitted-binary-tree
Microsoft,1371,Find the Longest Substring Containing Vowels in Even Counts,Medium,58.2%,0,https://leetcode.com/problems/find-the-longest-substring-containing-vowels-in-even-counts
Microsoft,1369,Get the Second Most Recent Activity,Hard,65.1%,0,https://leetcode.com/problems/get-the-second-most-recent-activity
Microsoft,1394,Find Lucky Integer in an Array,Easy,64.4%,0,https://leetcode.com/problems/find-lucky-integer-in-an-array
Microsoft,1415,The k-th Lexicographical String of All Happy Strings of Length n,Medium,70.4%,0,https://leetcode.com/problems/the-k-th-lexicographical-string-of-all-happy-strings-of-length-n
Microsoft,1417,Reformat The String,Easy,55.0%,0,https://leetcode.com/problems/reformat-the-string
Microsoft,1448,Count Good Nodes in Binary Tree,Medium,70.4%,0,https://leetcode.com/problems/count-good-nodes-in-binary-tree
Microsoft,1458,Max Dot Product of Two Subsequences,Hard,41.7%,0,https://leetcode.com/problems/max-dot-product-of-two-subsequences
Microsoft,1469,Find All The Lonely Nodes,Easy,81.4%,0,https://leetcode.com/problems/find-all-the-lonely-nodes
Microsoft,1510,Stone Game IV,Hard,50.3%,0,https://leetcode.com/problems/stone-game-iv
Microsoft,1474,Delete N Nodes After M Nodes of a Linked List,Easy,74.2%,0,https://leetcode.com/problems/delete-n-nodes-after-m-nodes-of-a-linked-list
Microsoft,1523,Count Odd Numbers in an Interval Range,Easy,55.8%,0,https://leetcode.com/problems/count-odd-numbers-in-an-interval-range
Microsoft,1518,Water Bottles,Easy,63.1%,0,https://leetcode.com/problems/water-bottles
Microsoft,1539,Kth Missing Positive Number,Easy,52.3%,0,https://leetcode.com/problems/kth-missing-positive-number
Microsoft,1528,Shuffle String,Easy,86.1%,0,https://leetcode.com/problems/shuffle-string
Apple,1,Two Sum,Easy,45.6%,2.44165352519978,https://leetcode.com/problems/two-sum
Apple,146,LRU Cache,Medium,33.2%,2.288507627845124,https://leetcode.com/problems/lru-cache
Apple,403,Frog Jump,Hard,39.7%,2.1353617304904677,https://leetcode.com/problems/frog-jump
Apple,54,Spiral Matrix,Medium,34.1%,1.9822158331358115,https://leetcode.com/problems/spiral-matrix
Apple,2,Add Two Numbers,Medium,33.9%,1.9375806091809586,https://leetcode.com/problems/add-two-numbers
Apple,284,Peeking Iterator,Medium,45.7%,1.8988473588427888,https://leetcode.com/problems/peeking-iterator
Apple,4,Median of Two Sorted Arrays,Hard,29.6%,1.7457014614881325,https://leetcode.com/problems/median-of-two-sorted-arrays
Apple,53,Maximum Subarray,Easy,46.5%,1.6039792365262746,https://leetcode.com/problems/maximum-subarray
Apple,341,Flatten Nested List Iterator,Medium,52.9%,1.5961203655643161,https://leetcode.com/problems/flatten-nested-list-iterator
Apple,42,Trapping Rain Water,Hard,48.9%,1.4504927724580507,https://leetcode.com/problems/trapping-rain-water
Apple,391,Perfect Rectangle,Hard,30.5%,1.2973468751033945,https://leetcode.com/problems/perfect-rectangle
Apple,206,Reverse Linked List,Easy,62.5%,1.2889543040599838,https://leetcode.com/problems/reverse-linked-list
Apple,295,Find Median from Data Stream,Hard,44.3%,1.2415624618248458,https://leetcode.com/problems/find-median-from-data-stream
Apple,200,Number of Islands,Medium,46.8%,1.2336678652006239,https://leetcode.com/problems/number-of-islands
Apple,5,Longest Palindromic Substring,Medium,29.5%,1.2049820501287227,https://leetcode.com/problems/longest-palindromic-substring
Apple,218,The Skyline Problem,Hard,34.6%,1.2026816485623162,https://leetcode.com/problems/the-skyline-problem
Apple,1095,Find in Mountain Array,Hard,35.8%,1.2013559031699637,https://leetcode.com/problems/find-in-mountain-array
Apple,97,Interleaving String,Hard,31.5%,1.1879190873014442,https://leetcode.com/problems/interleaving-string
Apple,479,Largest Palindrome Product,Hard,29.0%,1.1700712526502546,https://leetcode.com/problems/largest-palindrome-product
Apple,393,UTF-8 Validation,Medium,37.5%,1.1560693436928968,https://leetcode.com/problems/utf-8-validation
Apple,238,Product of Array Except Self,Medium,60.1%,1.125997958136907,https://leetcode.com/problems/product-of-array-except-self
Apple,311,Sparse Matrix Multiplication,Medium,61.9%,1.1083957349771807,https://leetcode.com/problems/sparse-matrix-multiplication
Apple,8,String to Integer (atoi),Medium,15.4%,1.0728242725044976,https://leetcode.com/problems/string-to-integer-atoi
Apple,428,Serialize and Deserialize N-ary Tree,Hard,59.4%,1.0697178226683948,https://leetcode.com/problems/serialize-and-deserialize-n-ary-tree
Apple,348,Design Tic-Tac-Toe,Medium,54.3%,1.0191481173138628,https://leetcode.com/problems/design-tic-tac-toe
Apple,56,Merge Intervals,Medium,39.3%,1.01565662402753,https://leetcode.com/problems/merge-intervals
Apple,15,3Sum,Medium,26.8%,1.0028066641920665,https://leetcode.com/problems/3sum
Apple,202,Happy Number,Easy,50.4%,0.9974860771490718,https://leetcode.com/problems/happy-number
Apple,329,Longest Increasing Path in a Matrix,Hard,43.4%,0.9678875215177066,https://leetcode.com/problems/longest-increasing-path-in-a-matrix
Apple,49,Group Anagrams,Medium,56.9%,0.9561708823315207,https://leetcode.com/problems/group-anagrams
Apple,23,Merge k Sorted Lists,Hard,40.2%,0.9024122656636089,https://leetcode.com/problems/merge-k-sorted-lists
Apple,3,Longest Substring Without Repeating Characters,Medium,30.4%,0.8759518910272411,https://leetcode.com/problems/longest-substring-without-repeating-characters
Apple,21,Merge Two Sorted Lists,Easy,53.5%,0.8331029734573284,https://leetcode.com/problems/merge-two-sorted-lists
Apple,139,Word Break,Medium,40.1%,0.7861844908659293,https://leetcode.com/problems/word-break
Apple,351,Android Unlock Patterns,Medium,48.4%,0.7857399673877702,https://leetcode.com/problems/android-unlock-patterns
Apple,20,Valid Parentheses,Easy,39.0%,0.7728842221115333,https://leetcode.com/problems/valid-parentheses
Apple,269,Alien Dictionary,Hard,33.3%,0.7683984542353193,https://leetcode.com/problems/alien-dictionary
Apple,212,Word Search II,Hard,34.9%,0.7375344172881568,https://leetcode.com/problems/word-search-ii
Apple,149,Max Points on a Line,Hard,16.9%,0.7241094061639122,https://leetcode.com/problems/max-points-on-a-line
Apple,33,Search in Rotated Sorted Array,Medium,34.5%,0.7169635384120102,https://leetcode.com/problems/search-in-rotated-sorted-array
Apple,48,Rotate Image,Medium,56.7%,0.6937855463652177,https://leetcode.com/problems/rotate-image
Apple,242,Valid Anagram,Easy,56.9%,0.6931992137571369,https://leetcode.com/problems/valid-anagram
Apple,7,Reverse Integer,Easy,25.8%,0.6643014117400133,https://leetcode.com/problems/reverse-integer
Apple,204,Count Primes,Easy,31.5%,0.6619706759370921,https://leetcode.com/problems/count-primes
Apple,17,Letter Combinations of a Phone Number,Medium,46.8%,0.6562442821203051,https://leetcode.com/problems/letter-combinations-of-a-phone-number
Apple,227,Basic Calculator II,Medium,36.9%,0.642608764196984,https://leetcode.com/problems/basic-calculator-ii
Apple,412,Fizz Buzz,Easy,62.3%,0.6260403395391076,https://leetcode.com/problems/fizz-buzz
Apple,121,Best Time to Buy and Sell Stock,Easy,50.5%,0.6154427600124589,https://leetcode.com/problems/best-time-to-buy-and-sell-stock
Apple,472,Concatenated Words,Hard,43.7%,0.6143892946481566,https://leetcode.com/problems/concatenated-words
Apple,387,First Unique Character in a String,Easy,53.4%,0.599968522143342,https://leetcode.com/problems/first-unique-character-in-a-string
Apple,688,Knight Probability in Chessboard,Medium,48.9%,0.581062856900522,https://leetcode.com/problems/knight-probability-in-chessboard
Apple,281,Zigzag Iterator,Medium,58.4%,0.5665602602882338,https://leetcode.com/problems/zigzag-iterator
Apple,344,Reverse String,Easy,68.5%,0.5520785062823355,https://leetcode.com/problems/reverse-string
Apple,380,Insert Delete GetRandom O(1),Medium,47.5%,0.5382766101249649,https://leetcode.com/problems/insert-delete-getrandom-o1
Apple,12,Integer to Roman,Medium,55.1%,0.527144190884061,https://leetcode.com/problems/integer-to-roman
Apple,322,Coin Change,Medium,35.5%,0.5202300817939691,https://leetcode.com/problems/coin-change
Apple,545,Boundary of Binary Tree,Medium,38.9%,0.5184398737512361,https://leetcode.com/problems/boundary-of-binary-tree
Apple,394,Decode String,Medium,50.0%,0.5093485186229775,https://leetcode.com/problems/decode-string
Apple,36,Valid Sudoku,Medium,48.7%,0.505273909298483,https://leetcode.com/problems/valid-sudoku
Apple,297,Serialize and Deserialize Binary Tree,Hard,47.5%,0.4952936935923334,https://leetcode.com/problems/serialize-and-deserialize-binary-tree
Apple,236,Lowest Common Ancestor of a Binary Tree,Medium,45.7%,0.4854623787914392,https://leetcode.com/problems/lowest-common-ancestor-of-a-binary-tree
Apple,125,Valid Palindrome,Easy,36.7%,0.48439503752030155,https://leetcode.com/problems/valid-palindrome
Apple,251,Flatten 2D Vector,Medium,45.7%,0.4808790962829651,https://leetcode.com/problems/flatten-2d-vector
Apple,45,Jump Game II,Hard,30.6%,0.47865910784592636,https://leetcode.com/problems/jump-game-ii
Apple,46,Permutations,Medium,63.5%,0.4752581007118412,https://leetcode.com/problems/permutations
Apple,191,Number of 1 Bits,Easy,49.8%,0.4747037980781537,https://leetcode.com/problems/number-of-1-bits
Apple,14,Longest Common Prefix,Easy,35.4%,0.47383141489567654,https://leetcode.com/problems/longest-common-prefix
Apple,31,Next Permutation,Medium,32.6%,0.4704916447217573,https://leetcode.com/problems/next-permutation
Apple,771,Jewels and Stones,Easy,86.4%,0.4651251797550661,https://leetcode.com/problems/jewels-and-stones
Apple,724,Find Pivot Index,Easy,44.0%,0.4632690080861186,https://leetcode.com/problems/find-pivot-index
Apple,336,Palindrome Pairs,Hard,33.7%,0.462623521948113,https://leetcode.com/problems/palindrome-pairs
Apple,155,Min Stack,Easy,44.5%,0.421871495581358,https://leetcode.com/problems/min-stack
Apple,177,Nth Highest Salary,Medium,31.4%,0.41948151008170015,https://leetcode.com/problems/nth-highest-salary
Apple,253,Meeting Rooms II,Medium,45.7%,0.41816049272375677,https://leetcode.com/problems/meeting-rooms-ii
Apple,273,Integer to English Words,Hard,27.1%,0.4144392041299435,https://leetcode.com/problems/integer-to-english-words
Apple,460,LFU Cache,Hard,34.2%,0.40755934971127916,https://leetcode.com/problems/lfu-cache
Apple,836,Rectangle Overlap,Easy,48.6%,0.4032144677719462,https://leetcode.com/problems/rectangle-overlap
Apple,1229,Meeting Scheduler,Medium,52.7%,0.40225040958769004,https://leetcode.com/problems/meeting-scheduler
Apple,13,Roman to Integer,Easy,55.7%,0.40185220095239377,https://leetcode.com/problems/roman-to-integer
Apple,175,Combine Two Tables,Easy,60.8%,0.4017882776475531,https://leetcode.com/problems/combine-two-tables
Apple,419,Battleships in a Board,Medium,70.0%,0.3933437475758196,https://leetcode.com/problems/battleships-in-a-board
Apple,909,Snakes and Ladders,Medium,38.4%,0.38977851194046487,https://leetcode.com/problems/snakes-and-ladders
Apple,733,Flood Fill,Easy,55.3%,0.38973764039563735,https://leetcode.com/problems/flood-fill
Apple,981,Time Based Key-Value Store,Medium,53.1%,0.3755723540313778,https://leetcode.com/problems/time-based-key-value-store
Apple,279,Perfect Squares,Medium,47.4%,0.3741145782240884,https://leetcode.com/problems/perfect-squares
Apple,138,Copy List with Random Pointer,Medium,36.4%,0.37065838268713125,https://leetcode.com/problems/copy-list-with-random-pointer
Apple,388,Longest Absolute File Path,Medium,41.8%,0.3696340885812376,https://leetcode.com/problems/longest-absolute-file-path
Apple,168,Excel Sheet Column Title,Easy,31.1%,0.3628674542424574,https://leetcode.com/problems/excel-sheet-column-title
Apple,88,Merge Sorted Array,Easy,39.4%,0.3605564574852291,https://leetcode.com/problems/merge-sorted-array
Apple,141,Linked List Cycle,Easy,41.1%,0.3531074716115724,https://leetcode.com/problems/linked-list-cycle
Apple,18,4Sum,Medium,33.7%,0.34917906630295314,https://leetcode.com/problems/4sum
Apple,609,Find Duplicate File in System,Medium,59.5%,0.34796661604694806,https://leetcode.com/problems/find-duplicate-file-in-system
Apple,51,N-Queens,Hard,46.6%,0.34587301090591877,https://leetcode.com/problems/n-queens
Apple,694,Number of Distinct Islands,Medium,56.0%,0.34240697214102744,https://leetcode.com/problems/number-of-distinct-islands
Apple,102,Binary Tree Level Order Traversal,Medium,54.6%,0.3378514215595053,https://leetcode.com/problems/binary-tree-level-order-traversal
Apple,76,Minimum Window Substring,Hard,34.6%,0.33651688545811814,https://leetcode.com/problems/minimum-window-substring
Apple,59,Spiral Matrix II,Medium,53.9%,0.33499311472223486,https://leetcode.com/problems/spiral-matrix-ii
Apple,233,Number of Digit One,Hard,31.3%,0.3343430661930074,https://leetcode.com/problems/number-of-digit-one
Apple,268,Missing Number,Easy,51.7%,0.3338128467131867,https://leetcode.com/problems/missing-number
Apple,195,Tenth Line,Easy,33.0%,0.33285477845978384,https://leetcode.com/problems/tenth-line
Apple,140,Word Break II,Hard,32.6%,0.3295552897925928,https://leetcode.com/problems/word-break-ii
Apple,333,Largest BST Subtree,Medium,35.8%,0.32931497055013925,https://leetcode.com/problems/largest-bst-subtree
Apple,32,Longest Valid Parentheses,Hard,28.4%,0.3269467909737243,https://leetcode.com/problems/longest-valid-parentheses
Apple,38,Count and Say,Easy,44.6%,0.3258044151850429,https://leetcode.com/problems/count-and-say
Apple,384,Shuffle an Array,Medium,52.8%,0.3251022057535279,https://leetcode.com/problems/shuffle-an-array
Apple,127,Word Ladder,Medium,29.6%,0.32483918858722843,https://leetcode.com/problems/word-ladder
Apple,16,3Sum Closest,Medium,46.0%,0.3149279072827814,https://leetcode.com/problems/3sum-closest
Apple,692,Top K Frequent Words,Medium,51.8%,0.31457116512531025,https://leetcode.com/problems/top-k-frequent-words
Apple,706,Design HashMap,Easy,61.3%,0.30607943759149703,https://leetcode.com/problems/design-hashmap
Apple,10,Regular Expression Matching,Hard,26.8%,0.3026257535192428,https://leetcode.com/problems/regular-expression-matching
Apple,24,Swap Nodes in Pairs,Medium,50.4%,0.30089598994357436,https://leetcode.com/problems/swap-nodes-in-pairs
Apple,283,Move Zeroes,Easy,57.8%,0.29983432977210245,https://leetcode.com/problems/move-zeroes
Apple,179,Largest Number,Medium,28.8%,0.2993933318726824,https://leetcode.com/problems/largest-number
Apple,332,Reconstruct Itinerary,Medium,36.7%,0.29733066556761284,https://leetcode.com/problems/reconstruct-itinerary
Apple,193,Valid Phone Numbers,Easy,25.3%,0.29626581614317243,https://leetcode.com/problems/valid-phone-numbers
Apple,34,Find First and Last Position of Element in Sorted Array,Medium,36.2%,0.2962385293756158,https://leetcode.com/problems/find-first-and-last-position-of-element-in-sorted-array
Apple,68,Text Justification,Hard,27.7%,0.29518712556880805,https://leetcode.com/problems/text-justification
Apple,232,Implement Queue using Stacks,Easy,49.6%,0.29416188100982804,https://leetcode.com/problems/implement-queue-using-stacks
Apple,171,Excel Sheet Column Number,Easy,55.9%,0.2930854047798333,https://leetcode.com/problems/excel-sheet-column-number
Apple,401,Binary Watch,Easy,47.5%,0.29139641067451033,https://leetcode.com/problems/binary-watch
Apple,300,Longest Increasing Subsequence,Medium,42.6%,0.29104142745374856,https://leetcode.com/problems/longest-increasing-subsequence
Apple,91,Decode Ways,Medium,24.7%,0.2902229900433467,https://leetcode.com/problems/decode-ways
Apple,796,Rotate String,Easy,49.6%,0.28922092887241174,https://leetcode.com/problems/rotate-string
Apple,239,Sliding Window Maximum,Hard,43.0%,0.2889699026362096,https://leetcode.com/problems/sliding-window-maximum
Apple,729,My Calendar I,Medium,51.8%,0.28814578681204955,https://leetcode.com/problems/my-calendar-i
Apple,463,Island Perimeter,Easy,65.7%,0.2871321686710828,https://leetcode.com/problems/island-perimeter
Apple,996,Number of Squareful Arrays,Hard,47.8%,0.28675913745318005,https://leetcode.com/problems/number-of-squareful-arrays
Apple,973,K Closest Points to Origin,Medium,63.8%,0.28194765395047156,https://leetcode.com/problems/k-closest-points-to-origin
Apple,39,Combination Sum,Medium,56.1%,0.2794799975469249,https://leetcode.com/problems/combination-sum
Apple,75,Sort Colors,Medium,47.3%,0.2778743740687611,https://leetcode.com/problems/sort-colors
Apple,136,Single Number,Easy,65.5%,0.27522969174444734,https://leetcode.com/problems/single-number
Apple,41,First Missing Positive,Hard,32.0%,0.2739607716310848,https://leetcode.com/problems/first-missing-positive
Apple,362,Design Hit Counter,Medium,63.7%,0.2737682417732349,https://leetcode.com/problems/design-hit-counter
Apple,11,Container With Most Water,Medium,50.8%,0.2679205380972798,https://leetcode.com/problems/container-with-most-water
Apple,486,Predict the Winner,Medium,47.9%,0.26356981012283964,https://leetcode.com/problems/predict-the-winner
Apple,221,Maximal Square,Medium,37.7%,0.26278452083005377,https://leetcode.com/problems/maximal-square
Apple,223,Rectangle Area,Medium,37.8%,0.2578291093020998,https://leetcode.com/problems/rectangle-area
Apple,315,Count of Smaller Numbers After Self,Hard,41.5%,0.2567607594720918,https://leetcode.com/problems/count-of-smaller-numbers-after-self
Apple,187,Repeated DNA Sequences,Medium,38.9%,0.2529118727100632,https://leetcode.com/problems/repeated-dna-sequences
Apple,443,String Compression,Easy,41.3%,0.2496791049401753,https://leetcode.com/problems/string-compression
Apple,22,Generate Parentheses,Medium,62.7%,0.24664152258151367,https://leetcode.com/problems/generate-parentheses
Apple,316,Remove Duplicate Letters,Hard,35.8%,0.24545840052279075,https://leetcode.com/problems/remove-duplicate-letters
Apple,895,Maximum Frequency Stack,Hard,60.6%,0.24416008667586836,https://leetcode.com/problems/maximum-frequency-stack
Apple,415,Add Strings,Easy,47.5%,0.24230382668402778,https://leetcode.com/problems/add-strings
Apple,277,Find the Celebrity,Medium,41.8%,0.24003104821376078,https://leetcode.com/problems/find-the-celebrity
Apple,167,Two Sum II - Input array is sorted,Easy,54.1%,0.23949403264353084,https://leetcode.com/problems/two-sum-ii-input-array-is-sorted
Apple,658,Find K Closest Elements,Medium,40.9%,0.23744614004484665,https://leetcode.com/problems/find-k-closest-elements
Apple,381,Insert Delete GetRandom O(1) - Duplicates allowed,Hard,34.1%,0.2349381278070467,https://leetcode.com/problems/insert-delete-getrandom-o1-duplicates-allowed
Apple,92,Reverse Linked List II,Medium,38.8%,0.23274095442047985,https://leetcode.com/problems/reverse-linked-list-ii
Apple,636,Exclusive Time of Functions,Medium,52.0%,0.23128872777861115,https://leetcode.com/problems/exclusive-time-of-functions
Apple,509,Fibonacci Number,Easy,67.2%,0.22873204718012582,https://leetcode.com/problems/fibonacci-number
Apple,165,Compare Version Numbers,Medium,27.4%,0.22687712200146865,https://leetcode.com/problems/compare-version-numbers
Apple,28,Implement strStr(),Easy,34.5%,0.22543251399322328,https://leetcode.com/problems/implement-strstr
Apple,237,Delete Node in a Linked List,Easy,63.8%,0.22533328620090126,https://leetcode.com/problems/delete-node-in-a-linked-list
Apple,104,Maximum Depth of Binary Tree,Easy,66.0%,0.2247057029374007,https://leetcode.com/problems/maximum-depth-of-binary-tree
Apple,498,Diagonal Traverse,Medium,48.2%,0.22440062250426088,https://leetcode.com/problems/diagonal-traverse
Apple,69,Sqrt(x),Easy,33.9%,0.22365492948950624,https://leetcode.com/problems/sqrtx
Apple,215,Kth Largest Element in an Array,Medium,55.4%,0.22333903562721621,https://leetcode.com/problems/kth-largest-element-in-an-array
Apple,353,Design Snake Game,Medium,34.2%,0.2228314901476892,https://leetcode.com/problems/design-snake-game
Apple,133,Clone Graph,Medium,34.8%,0.22085334910266116,https://leetcode.com/problems/clone-graph
Apple,9,Palindrome Number,Easy,48.4%,0.2202947418496198,https://leetcode.com/problems/palindrome-number
Apple,986,Interval List Intersections,Medium,67.3%,0.21819454006628897,https://leetcode.com/problems/interval-list-intersections
Apple,229,Majority Element II,Medium,35.6%,0.21162970925187066,https://leetcode.com/problems/majority-element-ii
Apple,108,Convert Sorted Array to Binary Search Tree,Easy,57.9%,0.2113223542441748,https://leetcode.com/problems/convert-sorted-array-to-binary-search-tree
Apple,661,Image Smoother,Easy,51.5%,0.21106039931128698,https://leetcode.com/problems/image-smoother
Apple,124,Binary Tree Maximum Path Sum,Hard,34.3%,0.21055599204217199,https://leetcode.com/problems/binary-tree-maximum-path-sum
Apple,6,ZigZag Conversion,Medium,36.3%,0.21040551802808702,https://leetcode.com/problems/zigzag-conversion
Apple,741,Cherry Pickup,Hard,33.9%,0.20909179785855941,https://leetcode.com/problems/cherry-pickup
Apple,169,Majority Element,Easy,58.7%,0.2079562741042954,https://leetcode.com/problems/majority-element
Apple,837,New 21 Game,Medium,34.6%,0.20526312603636132,https://leetcode.com/problems/new-21-game
Apple,62,Unique Paths,Medium,54.1%,0.20453705875726236,https://leetcode.com/problems/unique-paths
Apple,220,Contains Duplicate III,Medium,20.9%,0.20432784239539936,https://leetcode.com/problems/contains-duplicate-iii
Apple,37,Sudoku Solver,Hard,43.6%,0.20309089276282075,https://leetcode.com/problems/sudoku-solver
Apple,543,Diameter of Binary Tree,Easy,48.4%,0.2027481163433401,https://leetcode.com/problems/diameter-of-binary-tree
Apple,557,Reverse Words in a String III,Easy,69.8%,0.1998533423830101,https://leetcode.com/problems/reverse-words-in-a-string-iii
Apple,349,Intersection of Two Arrays,Easy,62.5%,0.19894926823907688,https://leetcode.com/problems/intersection-of-two-arrays
Apple,120,Triangle,Medium,44.2%,0.19325424809414601,https://leetcode.com/problems/triangle
Apple,173,Binary Search Tree Iterator,Medium,56.6%,0.1932027494363769,https://leetcode.com/problems/binary-search-tree-iterator
Apple,65,Valid Number,Hard,15.3%,0.18904265746703205,https://leetcode.com/problems/valid-number
Apple,25,Reverse Nodes in k-Group,Hard,42.1%,0.18884373606243307,https://leetcode.com/problems/reverse-nodes-in-k-group
Apple,549,Binary Tree Longest Consecutive Sequence II,Medium,47.0%,0.1884471502206373,https://leetcode.com/problems/binary-tree-longest-consecutive-sequence-ii
Apple,178,Rank Scores,Medium,45.8%,0.18843907402659216,https://leetcode.com/problems/rank-scores
Apple,72,Edit Distance,Hard,44.8%,0.18554648786569794,https://leetcode.com/problems/edit-distance
Apple,77,Combinations,Medium,54.7%,0.18405670984385755,https://leetcode.com/problems/combinations
Apple,518,Coin Change 2,Medium,50.2%,0.18373876827436816,https://leetcode.com/problems/coin-change-2
Apple,231,Power of Two,Easy,43.7%,0.18077110562857268,https://leetcode.com/problems/power-of-two
Apple,234,Palindrome Linked List,Easy,39.3%,0.17561579569700486,https://leetcode.com/problems/palindrome-linked-list
Apple,240,Search a 2D Matrix II,Medium,43.2%,0.17420113958996,https://leetcode.com/problems/search-a-2d-matrix-ii
Apple,911,Online Election,Medium,50.4%,0.1741842396477574,https://leetcode.com/problems/online-election
Apple,74,Search a 2D Matrix,Medium,36.5%,0.17399668345849942,https://leetcode.com/problems/search-a-2d-matrix
Apple,1278,Palindrome Partitioning III,Hard,59.9%,0.17284281283941086,https://leetcode.com/problems/palindrome-partitioning-iii
Apple,151,Reverse Words in a String,Medium,21.9%,0.1707401585649133,https://leetcode.com/problems/reverse-words-in-a-string
Apple,43,Multiply Strings,Medium,33.9%,0.17061651017204038,https://leetcode.com/problems/multiply-strings
Apple,176,Second Highest Salary,Easy,31.6%,0.17018888346853764,https://leetcode.com/problems/second-highest-salary
Apple,190,Reverse Bits,Easy,39.8%,0.16833660590895258,https://leetcode.com/problems/reverse-bits
Apple,528,Random Pick with Weight,Medium,43.9%,0.16808800301828727,https://leetcode.com/problems/random-pick-with-weight
Apple,55,Jump Game,Medium,34.6%,0.16658918460830285,https://leetcode.com/problems/jump-game
Apple,642,Design Search Autocomplete System,Hard,44.7%,0.16312782492496253,https://leetcode.com/problems/design-search-autocomplete-system
Apple,821,Shortest Distance to a Character,Easy,66.9%,0.16229864091884685,https://leetcode.com/problems/shortest-distance-to-a-character
Apple,29,Divide Two Integers,Medium,16.4%,0.156913715105051,https://leetcode.com/problems/divide-two-integers
Apple,647,Palindromic Substrings,Medium,60.6%,0.154673282399905,https://leetcode.com/problems/palindromic-substrings
Apple,632,Smallest Range Covering Elements from K Lists,Hard,52.4%,0.15283920422944758,https://leetcode.com/problems/smallest-range-covering-elements-from-k-lists
Apple,470,Implement Rand10() Using Rand7(),Medium,46.3%,0.15154989812720093,https://leetcode.com/problems/implement-rand10-using-rand7
Apple,57,Insert Interval,Hard,33.5%,0.14994432629434787,https://leetcode.com/problems/insert-interval
Apple,739,Daily Temperatures,Medium,63.3%,0.14956674442158685,https://leetcode.com/problems/daily-temperatures
Apple,383,Ransom Note,Easy,53.1%,0.14842000511827327,https://leetcode.com/problems/ransom-note
Apple,83,Remove Duplicates from Sorted List,Easy,45.4%,0.14784842578508967,https://leetcode.com/problems/remove-duplicates-from-sorted-list
Apple,30,Substring with Concatenation of All Words,Hard,25.4%,0.1461170580676051,https://leetcode.com/problems/substring-with-concatenation-of-all-words
Apple,546,Remove Boxes,Hard,42.7%,0.14361551169114867,https://leetcode.com/problems/remove-boxes
Apple,116,Populating Next Right Pointers in Each Node,Medium,45.2%,0.13899325359219267,https://leetcode.com/problems/populating-next-right-pointers-in-each-node
Apple,1108,Defanging an IP Address,Easy,87.5%,0.13892162300436822,https://leetcode.com/problems/defanging-an-ip-address
Apple,687,Longest Univalue Path,Easy,36.2%,0.13857217423956994,https://leetcode.com/problems/longest-univalue-path
Apple,128,Longest Consecutive Sequence,Hard,45.1%,0.13583040733187832,https://leetcode.com/problems/longest-consecutive-sequence
Apple,427,Construct Quad Tree,Medium,61.4%,0.13580154115906176,https://leetcode.com/problems/construct-quad-tree
Apple,1044,Longest Duplicate Substring,Hard,31.9%,0.1351378186727963,https://leetcode.com/problems/longest-duplicate-substring
Apple,86,Partition List,Medium,41.5%,0.1338296774887775,https://leetcode.com/problems/partition-list
Apple,199,Binary Tree Right Side View,Medium,54.1%,0.13319296807660722,https://leetcode.com/problems/binary-tree-right-side-view
Apple,1221,Split a String in Balanced Strings,Easy,83.3%,0.1319324949716959,https://leetcode.com/problems/split-a-string-in-balanced-strings
Apple,977,Squares of a Sorted Array,Easy,72.1%,0.13133600206108695,https://leetcode.com/problems/squares-of-a-sorted-array
Apple,118,Pascal's Triangle,Easy,52.5%,0.12852395589356347,https://leetcode.com/problems/pascals-triangle
Apple,70,Climbing Stairs,Easy,47.8%,0.12772618382036388,https://leetcode.com/problems/climbing-stairs
Apple,198,House Robber,Easy,42.0%,0.12709898426651453,https://leetcode.com/problems/house-robber
Apple,359,Logger Rate Limiter,Easy,70.8%,0.1248502028794759,https://leetcode.com/problems/logger-rate-limiter
Apple,350,Intersection of Two Arrays II,Easy,51.4%,0.12274798010265034,https://leetcode.com/problems/intersection-of-two-arrays-ii
Apple,1114,Print in Order,Easy,65.7%,0.12136085700426744,https://leetcode.com/problems/print-in-order
Apple,211,Add and Search Word - Data structure design,Medium,38.1%,0.12092604505358262,https://leetcode.com/problems/add-and-search-word-data-structure-design
Apple,454,4Sum II,Medium,53.1%,0.1208030670124105,https://leetcode.com/problems/4sum-ii
Apple,867,Transpose Matrix,Easy,62.8%,0.11927747573936125,https://leetcode.com/problems/transpose-matrix
Apple,93,Restore IP Addresses,Medium,35.6%,0.11756123239496619,https://leetcode.com/problems/restore-ip-addresses
Apple,101,Symmetric Tree,Easy,46.8%,0.11583847861592966,https://leetcode.com/problems/symmetric-tree
Apple,184,Department Highest Salary,Medium,36.7%,0.111723209445655,https://leetcode.com/problems/department-highest-salary
Apple,82,Remove Duplicates from Sorted List II,Medium,36.8%,0.1110882064011508,https://leetcode.com/problems/remove-duplicates-from-sorted-list-ii
Apple,450,Delete Node in a BST,Medium,43.1%,0.11058538292750217,https://leetcode.com/problems/delete-node-in-a-bst
Apple,219,Contains Duplicate II,Easy,37.7%,0.10943188230246585,https://leetcode.com/problems/contains-duplicate-ii
Apple,78,Subsets,Medium,62.0%,0.10594222506883655,https://leetcode.com/problems/subsets
Apple,114,Flatten Binary Tree to Linked List,Medium,49.3%,0.1050144350175837,https://leetcode.com/problems/flatten-binary-tree-to-linked-list
Apple,407,Trapping Rain Water II,Hard,42.4%,0.10486899438963619,https://leetcode.com/problems/trapping-rain-water-ii
Apple,448,Find All Numbers Disappeared in an Array,Easy,55.9%,0.10453372768183221,https://leetcode.com/problems/find-all-numbers-disappeared-in-an-array
Apple,343,Integer Break,Medium,50.4%,0.10446541455492596,https://leetcode.com/problems/integer-break
Apple,560,Subarray Sum Equals K,Medium,43.9%,0.10184840494454048,https://leetcode.com/problems/subarray-sum-equals-k
Apple,453,Minimum Moves to Equal Array Elements,Easy,50.2%,0.10178269430994231,https://leetcode.com/problems/minimum-moves-to-equal-array-elements
Apple,416,Partition Equal Subset Sum,Medium,43.7%,0.10153641921942286,https://leetcode.com/problems/partition-equal-subset-sum
Apple,417,Pacific Atlantic Water Flow,Medium,41.1%,0.10008345855698253,https://leetcode.com/problems/pacific-atlantic-water-flow
Apple,143,Reorder List,Medium,37.1%,0.09969510903753867,https://leetcode.com/problems/reorder-list
Apple,162,Find Peak Element,Medium,43.3%,0.09706051838470164,https://leetcode.com/problems/find-peak-element
Apple,230,Kth Smallest Element in a BST,Medium,60.2%,0.09685471541555685,https://leetcode.com/problems/kth-smallest-element-in-a-bst
Apple,207,Course Schedule,Medium,43.1%,0.09601114875296962,https://leetcode.com/problems/course-schedule
Apple,338,Counting Bits,Medium,69.5%,0.09394125419698317,https://leetcode.com/problems/counting-bits
Apple,87,Scramble String,Hard,33.7%,0.09333193979221914,https://leetcode.com/problems/scramble-string
Apple,266,Palindrome Permutation,Easy,61.9%,0.091248671465145,https://leetcode.com/problems/palindrome-permutation
Apple,282,Expression Add Operators,Hard,35.5%,0.08720118433574389,https://leetcode.com/problems/expression-add-operators
Apple,622,Design Circular Queue,Medium,43.7%,0.08696405427235052,https://leetcode.com/problems/design-circular-queue
Apple,256,Paint House,Easy,52.1%,0.08650924290928251,https://leetcode.com/problems/paint-house
Apple,105,Construct Binary Tree from Preorder and Inorder Traversal,Medium,48.8%,0.08645856912332787,https://leetcode.com/problems/construct-binary-tree-from-preorder-and-inorder-traversal
Apple,98,Validate Binary Search Tree,Medium,27.8%,0.0854255093169086,https://leetcode.com/problems/validate-binary-search-tree
Apple,287,Find the Duplicate Number,Medium,55.5%,0.0845834791494423,https://leetcode.com/problems/find-the-duplicate-number
Apple,345,Reverse Vowels of a String,Easy,44.2%,0.08413974844494757,https://leetcode.com/problems/reverse-vowels-of-a-string
Apple,582,Kill Process,Medium,60.8%,0.08355588569097351,https://leetcode.com/problems/kill-process
Apple,73,Set Matrix Zeroes,Medium,43.1%,0.08271965106891821,https://leetcode.com/problems/set-matrix-zeroes
Apple,26,Remove Duplicates from Sorted Array,Easy,45.1%,0.0792949457576407,https://leetcode.com/problems/remove-duplicates-from-sorted-array
Apple,208,Implement Trie (Prefix Tree),Medium,49.4%,0.07910997849332738,https://leetcode.com/problems/implement-trie-prefix-tree
Apple,180,Consecutive Numbers,Medium,39.7%,0.07851014032375832,https://leetcode.com/problems/consecutive-numbers
Apple,79,Word Search,Medium,35.6%,0.07847790263416941,https://leetcode.com/problems/word-search
Apple,142,Linked List Cycle II,Medium,37.3%,0.0775950985761474,https://leetcode.com/problems/linked-list-cycle-ii
Apple,435,Non-overlapping Intervals,Medium,42.9%,0.07565042495900788,https://leetcode.com/problems/non-overlapping-intervals
Apple,540,Single Element in a Sorted Array,Medium,57.9%,0.07473130562267008,https://leetcode.com/problems/single-element-in-a-sorted-array
Apple,445,Add Two Numbers II,Medium,54.5%,0.07468384317453133,https://leetcode.com/problems/add-two-numbers-ii
Apple,669,Trim a Binary Search Tree,Easy,63.0%,0.07445297819474968,https://leetcode.com/problems/trim-a-binary-search-tree
Apple,480,Sliding Window Median,Hard,37.2%,0.0743529801177063,https://leetcode.com/problems/sliding-window-median
Apple,515,Find Largest Value in Each Tree Row,Medium,61.1%,0.07428007438287054,https://leetcode.com/problems/find-largest-value-in-each-tree-row
Apple,19,Remove Nth Node From End of List,Medium,35.2%,0.07420700547851658,https://leetcode.com/problems/remove-nth-node-from-end-of-list
Apple,721,Accounts Merge,Medium,48.8%,0.07349495575336484,https://leetcode.com/problems/accounts-merge
Apple,153,Find Minimum in Rotated Sorted Array,Medium,45.1%,0.07343579359779528,https://leetcode.com/problems/find-minimum-in-rotated-sorted-array
Apple,617,Merge Two Binary Trees,Easy,74.1%,0.07201671240916602,https://leetcode.com/problems/merge-two-binary-trees
Apple,35,Search Insert Position,Easy,42.6%,0.07187646029497265,https://leetcode.com/problems/search-insert-position
Apple,442,Find All Duplicates in an Array,Medium,67.8%,0.07083107135140704,https://leetcode.com/problems/find-all-duplicates-in-an-array
Apple,378,Kth Smallest Element in a Sorted Matrix,Medium,54.3%,0.07059096970081927,https://leetcode.com/problems/kth-smallest-element-in-a-sorted-matrix
Apple,126,Word Ladder II,Hard,22.1%,0.07011193038456472,https://leetcode.com/problems/word-ladder-ii
Apple,542,01 Matrix,Medium,39.8%,0.0700198447248843,https://leetcode.com/problems/01-matrix
Apple,123,Best Time to Buy and Sell Stock III,Hard,37.5%,0.06838868749455218,https://leetcode.com/problems/best-time-to-buy-and-sell-stock-iii
Apple,1011,Capacity To Ship Packages Within D Days,Medium,58.1%,0.06649420875558125,https://leetcode.com/problems/capacity-to-ship-packages-within-d-days
Apple,863,All Nodes Distance K in Binary Tree,Medium,55.4%,0.06616716425077336,https://leetcode.com/problems/all-nodes-distance-k-in-binary-tree
Apple,94,Binary Tree Inorder Traversal,Medium,63.3%,0.06583997601175454,https://leetcode.com/problems/binary-tree-inorder-traversal
Apple,122,Best Time to Buy and Sell Stock II,Easy,57.0%,0.06582927042348097,https://leetcode.com/problems/best-time-to-buy-and-sell-stock-ii
Apple,95,Unique Binary Search Trees II,Medium,40.6%,0.06578614881622968,https://leetcode.com/problems/unique-binary-search-trees-ii
Apple,135,Candy,Hard,31.6%,0.06576510995956455,https://leetcode.com/problems/candy
Apple,326,Power of Three,Easy,42.1%,0.06353762681243758,https://leetcode.com/problems/power-of-three
Apple,772,Basic Calculator III,Hard,41.3%,0.06331227941432688,https://leetcode.com/problems/basic-calculator-iii
Apple,110,Balanced Binary Tree,Easy,43.5%,0.06153684147582857,https://leetcode.com/problems/balanced-binary-tree
Apple,1002,Find Common Characters,Easy,67.6%,0.059741539575795824,https://leetcode.com/problems/find-common-characters
Apple,103,Binary Tree Zigzag Level Order Traversal,Medium,48.3%,0.05973658149689521,https://leetcode.com/problems/binary-tree-zigzag-level-order-traversal
Apple,561,Array Partition I,Easy,72.0%,0.059408706690609644,https://leetcode.com/problems/array-partition-i
Apple,931,Minimum Falling Path Sum,Medium,62.5%,0.05914995982464103,https://leetcode.com/problems/minimum-falling-path-sum
Apple,890,Find and Replace Pattern,Medium,73.4%,0.0568334747631659,https://leetcode.com/problems/find-and-replace-pattern
Apple,301,Remove Invalid Parentheses,Hard,43.3%,0.0566523153423806,https://leetcode.com/problems/remove-invalid-parentheses
Apple,912,Sort an Array,Medium,63.9%,0.056512210263342307,https://leetcode.com/problems/sort-an-array
Apple,371,Sum of Two Integers,Medium,50.7%,0.05511036271051877,https://leetcode.com/problems/sum-of-two-integers
Apple,304,Range Sum Query 2D - Immutable,Medium,38.6%,0.054527987071175225,https://leetcode.com/problems/range-sum-query-2d-immutable
Apple,594,Longest Harmonious Subsequence,Easy,46.6%,0.054435206555017046,https://leetcode.com/problems/longest-harmonious-subsequence
Apple,63,Unique Paths II,Medium,34.6%,0.05324937607387791,https://leetcode.com/problems/unique-paths-ii
Apple,1315,Sum of Nodes with Even-Valued Grandparent,Medium,83.5%,0.05317259535592034,https://leetcode.com/problems/sum-of-nodes-with-even-valued-grandparent
Apple,134,Gas Station,Medium,38.5%,0.05304524877458272,https://leetcode.com/problems/gas-station
Apple,1275,Find Winner on a Tic Tac Toe Game,Easy,52.8%,0.05292240145434251,https://leetcode.com/problems/find-winner-on-a-tic-tac-toe-game
Apple,767,Reorganize String,Medium,48.7%,0.05216306328458592,https://leetcode.com/problems/reorganize-string
Apple,695,Max Area of Island,Medium,62.7%,0.04980799142417255,https://leetcode.com/problems/max-area-of-island
Apple,50,Pow(x;n),Medium,30.3%,0.049262619451480506,https://leetcode.com/problems/powx-n
Apple,709,To Lower Case,Easy,79.3%,0.048909503032274274,https://leetcode.com/problems/to-lower-case
Apple,621,Task Scheduler,Medium,50.1%,0.04638413032188776,https://leetcode.com/problems/task-scheduler
Apple,166,Fraction to Recurring Decimal,Medium,21.6%,0.04478360262697337,https://leetcode.com/problems/fraction-to-recurring-decimal
Apple,347,Top K Frequent Elements,Medium,61.2%,0.04399269847160566,https://leetcode.com/problems/top-k-frequent-elements
Apple,490,The Maze,Medium,51.4%,0.04287902305923364,https://leetcode.com/problems/the-maze
Apple,674,Longest Continuous Increasing Subsequence,Easy,45.9%,0.04225980928988265,https://leetcode.com/problems/longest-continuous-increasing-subsequence
Apple,430,Flatten a Multilevel Doubly Linked List,Medium,55.1%,0.04154283751370906,https://leetcode.com/problems/flatten-a-multilevel-doubly-linked-list
Apple,907,Sum of Subarray Minimums,Medium,32.3%,0.04069737616380998,https://leetcode.com/problems/sum-of-subarray-minimums
Apple,1060,Missing Element in Sorted Array,Medium,54.5%,0.03879796954098255,https://leetcode.com/problems/missing-element-in-sorted-array
Apple,47,Permutations II,Medium,46.4%,0.038145268259690404,https://leetcode.com/problems/permutations-ii
Apple,210,Course Schedule II,Medium,40.7%,0.03795788828372613,https://leetcode.com/problems/course-schedule-ii
Apple,40,Combination Sum II,Medium,48.2%,0.037775974158907266,https://leetcode.com/problems/combination-sum-ii
Apple,64,Minimum Path Sum,Medium,54.5%,0.03769479893530684,https://leetcode.com/problems/minimum-path-sum
Apple,1021,Remove Outermost Parentheses,Easy,78.0%,0.03660433056251234,https://leetcode.com/problems/remove-outermost-parentheses
Apple,374,Guess Number Higher or Lower,Easy,43.1%,0.03422387238757742,https://leetcode.com/problems/guess-number-higher-or-lower
Apple,886,Possible Bipartition,Medium,44.2%,0.034103901828857086,https://leetcode.com/problems/possible-bipartition
Apple,226,Invert Binary Tree,Easy,65.0%,0.03393837323839263,https://leetcode.com/problems/invert-binary-tree
Apple,112,Path Sum,Easy,41.2%,0.03370499686939782,https://leetcode.com/problems/path-sum
Apple,217,Contains Duplicate,Easy,56.0%,0.03367321510658789,https://leetcode.com/problems/contains-duplicate
Apple,516,Longest Palindromic Subsequence,Medium,53.2%,0.0332870969222259,https://leetcode.com/problems/longest-palindromic-subsequence
Apple,1146,Snapshot Array,Medium,37.0%,0.0317991816929387,https://leetcode.com/problems/snapshot-array
Apple,703,Kth Largest Element in a Stream,Easy,49.7%,0.031004894819414507,https://leetcode.com/problems/kth-largest-element-in-a-stream
Apple,530,Minimum Absolute Difference in BST,Easy,53.8%,0.030677252247047038,https://leetcode.com/problems/minimum-absolute-difference-in-bst
Apple,876,Middle of the Linked List,Easy,68.4%,0.030156827290986423,https://leetcode.com/problems/middle-of-the-linked-list
Apple,1197,Minimum Knight Moves,Medium,36.1%,0.02969780239174205,https://leetcode.com/problems/minimum-knight-moves
Apple,938,Range Sum of BST,Easy,81.3%,0.027755467721532374,https://leetcode.com/problems/range-sum-of-bst
Apple,811,Subdomain Visit Count,Easy,69.9%,0.02772180293027194,https://leetcode.com/problems/subdomain-visit-count
Apple,67,Add Binary,Easy,45.2%,0.026266540645351912,https://leetcode.com/problems/add-binary
Apple,373,Find K Pairs with Smallest Sums,Medium,36.7%,0.02626546261018635,https://leetcode.com/problems/find-k-pairs-with-smallest-sums
Apple,111,Minimum Depth of Binary Tree,Easy,37.4%,0.026222413650382477,https://leetcode.com/problems/minimum-depth-of-binary-tree
Apple,961,N-Repeated Element in Size 2N Array,Easy,73.7%,0.025609594204324387,https://leetcode.com/problems/n-repeated-element-in-size-2n-array
Apple,1038,Binary Search Tree to Greater Sum Tree,Medium,80.8%,0.025446665661164262,https://leetcode.com/problems/binary-search-tree-to-greater-sum-tree
Apple,310,Minimum Height Trees,Medium,32.3%,0.02446605215440636,https://leetcode.com/problems/minimum-height-trees
Apple,804,Unique Morse Code Words,Easy,77.0%,0.024332100659530644,https://leetcode.com/problems/unique-morse-code-words
Apple,286,Walls and Gates,Medium,54.5%,0.02324334737232728,https://leetcode.com/problems/walls-and-gates
Apple,766,Toeplitz Matrix,Easy,65.1%,0.02280600552903764,https://leetcode.com/problems/toeplitz-matrix
Apple,113,Path Sum II,Medium,46.7%,0.021882711249507664,https://leetcode.com/problems/path-sum-ii
Apple,905,Sort Array By Parity,Easy,74.1%,0.02148053951675942,https://leetcode.com/problems/sort-array-by-parity
Apple,670,Maximum Swap,Medium,43.6%,0.020844944430365928,https://leetcode.com/problems/maximum-swap
Apple,60,Permutation Sequence,Hard,38.4%,0.020471543980187256,https://leetcode.com/problems/permutation-sequence
Apple,66,Plus One,Easy,43.0%,0.020215776991954044,https://leetcode.com/problems/plus-one
Apple,525,Contiguous Array,Medium,42.8%,0.01975372873623256,https://leetcode.com/problems/contiguous-array
Apple,700,Search in a Binary Search Tree,Easy,73.1%,0.01905222743200806,https://leetcode.com/problems/search-in-a-binary-search-tree
Apple,209,Minimum Size Subarray Sum,Medium,38.2%,0.018832948333092125,https://leetcode.com/problems/minimum-size-subarray-sum
Apple,406,Queue Reconstruction by Height,Medium,66.9%,0.01774669468133533,https://leetcode.com/problems/queue-reconstruction-by-height
Apple,100,Same Tree,Easy,53.4%,0.017112941192143866,https://leetcode.com/problems/same-tree
Apple,628,Maximum Product of Three Numbers,Easy,47.1%,0.016529301951210565,https://leetcode.com/problems/maximum-product-of-three-numbers
Apple,188,Best Time to Buy and Sell Stock IV,Hard,28.0%,0.01651565203072114,https://leetcode.com/problems/best-time-to-buy-and-sell-stock-iv
Apple,203,Remove Linked List Elements,Easy,38.6%,0.014519311324453305,https://leetcode.com/problems/remove-linked-list-elements
Apple,107,Binary Tree Level Order Traversal II,Easy,53.5%,0.014395642075089957,https://leetcode.com/problems/binary-tree-level-order-traversal-ii
Apple,258,Add Digits,Easy,57.6%,0.012859598023941623,https://leetcode.com/problems/add-digits
Apple,181,Employees Earning More Than Their Managers,Easy,56.9%,0.012618463959211509,https://leetcode.com/problems/employees-earning-more-than-their-managers
Apple,257,Binary Tree Paths,Easy,51.5%,0.010457611643958139,https://leetcode.com/problems/binary-tree-paths
Apple,819,Most Common Word,Easy,44.8%,0.010269666637456105,https://leetcode.com/problems/most-common-word
Apple,96,Unique Binary Search Trees,Medium,52.9%,0.009242209964820877,https://leetcode.com/problems/unique-binary-search-trees
Apple,937,Reorder Data in Log Files,Easy,54.3%,0.008415787099648575,https://leetcode.com/problems/reorder-data-in-log-files
Apple,763,Partition Labels,Medium,76.1%,0.008385793376274025,https://leetcode.com/problems/partition-labels
Apple,260,Single Number III,Medium,64.3%,0.008090659020153698,https://leetcode.com/problems/single-number-iii
Apple,309,Best Time to Buy and Sell Stock with Cooldown,Medium,47.4%,0.006400704591951834,https://leetcode.com/problems/best-time-to-buy-and-sell-stock-with-cooldown
Apple,565,Array Nesting,Medium,55.5%,0,https://leetcode.com/problems/array-nesting
Facebook,301,Remove Invalid Parentheses,Hard,43.3%,5.575610066775206,https://leetcode.com/problems/remove-invalid-parentheses
Facebook,273,Integer to English Words,Hard,27.1%,5.444753025333917,https://leetcode.com/problems/integer-to-english-words
Facebook,953,Verifying an Alien Dictionary,Easy,54.1%,5.313895983892627,https://leetcode.com/problems/verifying-an-alien-dictionary
Facebook,158,Read N Characters Given Read4 II - Call multiple times,Hard,33.8%,5.183038942451338,https://leetcode.com/problems/read-n-characters-given-read4-ii-call-multiple-times
Facebook,297,Serialize and Deserialize Binary Tree,Hard,47.5%,5.090902981800583,https://leetcode.com/problems/serialize-and-deserialize-binary-tree
Facebook,10,Regular Expression Matching,Hard,26.8%,4.960045940359294,https://leetcode.com/problems/regular-expression-matching
Facebook,91,Decode Ways,Medium,24.7%,4.926071339059624,https://leetcode.com/problems/decode-ways
Facebook,253,Meeting Rooms II,Medium,45.7%,4.890863444823654,https://leetcode.com/problems/meeting-rooms-ii
Facebook,238,Product of Array Except Self,Medium,60.1%,4.787304832474671,https://leetcode.com/problems/product-of-array-except-self
Facebook,680,Valid Palindrome II,Easy,36.6%,4.727432294246022,https://leetcode.com/problems/valid-palindrome-ii
Facebook,15,3Sum,Medium,26.8%,4.716880252749641,https://leetcode.com/problems/3sum
Facebook,560,Subarray Sum Equals K,Medium,43.9%,4.681694359055468,https://leetcode.com/problems/subarray-sum-equals-k
Facebook,278,First Bad Version,Easy,35.7%,4.667124795676079,https://leetcode.com/problems/first-bad-version
Facebook,76,Minimum Window Substring,Hard,34.6%,4.624844309488783,https://leetcode.com/problems/minimum-window-substring
Facebook,973,K Closest Points to Origin,Medium,63.8%,4.6226837423062355,https://leetcode.com/problems/k-closest-points-to-origin
Facebook,67,Add Binary,Easy,45.2%,4.59057803547337,https://leetcode.com/problems/add-binary
Facebook,23,Merge k Sorted Lists,Hard,40.2%,4.540902119231776,https://leetcode.com/problems/merge-k-sorted-lists
Facebook,283,Move Zeroes,Easy,57.8%,4.539910062491303,https://leetcode.com/problems/move-zeroes
Facebook,1249,Minimum Remove to Make Valid Parentheses,Medium,62.5%,4.510651510608414,https://leetcode.com/problems/minimum-remove-to-make-valid-parentheses
Facebook,125,Valid Palindrome,Easy,36.7%,4.472291401117124,https://leetcode.com/problems/valid-palindrome
Facebook,29,Divide Two Integers,Medium,16.4%,4.451722795491452,https://leetcode.com/problems/divide-two-integers
Facebook,31,Next Permutation,Medium,32.6%,4.413309355076113,https://leetcode.com/problems/next-permutation
Facebook,173,Binary Search Tree Iterator,Medium,56.6%,4.402058148743651,https://leetcode.com/problems/binary-search-tree-iterator
Facebook,282,Expression Add Operators,Hard,35.5%,4.392818642206004,https://leetcode.com/problems/expression-add-operators
Facebook,211,Add and Search Word - Data structure design,Medium,38.1%,4.32373689930886,https://leetcode.com/problems/add-and-search-word-data-structure-design
Facebook,65,Valid Number,Hard,15.3%,4.274687734189391,https://leetcode.com/problems/valid-number
Facebook,157,Read N Characters Given Read4,Easy,34.2%,4.211806122562663,https://leetcode.com/problems/read-n-characters-given-read4
Facebook,124,Binary Tree Maximum Path Sum,Hard,34.3%,4.173080791636589,https://leetcode.com/problems/binary-tree-maximum-path-sum
Facebook,314,Binary Tree Vertical Order Traversal,Medium,45.3%,4.169848738461142,https://leetcode.com/problems/binary-tree-vertical-order-traversal
Facebook,17,Letter Combinations of a Phone Number,Medium,46.8%,4.164730824697368,https://leetcode.com/problems/letter-combinations-of-a-phone-number
Facebook,56,Merge Intervals,Medium,39.3%,4.104801117510305,https://leetcode.com/problems/merge-intervals
Facebook,426,Convert Binary Search Tree to Sorted Doubly Linked List,Medium,59.1%,4.095652308198605,https://leetcode.com/problems/convert-binary-search-tree-to-sorted-doubly-linked-list
Facebook,269,Alien Dictionary,Hard,33.3%,4.0805624877290665,https://leetcode.com/problems/alien-dictionary
Facebook,1,Two Sum,Easy,45.6%,4.011510827995362,https://leetcode.com/problems/two-sum
Facebook,133,Clone Graph,Medium,34.8%,3.9966560335245793,https://leetcode.com/problems/clone-graph
Facebook,325,Maximum Size Subarray Sum Equals k,Medium,46.8%,3.9738002945104958,https://leetcode.com/problems/maximum-size-subarray-sum-equals-k
Facebook,438,Find All Anagrams in a String,Medium,43.3%,3.9600414146616707,https://leetcode.com/problems/find-all-anagrams-in-a-string
Facebook,311,Sparse Matrix Multiplication,Medium,61.9%,3.8291843732203814,https://leetcode.com/problems/sparse-matrix-multiplication
Facebook,415,Add Strings,Easy,47.5%,3.823224938890351,https://leetcode.com/problems/add-strings
Facebook,200,Number of Islands,Medium,46.8%,3.8178638361422226,https://leetcode.com/problems/number-of-islands
Facebook,336,Palindrome Pairs,Hard,33.7%,3.774867877530413,https://leetcode.com/problems/palindrome-pairs
Facebook,215,Kth Largest Element in an Array,Medium,55.4%,3.7586134025612274,https://leetcode.com/problems/kth-largest-element-in-an-array
Facebook,543,Diameter of Binary Tree,Easy,48.4%,3.7178469184757565,https://leetcode.com/problems/diameter-of-binary-tree
Facebook,257,Binary Tree Paths,Easy,51.5%,3.692630656645929,https://leetcode.com/problems/binary-tree-paths
Facebook,523,Continuous Subarray Sum,Medium,24.6%,3.6834633730887782,https://leetcode.com/problems/continuous-subarray-sum
Facebook,277,Find the Celebrity,Medium,41.8%,3.616681579302239,https://leetcode.com/problems/find-the-celebrity
Facebook,621,Task Scheduler,Medium,50.1%,3.6045478094509233,https://leetcode.com/problems/task-scheduler
Facebook,43,Multiply Strings,Medium,33.9%,3.5921750861240196,https://leetcode.com/problems/multiply-strings
Facebook,98,Validate Binary Search Tree,Medium,27.8%,3.581806727833732,https://leetcode.com/problems/validate-binary-search-tree
Facebook,42,Trapping Rain Water,Hard,48.9%,3.5778834321997866,https://leetcode.com/problems/trapping-rain-water
Facebook,689,Maximum Sum of 3 Non-Overlapping Subarrays,Hard,46.3%,3.5588948279750623,https://leetcode.com/problems/maximum-sum-of-3-non-overlapping-subarrays
Facebook,349,Intersection of Two Arrays,Easy,62.5%,3.498653100218706,https://leetcode.com/problems/intersection-of-two-arrays
Facebook,340,Longest Substring with At Most K Distinct Characters,Hard,44.1%,3.455560352078738,https://leetcode.com/problems/longest-substring-with-at-most-k-distinct-characters
Facebook,121,Best Time to Buy and Sell Stock,Easy,50.5%,3.423204938390614,https://leetcode.com/problems/best-time-to-buy-and-sell-stock
Facebook,88,Merge Sorted Array,Easy,39.4%,3.421005187994902,https://leetcode.com/problems/merge-sorted-array
Facebook,114,Flatten Binary Tree to Linked List,Medium,49.3%,3.3920934149388993,https://leetcode.com/problems/flatten-binary-tree-to-linked-list
Facebook,138,Copy List with Random Pointer,Medium,36.4%,3.3873161764915185,https://leetcode.com/problems/copy-list-with-random-pointer
Facebook,636,Exclusive Time of Functions,Medium,51.9%,3.3832963809646075,https://leetcode.com/problems/exclusive-time-of-functions
Facebook,721,Accounts Merge,Medium,48.8%,3.3545947466566406,https://leetcode.com/problems/accounts-merge
Facebook,161,One Edit Distance,Medium,32.3%,3.353178877168441,https://leetcode.com/problems/one-edit-distance
Facebook,146,LRU Cache,Medium,33.2%,3.347163586386296,https://leetcode.com/problems/lru-cache
Facebook,304,Range Sum Query 2D - Immutable,Medium,38.6%,3.333446415469864,https://leetcode.com/problems/range-sum-query-2d-immutable
Facebook,199,Binary Tree Right Side View,Medium,54.1%,3.304270095581444,https://leetcode.com/problems/binary-tree-right-side-view
Facebook,139,Word Break,Medium,40.1%,3.2929683383994965,https://leetcode.com/problems/word-break
Facebook,785,Is Graph Bipartite?,Medium,47.5%,3.2902637558626,https://leetcode.com/problems/is-graph-bipartite
Facebook,33,Search in Rotated Sorted Array,Medium,34.5%,3.1594067144213107,https://leetcode.com/problems/search-in-rotated-sorted-array
Facebook,317,Shortest Distance from All Buildings,Hard,41.4%,3.1476976438713056,https://leetcode.com/problems/shortest-distance-from-all-buildings
Facebook,143,Reorder List,Medium,37.1%,3.0702582463605563,https://leetcode.com/problems/reorder-list
Facebook,71,Simplify Path,Medium,32.6%,3.0484180406242536,https://leetcode.com/problems/simplify-path
Facebook,236,Lowest Common Ancestor of a Binary Tree,Medium,45.7%,3.0428333907886373,https://leetcode.com/problems/lowest-common-ancestor-of-a-binary-tree
Facebook,286,Walls and Gates,Medium,54.5%,3.0338274496253073,https://leetcode.com/problems/walls-and-gates
Facebook,986,Interval List Intersections,Medium,67.3%,3.0089200665434412,https://leetcode.com/problems/interval-list-intersections
Facebook,34,Find First and Last Position of Element in Sorted Array,Medium,36.2%,2.98689800584703,https://leetcode.com/problems/find-first-and-last-position-of-element-in-sorted-array
Facebook,341,Flatten Nested List Iterator,Medium,52.9%,2.8560409644057407,https://leetcode.com/problems/flatten-nested-list-iterator
Facebook,896,Monotonic Array,Easy,57.9%,2.8395358910441173,https://leetcode.com/problems/monotonic-array
Facebook,398,Random Pick Index,Medium,56.0%,2.8139239778761542,https://leetcode.com/problems/random-pick-index
Facebook,20,Valid Parentheses,Easy,39.0%,2.8025626605638214,https://leetcode.com/problems/valid-parentheses
Facebook,227,Basic Calculator II,Medium,36.9%,2.7631872114373093,https://leetcode.com/problems/basic-calculator-ii
Facebook,57,Insert Interval,Hard,33.5%,2.7331319297198133,https://leetcode.com/problems/insert-interval
Facebook,270,Closest Binary Search Tree Value,Easy,48.5%,2.6434272396312797,https://leetcode.com/problems/closest-binary-search-tree-value
Facebook,350,Intersection of Two Arrays II,Easy,51.4%,2.6433299851110665,https://leetcode.com/problems/intersection-of-two-arrays-ii
Facebook,360,Sort Transformed Array,Medium,48.8%,2.5159168865305603,https://leetcode.com/problems/sort-transformed-array
Facebook,825,Friends Of Appropriate Ages,Medium,42.7%,2.5148820184509786,https://leetcode.com/problems/friends-of-appropriate-ages
Facebook,358,Rearrange String k Distance Apart,Hard,34.9%,2.5060004328478,https://leetcode.com/problems/rearrange-string-k-distance-apart
Facebook,32,Longest Valid Parentheses,Hard,28.4%,2.5024857812383545,https://leetcode.com/problems/longest-valid-parentheses
Facebook,78,Subsets,Medium,62.0%,2.499447442601738,https://leetcode.com/problems/subsets
Facebook,247,Strobogrammatic Number II,Medium,47.6%,2.4817551197053462,https://leetcode.com/problems/strobogrammatic-number-ii
Facebook,348,Design Tic-Tac-Toe,Medium,54.3%,2.468847008770655,https://leetcode.com/problems/design-tic-tac-toe
Facebook,708,Insert into a Sorted Circular Linked List,Medium,31.6%,2.4286015114138553,https://leetcode.com/problems/insert-into-a-sorted-circular-linked-list
Facebook,339,Nested List Weight Sum,Easy,74.0%,2.4235186826029427,https://leetcode.com/problems/nested-list-weight-sum
Facebook,51,N-Queens,Hard,46.6%,2.3533410529606655,https://leetcode.com/problems/n-queens
Facebook,824,Goat Latin,Easy,63.4%,2.335791734454864,https://leetcode.com/problems/goat-latin
Facebook,300,Longest Increasing Subsequence,Medium,42.6%,2.311623040070363,https://leetcode.com/problems/longest-increasing-subsequence
Facebook,246,Strobogrammatic Number,Easy,45.0%,2.3033292329266852,https://leetcode.com/problems/strobogrammatic-number
Facebook,75,Sort Colors,Medium,47.3%,2.26383073754557,https://leetcode.com/problems/sort-colors
Facebook,670,Maximum Swap,Medium,43.6%,2.243417413534214,https://leetcode.com/problems/maximum-swap
Facebook,958,Check Completeness of a Binary Tree,Medium,52.1%,2.2371220522106188,https://leetcode.com/problems/check-completeness-of-a-binary-tree
Facebook,380,Insert Delete GetRandom O(1),Medium,47.5%,2.2300170531752253,https://leetcode.com/problems/insert-delete-getrandom-o1
Facebook,285,Inorder Successor in BST,Medium,40.4%,2.2141456653587395,https://leetcode.com/problems/inorder-successor-in-bst
Facebook,463,Island Perimeter,Easy,65.7%,2.1989334578253232,https://leetcode.com/problems/island-perimeter
Facebook,938,Range Sum of BST,Easy,81.3%,2.18562625585131,https://leetcode.com/problems/range-sum-of-bst
Facebook,987,Vertical Order Traversal of a Binary Tree,Medium,36.6%,2.1846999517750083,https://leetcode.com/problems/vertical-order-traversal-of-a-binary-tree
Facebook,224,Basic Calculator,Hard,36.8%,2.157363357784235,https://leetcode.com/problems/basic-calculator
Facebook,126,Word Ladder II,Hard,22.1%,2.155302887907243,https://leetcode.com/problems/word-ladder-ii
Facebook,109,Convert Sorted List to Binary Search Tree,Medium,47.7%,2.12389330425067,https://leetcode.com/problems/convert-sorted-list-to-binary-search-tree
Facebook,528,Random Pick with Weight,Medium,43.9%,2.108026094329404,https://leetcode.com/problems/random-pick-with-weight
Facebook,53,Maximum Subarray,Easy,46.5%,2.1007977216847413,https://leetcode.com/problems/maximum-subarray
Facebook,162,Find Peak Element,Medium,43.3%,2.097923147793266,https://leetcode.com/problems/find-peak-element
Facebook,449,Serialize and Deserialize BST,Medium,52.0%,2.0739609058750252,https://leetcode.com/problems/serialize-and-deserialize-bst
Facebook,252,Meeting Rooms,Easy,54.6%,2.0566920989085755,https://leetcode.com/problems/meeting-rooms
Facebook,3,Longest Substring Without Repeating Characters,Medium,30.4%,2.0517637291630937,https://leetcode.com/problems/longest-substring-without-repeating-characters
Facebook,498,Diagonal Traverse,Medium,48.2%,2.043242115882686,https://leetcode.com/problems/diagonal-traverse
Facebook,597,Friend Requests I: Overall Acceptance Rate,Easy,41.0%,2.027359179427378,https://leetcode.com/problems/friend-requests-i-overall-acceptance-rate
Facebook,13,Roman to Integer,Easy,55.7%,2.01479997556304,https://leetcode.com/problems/roman-to-integer
Facebook,251,Flatten 2D Vector,Medium,45.7%,1.9729845608202703,https://leetcode.com/problems/flatten-2d-vector
Facebook,5,Longest Palindromic Substring,Medium,29.5%,1.9699539495822616,https://leetcode.com/problems/longest-palindromic-substring
Facebook,127,Word Ladder,Medium,29.6%,1.9658429548852365,https://leetcode.com/problems/word-ladder
Facebook,1428,Leftmost Column with at Least a One,Medium,46.8%,1.9587705311106522,https://leetcode.com/problems/leftmost-column-with-at-least-a-one
Facebook,791,Custom Sort String,Medium,65.7%,1.9502755018573026,https://leetcode.com/problems/custom-sort-string
Facebook,419,Battleships in a Board,Medium,70.0%,1.9320451089181416,https://leetcode.com/problems/battleships-in-a-board
Facebook,494,Target Sum,Medium,46.3%,1.9292457672677412,https://leetcode.com/problems/target-sum
Facebook,239,Sliding Window Maximum,Hard,43.0%,1.9141431781910356,https://leetcode.com/problems/sliding-window-maximum
Facebook,772,Basic Calculator III,Hard,41.3%,1.83961549040569,https://leetcode.com/problems/basic-calculator-iii
Facebook,8,String to Integer (atoi),Medium,15.4%,1.8248495500300532,https://leetcode.com/problems/string-to-integer-atoi
Facebook,305,Number of Islands II,Hard,40.1%,1.7943361261547834,https://leetcode.com/problems/number-of-islands-ii
Facebook,2,Add Two Numbers,Medium,33.9%,1.7797160813383437,https://leetcode.com/problems/add-two-numbers
Facebook,767,Reorganize String,Medium,48.7%,1.763473840984625,https://leetcode.com/problems/reorganize-string
Facebook,632,Smallest Range Covering Elements from K Lists,Hard,52.4%,1.7399831997043351,https://leetcode.com/problems/smallest-range-covering-elements-from-k-lists
Facebook,381,Insert Delete GetRandom O(1) - Duplicates allowed,Hard,34.1%,1.735473057934797,https://leetcode.com/problems/insert-delete-getrandom-o1-duplicates-allowed
Facebook,206,Reverse Linked List,Easy,62.5%,1.7296971379749975,https://leetcode.com/problems/reverse-linked-list
Facebook,602,Friend Requests II: Who Has the Most Friends,Medium,53.4%,1.7191182434527041,https://leetcode.com/problems/friend-requests-ii-who-has-the-most-friends
Facebook,393,UTF-8 Validation,Medium,37.5%,1.7125378103037587,https://leetcode.com/problems/utf-8-validation
Facebook,44,Wildcard Matching,Hard,24.7%,1.6993713125769454,https://leetcode.com/problems/wildcard-matching
Facebook,249,Group Shifted Strings,Medium,55.1%,1.681514431400676,https://leetcode.com/problems/group-shifted-strings
Facebook,308,Range Sum Query 2D - Mutable,Hard,35.6%,1.6796421711073488,https://leetcode.com/problems/range-sum-query-2d-mutable
Facebook,567,Permutation in String,Medium,44.4%,1.6775468592381628,https://leetcode.com/problems/permutation-in-string
Facebook,46,Permutations,Medium,63.5%,1.6727146787726128,https://leetcode.com/problems/permutations
Facebook,49,Group Anagrams,Medium,56.9%,1.6634098456962998,https://leetcode.com/problems/group-anagrams
Facebook,921,Minimum Add to Make Parentheses Valid,Medium,73.7%,1.657222079227145,https://leetcode.com/problems/minimum-add-to-make-parentheses-valid
Facebook,394,Decode String,Medium,50.0%,1.639247462442617,https://leetcode.com/problems/decode-string
Facebook,218,The Skyline Problem,Hard,34.6%,1.6158688027643908,https://leetcode.com/problems/the-skyline-problem
Facebook,658,Find K Closest Elements,Medium,40.9%,1.6142837737005458,https://leetcode.com/problems/find-k-closest-elements
Facebook,432,All O`one Data Structure,Hard,32.4%,1.6115746653838356,https://leetcode.com/problems/all-oone-data-structure
Facebook,477,Total Hamming Distance,Medium,50.4%,1.6077790787664574,https://leetcode.com/problems/total-hamming-distance
Facebook,647,Palindromic Substrings,Medium,60.6%,1.604512052240803,https://leetcode.com/problems/palindromic-substrings
Facebook,408,Valid Word Abbreviation,Easy,30.6%,1.591893602783191,https://leetcode.com/problems/valid-word-abbreviation
Facebook,4,Median of Two Sorted Arrays,Hard,29.6%,1.5846309908488054,https://leetcode.com/problems/median-of-two-sorted-arrays
Facebook,468,Validate IP Address,Medium,24.1%,1.582769665351939,https://leetcode.com/problems/validate-ip-address
Facebook,105,Construct Binary Tree from Preorder and Inorder Traversal,Medium,48.8%,1.5718267400182278,https://leetcode.com/problems/construct-binary-tree-from-preorder-and-inorder-traversal
Facebook,38,Count and Say,Easy,44.6%,1.569507967682265,https://leetcode.com/problems/count-and-say
Facebook,21,Merge Two Sorted Lists,Easy,53.5%,1.54824799568769,https://leetcode.com/problems/merge-two-sorted-lists
Facebook,230,Kth Smallest Element in a BST,Medium,60.2%,1.53927525756437,https://leetcode.com/problems/kth-smallest-element-in-a-bst
Facebook,678,Valid Parenthesis String,Medium,31.0%,1.5238562476062738,https://leetcode.com/problems/valid-parenthesis-string
Facebook,50,Pow(x;n),Medium,30.3%,1.5210797012418373,https://leetcode.com/problems/powx-n
Facebook,346,Moving Average from Data Stream,Easy,70.9%,1.5026900216652235,https://leetcode.com/problems/moving-average-from-data-stream
Facebook,1060,Missing Element in Sorted Array,Medium,54.5%,1.492039418216795,https://leetcode.com/problems/missing-element-in-sorted-array
Facebook,140,Word Break II,Hard,32.6%,1.4852880807915247,https://leetcode.com/problems/word-break-ii
Facebook,1027,Longest Arithmetic Sequence,Medium,53.4%,1.4798547592004279,https://leetcode.com/problems/longest-arithmetic-sequence
Facebook,22,Generate Parentheses,Medium,62.7%,1.4598441417994485,https://leetcode.com/problems/generate-parentheses
Facebook,128,Longest Consecutive Sequence,Hard,45.1%,1.4545519468166546,https://leetcode.com/problems/longest-consecutive-sequence
Facebook,622,Design Circular Queue,Medium,43.8%,1.4518172783301968,https://leetcode.com/problems/design-circular-queue
Facebook,378,Kth Smallest Element in a Sorted Matrix,Medium,54.3%,1.4317632367033721,https://leetcode.com/problems/kth-smallest-element-in-a-sorted-matrix
Facebook,39,Combination Sum,Medium,56.1%,1.426875569989807,https://leetcode.com/problems/combination-sum
Facebook,416,Partition Equal Subset Sum,Medium,43.7%,1.4229637980393213,https://leetcode.com/problems/partition-equal-subset-sum
Facebook,863,All Nodes Distance K in Binary Tree,Medium,55.4%,1.4150558906561048,https://leetcode.com/problems/all-nodes-distance-k-in-binary-tree
Facebook,111,Minimum Depth of Binary Tree,Easy,37.4%,1.4037433634986387,https://leetcode.com/problems/minimum-depth-of-binary-tree
Facebook,1197,Minimum Knight Moves,Medium,36.1%,1.3898674725847917,https://leetcode.com/problems/minimum-knight-moves
Facebook,674,Longest Continuous Increasing Subsequence,Easy,45.9%,1.3856946609519925,https://leetcode.com/problems/longest-continuous-increasing-subsequence
Facebook,25,Reverse Nodes in k-Group,Hard,42.1%,1.3778549488136094,https://leetcode.com/problems/reverse-nodes-in-k-group
Facebook,208,Implement Trie (Prefix Tree),Medium,49.4%,1.3771629265283898,https://leetcode.com/problems/implement-trie-prefix-tree
Facebook,102,Binary Tree Level Order Traversal,Medium,54.6%,1.3765404200221878,https://leetcode.com/problems/binary-tree-level-order-traversal
Facebook,1004,Max Consecutive Ones III,Medium,59.1%,1.3672799116652639,https://leetcode.com/problems/max-consecutive-ones-iii
Facebook,489,Robot Room Cleaner,Hard,69.7%,1.3658472844776508,https://leetcode.com/problems/robot-room-cleaner
Facebook,93,Restore IP Addresses,Medium,35.6%,1.3543524820841455,https://leetcode.com/problems/restore-ip-addresses
Facebook,212,Word Search II,Hard,34.9%,1.3504762128004113,https://leetcode.com/problems/word-search-ii
Facebook,18,4Sum,Medium,33.7%,1.3502929904861851,https://leetcode.com/problems/4sum
Facebook,295,Find Median from Data Stream,Hard,44.3%,1.3266403133417946,https://leetcode.com/problems/find-median-from-data-stream
Facebook,266,Palindrome Permutation,Easy,61.9%,1.313084238269434,https://leetcode.com/problems/palindrome-permutation
Facebook,332,Reconstruct Itinerary,Medium,36.7%,1.3122929249487976,https://leetcode.com/problems/reconstruct-itinerary
Facebook,536,Construct Binary Tree from String,Medium,48.3%,1.3037077701106166,https://leetcode.com/problems/construct-binary-tree-from-string
Facebook,192,Word Frequency,Medium,25.8%,1.3031749861241555,https://leetcode.com/problems/word-frequency
Facebook,329,Longest Increasing Path in a Matrix,Hard,43.4%,1.2931319575091604,https://leetcode.com/problems/longest-increasing-path-in-a-matrix
Facebook,79,Word Search,Medium,35.6%,1.280808879306902,https://leetcode.com/problems/word-search
Facebook,209,Minimum Size Subarray Sum,Medium,38.2%,1.2775012133091628,https://leetcode.com/problems/minimum-size-subarray-sum
Facebook,766,Toeplitz Matrix,Easy,65.1%,1.265045117487021,https://leetcode.com/problems/toeplitz-matrix
Facebook,865,Smallest Subtree with all the Deepest Nodes,Medium,60.8%,1.261481419535249,https://leetcode.com/problems/smallest-subtree-with-all-the-deepest-nodes
Facebook,334,Increasing Triplet Subsequence,Medium,40.0%,1.2611109832383756,https://leetcode.com/problems/increasing-triplet-subsequence
Facebook,642,Design Search Autocomplete System,Hard,44.7%,1.2503871061280754,https://leetcode.com/problems/design-search-autocomplete-system
Facebook,490,The Maze,Medium,51.4%,1.2425403427106805,https://leetcode.com/problems/the-maze
Facebook,319,Bulb Switcher,Medium,45.4%,1.2396908869280152,https://leetcode.com/problems/bulb-switcher
Facebook,452,Minimum Number of Arrows to Burst Balloons,Medium,49.6%,1.230615463551699,https://leetcode.com/problems/minimum-number-of-arrows-to-burst-balloons
Facebook,117,Populating Next Right Pointers in Each Node II,Medium,39.1%,1.2262318152453044,https://leetcode.com/problems/populating-next-right-pointers-in-each-node-ii
Facebook,123,Best Time to Buy and Sell Stock III,Hard,37.5%,1.2181973153830872,https://leetcode.com/problems/best-time-to-buy-and-sell-stock-iii
Facebook,403,Frog Jump,Hard,39.7%,1.2150082096651413,https://leetcode.com/problems/frog-jump
Facebook,122,Best Time to Buy and Sell Stock II,Easy,57.0%,1.211854964772075,https://leetcode.com/problems/best-time-to-buy-and-sell-stock-ii
Facebook,240,Search a 2D Matrix II,Medium,43.2%,1.2033065500777145,https://leetcode.com/problems/search-a-2d-matrix-ii
Facebook,1123,Lowest Common Ancestor of Deepest Leaves,Medium,66.8%,1.1969940730786561,https://leetcode.com/problems/lowest-common-ancestor-of-deepest-leaves
Facebook,28,Implement strStr(),Easy,34.5%,1.1865561075710946,https://leetcode.com/problems/implement-strstr
Facebook,529,Minesweeper,Medium,59.1%,1.1685097282854882,https://leetcode.com/problems/minesweeper
Facebook,347,Top K Frequent Elements,Medium,61.2%,1.1643255952406535,https://leetcode.com/problems/top-k-frequent-elements
Facebook,692,Top K Frequent Words,Medium,51.8%,1.15697846163365,https://leetcode.com/problems/top-k-frequent-words
Facebook,885,Spiral Matrix III,Medium,69.4%,1.1535711729488671,https://leetcode.com/problems/spiral-matrix-iii
Facebook,695,Max Area of Island,Medium,62.7%,1.1498364243710308,https://leetcode.com/problems/max-area-of-island
Facebook,399,Evaluate Division,Medium,51.6%,1.149791421288312,https://leetcode.com/problems/evaluate-division
Facebook,73,Set Matrix Zeroes,Medium,43.1%,1.149283542861197,https://leetcode.com/problems/set-matrix-zeroes
Facebook,92,Reverse Linked List II,Medium,38.8%,1.1166183153068636,https://leetcode.com/problems/reverse-linked-list-ii
Facebook,116,Populating Next Right Pointers in Each Node,Medium,45.2%,1.100206500790656,https://leetcode.com/problems/populating-next-right-pointers-in-each-node
Facebook,568,Maximum Vacation Days,Hard,40.8%,1.094922247580656,https://leetcode.com/problems/maximum-vacation-days
Facebook,480,Sliding Window Median,Hard,37.2%,1.0748911879980227,https://leetcode.com/problems/sliding-window-median
Facebook,207,Course Schedule,Medium,43.1%,1.0620388108009178,https://leetcode.com/problems/course-schedule
Facebook,62,Unique Paths,Medium,54.1%,1.048269275172236,https://leetcode.com/problems/unique-paths
Facebook,81,Search in Rotated Sorted Array II,Medium,33.0%,1.0428016537891152,https://leetcode.com/problems/search-in-rotated-sorted-array-ii
Facebook,166,Fraction to Recurring Decimal,Medium,21.6%,1.042800072024958,https://leetcode.com/problems/fraction-to-recurring-decimal
Facebook,540,Single Element in a Sorted Array,Medium,57.9%,1.011865403635058,https://leetcode.com/problems/single-element-in-a-sorted-array
Facebook,548,Split Array with Equal Sum,Medium,46.4%,1.0048321509441844,https://leetcode.com/problems/split-array-with-equal-sum
Facebook,54,Spiral Matrix,Medium,34.1%,0.9909089466876733,https://leetcode.com/problems/spiral-matrix
Facebook,616,Add Bold Tag in String,Medium,43.1%,0.9877689061222668,https://leetcode.com/problems/add-bold-tag-in-string
Facebook,694,Number of Distinct Islands,Medium,56.0%,0.968250470804866,https://leetcode.com/problems/number-of-distinct-islands
Facebook,11,Container With Most Water,Medium,50.8%,0.9652015914688283,https://leetcode.com/problems/container-with-most-water
Facebook,691,Stickers to Spell Word,Hard,42.9%,0.964462275547521,https://leetcode.com/problems/stickers-to-spell-word
Facebook,235,Lowest Common Ancestor of a Binary Search Tree,Easy,49.9%,0.9620904161254789,https://leetcode.com/problems/lowest-common-ancestor-of-a-binary-search-tree
Facebook,30,Substring with Concatenation of All Words,Hard,25.4%,0.959762453796152,https://leetcode.com/problems/substring-with-concatenation-of-all-words
Facebook,400,Nth Digit,Medium,31.7%,0.9555114450274365,https://leetcode.com/problems/nth-digit
Facebook,428,Serialize and Deserialize N-ary Tree,Hard,59.4%,0.9486721413771949,https://leetcode.com/problems/serialize-and-deserialize-n-ary-tree
Facebook,333,Largest BST Subtree,Medium,35.8%,0.9400316341694208,https://leetcode.com/problems/largest-bst-subtree
Facebook,934,Shortest Bridge,Medium,48.2%,0.9368313068095433,https://leetcode.com/problems/shortest-bridge
Facebook,844,Backspace String Compare,Easy,46.4%,0.9264088620397397,https://leetcode.com/problems/backspace-string-compare
Facebook,24,Swap Nodes in Pairs,Medium,50.4%,0.9160722651972566,https://leetcode.com/problems/swap-nodes-in-pairs
Facebook,99,Recover Binary Search Tree,Hard,39.7%,0.914769996949273,https://leetcode.com/problems/recover-binary-search-tree
Facebook,549,Binary Tree Longest Consecutive Sequence II,Medium,47.0%,0.9061007409684052,https://leetcode.com/problems/binary-tree-longest-consecutive-sequence-ii
Facebook,1026,Maximum Difference Between Node and Ancestor,Medium,66.0%,0.9030048951625053,https://leetcode.com/problems/maximum-difference-between-node-and-ancestor
Facebook,296,Best Meeting Point,Hard,57.5%,0.8977217646713296,https://leetcode.com/problems/best-meeting-point
Facebook,1113,Reported Posts,Easy,64.1%,0.8873031950009028,https://leetcode.com/problems/reported-posts
Facebook,90,Subsets II,Medium,47.1%,0.8707949916540203,https://leetcode.com/problems/subsets-ii
Facebook,935,Knight Dialer,Medium,45.2%,0.8649974374866045,https://leetcode.com/problems/knight-dialer
Facebook,68,Text Justification,Hard,27.7%,0.8643702353409353,https://leetcode.com/problems/text-justification
Facebook,298,Binary Tree Longest Consecutive Sequence,Medium,47.1%,0.8602012652231115,https://leetcode.com/problems/binary-tree-longest-consecutive-sequence
Facebook,364,Nested List Weight Sum II,Medium,62.8%,0.8557675934060812,https://leetcode.com/problems/nested-list-weight-sum-ii
Facebook,74,Search a 2D Matrix,Medium,36.5%,0.8550441428611075,https://leetcode.com/problems/search-a-2d-matrix
Facebook,280,Wiggle Sort,Medium,63.8%,0.8539645517453929,https://leetcode.com/problems/wiggle-sort
Facebook,85,Maximal Rectangle,Hard,37.7%,0.851125616256968,https://leetcode.com/problems/maximal-rectangle
Facebook,554,Brick Wall,Medium,50.0%,0.8487112881843506,https://leetcode.com/problems/brick-wall
Facebook,72,Edit Distance,Hard,44.8%,0.8465064934394285,https://leetcode.com/problems/edit-distance
Facebook,37,Sudoku Solver,Hard,43.6%,0.8450632225857873,https://leetcode.com/problems/sudoku-solver
Facebook,163,Missing Ranges,Medium,24.3%,0.8439308538392993,https://leetcode.com/problems/missing-ranges
Facebook,387,First Unique Character in a String,Easy,53.4%,0.8261344910474214,https://leetcode.com/problems/first-unique-character-in-a-string
Facebook,129,Sum Root to Leaf Numbers,Medium,49.1%,0.8250747236024935,https://leetcode.com/problems/sum-root-to-leaf-numbers
Facebook,145,Binary Tree Postorder Traversal,Hard,55.0%,0.8218702184282537,https://leetcode.com/problems/binary-tree-postorder-traversal
Facebook,1216,Valid Palindrome III,Hard,47.8%,0.8187244879431477,https://leetcode.com/problems/valid-palindrome-iii
Facebook,977,Squares of a Sorted Array,Easy,72.1%,0.8167611365271219,https://leetcode.com/problems/squares-of-a-sorted-array
Facebook,148,Sort List,Medium,42.3%,0.8074813963689672,https://leetcode.com/problems/sort-list
Facebook,405,Convert a Number to Hexadecimal,Easy,43.9%,0.8060996223222796,https://leetcode.com/problems/convert-a-number-to-hexadecimal
Facebook,639,Decode Ways II,Hard,26.6%,0.803408960173863,https://leetcode.com/problems/decode-ways-ii
Facebook,69,Sqrt(x),Easy,33.9%,0.8015083049747098,https://leetcode.com/problems/sqrtx
Facebook,94,Binary Tree Inorder Traversal,Medium,63.3%,0.7944581703541944,https://leetcode.com/problems/binary-tree-inorder-traversal
Facebook,84,Largest Rectangle in Histogram,Hard,35.2%,0.7909657228834762,https://leetcode.com/problems/largest-rectangle-in-histogram
Facebook,939,Minimum Area Rectangle,Medium,51.8%,0.7758696575905972,https://leetcode.com/problems/minimum-area-rectangle
Facebook,272,Closest Binary Search Tree Value II,Hard,50.5%,0.7668348963511045,https://leetcode.com/problems/closest-binary-search-tree-value-ii
Facebook,839,Similar String Groups,Hard,38.6%,0.761200643804961,https://leetcode.com/problems/similar-string-groups
Facebook,963,Minimum Area Rectangle II,Medium,50.9%,0.7566953924986649,https://leetcode.com/problems/minimum-area-rectangle-ii
Facebook,614,Second Degree Follower,Medium,30.3%,0.7343230947441319,https://leetcode.com/problems/second-degree-follower
Facebook,26,Remove Duplicates from Sorted Array,Easy,45.1%,0.7317263179888092,https://leetcode.com/problems/remove-duplicates-from-sorted-array
Facebook,430,Flatten a Multilevel Doubly Linked List,Medium,55.1%,0.7229221667439826,https://leetcode.com/problems/flatten-a-multilevel-doubly-linked-list
Facebook,395,Longest Substring with At Least K Repeating Characters,Medium,41.4%,0.7110726187557327,https://leetcode.com/problems/longest-substring-with-at-least-k-repeating-characters
Facebook,291,Word Pattern II,Hard,43.4%,0.705886206337375,https://leetcode.com/problems/word-pattern-ii
Facebook,1094,Car Pooling,Medium,56.7%,0.7053672918947206,https://leetcode.com/problems/car-pooling
Facebook,191,Number of 1 Bits,Easy,49.8%,0.6891075301794113,https://leetcode.com/problems/number-of-1-bits
Facebook,322,Coin Change,Medium,35.5%,0.6780940077875448,https://leetcode.com/problems/coin-change
Facebook,556,Next Greater Element III,Medium,31.7%,0.6780639383486168,https://leetcode.com/problems/next-greater-element-iii
Facebook,323,Number of Connected Components in an Undirected Graph,Medium,56.0%,0.6754476034605444,https://leetcode.com/problems/number-of-connected-components-in-an-undirected-graph
Facebook,363,Max Sum of Rectangle No Larger Than K,Hard,37.3%,0.663876798259832,https://leetcode.com/problems/max-sum-of-rectangle-no-larger-than-k
Facebook,242,Valid Anagram,Easy,56.9%,0.6609451753639594,https://leetcode.com/problems/valid-anagram
Facebook,41,First Missing Positive,Hard,32.0%,0.6555459946274417,https://leetcode.com/problems/first-missing-positive
Facebook,445,Add Two Numbers II,Medium,54.5%,0.639958398824261,https://leetcode.com/problems/add-two-numbers-ii
Facebook,724,Find Pivot Index,Easy,44.0%,0.6379558192352488,https://leetcode.com/problems/find-pivot-index
Facebook,1269,Number of Ways to Stay in the Same Place After Some Steps,Hard,43.2%,0.6050854936323582,https://leetcode.com/problems/number-of-ways-to-stay-in-the-same-place-after-some-steps
Facebook,152,Maximum Product Subarray,Medium,31.7%,0.5918273884045084,https://leetcode.com/problems/maximum-product-subarray
Facebook,518,Coin Change 2,Medium,50.2%,0.5915614413251872,https://leetcode.com/problems/coin-change-2
Facebook,137,Single Number II,Medium,52.4%,0.5915614413251872,https://leetcode.com/problems/single-number-ii
Facebook,969,Pancake Sorting,Medium,67.5%,0.5905780135393897,https://leetcode.com/problems/pancake-sorting
Facebook,36,Valid Sudoku,Medium,48.7%,0.589525373843642,https://leetcode.com/problems/valid-sudoku
Facebook,160,Intersection of Two Linked Lists,Easy,40.6%,0.5696899885961959,https://leetcode.com/problems/intersection-of-two-linked-lists
Facebook,637,Average of Levels in Binary Tree,Easy,63.1%,0.5608230187584083,https://leetcode.com/problems/average-of-levels-in-binary-tree
Facebook,875,Koko Eating Bananas,Medium,52.1%,0.5548950868004853,https://leetcode.com/problems/koko-eating-bananas
Facebook,19,Remove Nth Node From End of List,Medium,35.2%,0.5540320786995547,https://leetcode.com/problems/remove-nth-node-from-end-of-list
Facebook,742,Closest Leaf in a Binary Tree,Medium,43.6%,0.5486958978214005,https://leetcode.com/problems/closest-leaf-in-a-binary-tree
Facebook,214,Shortest Palindrome,Hard,29.8%,0.5331825308672672,https://leetcode.com/problems/shortest-palindrome
Facebook,47,Permutations II,Medium,46.4%,0.5319853456599372,https://leetcode.com/problems/permutations-ii
Facebook,45,Jump Game II,Hard,30.6%,0.5265290156944407,https://leetcode.com/problems/jump-game-ii
Facebook,248,Strobogrammatic Number III,Hard,39.6%,0.5138062519041285,https://leetcode.com/problems/strobogrammatic-number-iii
Facebook,55,Jump Game,Medium,34.6%,0.5103723488469963,https://leetcode.com/problems/jump-game
Facebook,1242,Web Crawler Multithreaded,Medium,45.9%,0.4978384282391795,https://leetcode.com/problems/web-crawler-multithreaded
Facebook,284,Peeking Iterator,Medium,45.7%,0.4945806415816577,https://leetcode.com/problems/peeking-iterator
Facebook,316,Remove Duplicate Letters,Hard,35.8%,0.48610209879675464,https://leetcode.com/problems/remove-duplicate-letters
Facebook,101,Symmetric Tree,Easy,46.8%,0.4835048270478799,https://leetcode.com/problems/symmetric-tree
Facebook,12,Integer to Roman,Medium,55.1%,0.4818758905029877,https://leetcode.com/problems/integer-to-roman
Facebook,40,Combination Sum II,Medium,48.2%,0.4799396659783134,https://leetcode.com/problems/combination-sum-ii
Facebook,388,Longest Absolute File Path,Medium,41.8%,0.4754236967150748,https://leetcode.com/problems/longest-absolute-file-path
Facebook,352,Data Stream as Disjoint Intervals,Hard,47.3%,0.47516062535545167,https://leetcode.com/problems/data-stream-as-disjoint-intervals
Facebook,14,Longest Common Prefix,Easy,35.4%,0.47383141489567654,https://leetcode.com/problems/longest-common-prefix
Facebook,1142,User Activity for the Past 30 Days II,Easy,34.5%,0.46937947443508493,https://leetcode.com/problems/user-activity-for-the-past-30-days-ii
Facebook,66,Plus One,Easy,43.0%,0.4671814837705357,https://leetcode.com/problems/plus-one
Facebook,443,String Compression,Easy,41.3%,0.4648256809530135,https://leetcode.com/problems/string-compression
Facebook,1132,Reported Posts II,Medium,34.4%,0.4643731505984498,https://leetcode.com/problems/reported-posts-ii
Facebook,153,Find Minimum in Rotated Sorted Array,Medium,45.1%,0.4624492968139545,https://leetcode.com/problems/find-minimum-in-rotated-sorted-array
Facebook,515,Find Largest Value in Each Tree Row,Medium,61.1%,0.4594054982539122,https://leetcode.com/problems/find-largest-value-in-each-tree-row
Facebook,1213,Intersection of Three Sorted Arrays,Easy,78.9%,0.45778473187961194,https://leetcode.com/problems/intersection-of-three-sorted-arrays
Facebook,223,Rectangle Area,Medium,37.8%,0.4551885434605949,https://leetcode.com/problems/rectangle-area
Facebook,1008,Construct Binary Search Tree from Preorder Traversal,Medium,78.4%,0.44664069296978226,https://leetcode.com/problems/construct-binary-search-tree-from-preorder-traversal
Facebook,63,Unique Paths II,Medium,34.6%,0.4447194776965593,https://leetcode.com/problems/unique-paths-ii
Facebook,108,Convert Sorted Array to Binary Search Tree,Easy,57.9%,0.4427274468005625,https://leetcode.com/problems/convert-sorted-array-to-binary-search-tree
Facebook,564,Find the Closest Palindrome,Hard,19.7%,0.43712242797885603,https://leetcode.com/problems/find-the-closest-palindrome
Facebook,491,Increasing Subsequences,Medium,46.1%,0.4337197757657639,https://leetcode.com/problems/increasing-subsequences
Facebook,189,Rotate Array,Easy,34.7%,0.42789160115933317,https://leetcode.com/problems/rotate-array
Facebook,77,Combinations,Medium,54.7%,0.42763619580710505,https://leetcode.com/problems/combinations
Facebook,1233,Remove Sub-Folders from the Filesystem,Medium,59.5%,0.4243747624654565,https://leetcode.com/problems/remove-sub-folders-from-the-filesystem
Facebook,437,Path Sum III,Medium,47.2%,0.41578386430953973,https://leetcode.com/problems/path-sum-iii
Facebook,392,Is Subsequence,Easy,49.2%,0.4144786135549692,https://leetcode.com/problems/is-subsequence
Facebook,48,Rotate Image,Medium,56.7%,0.41267616798758366,https://leetcode.com/problems/rotate-image
Facebook,151,Reverse Words in a String,Medium,21.9%,0.40449012406685037,https://leetcode.com/problems/reverse-words-in-a-string
Facebook,776,Split BST,Medium,55.8%,0.4013413909243023,https://leetcode.com/problems/split-bst
Facebook,1264,Page Recommendations,Medium,67.6%,0.39931124253378614,https://leetcode.com/problems/page-recommendations
Facebook,688,Knight Probability in Chessboard,Medium,48.9%,0.38977851194046487,https://leetcode.com/problems/knight-probability-in-chessboard
Facebook,1424,Diagonal Traverse II,Medium,42.4%,0.3873430652104741,https://leetcode.com/problems/diagonal-traverse-ii
Facebook,136,Single Number,Easy,65.5%,0.3708919589097458,https://leetcode.com/problems/single-number
Facebook,7,Reverse Integer,Easy,25.8%,0.36989351258944636,https://leetcode.com/problems/reverse-integer
Facebook,167,Two Sum II - Input array is sorted,Easy,54.1%,0.3697194122572466,https://leetcode.com/problems/two-sum-ii-input-array-is-sorted
Facebook,547,Friend Circles,Medium,58.6%,0.36668313802455266,https://leetcode.com/problems/friend-circles
Facebook,407,Trapping Rain Water II,Hard,42.4%,0.36621163438550147,https://leetcode.com/problems/trapping-rain-water-ii
Facebook,150,Evaluate Reverse Polish Notation,Medium,36.3%,0.3580974192852753,https://leetcode.com/problems/evaluate-reverse-polish-notation
Facebook,1032,Stream of Characters,Hard,48.3%,0.35736199308977074,https://leetcode.com/problems/stream-of-characters
Facebook,345,Reverse Vowels of a String,Easy,44.2%,0.35407324785389366,https://leetcode.com/problems/reverse-vowels-of-a-string
Facebook,703,Kth Largest Element in a Stream,Easy,49.7%,0.35302939867863786,https://leetcode.com/problems/kth-largest-element-in-a-stream
Facebook,442,Find All Duplicates in an Array,Medium,67.8%,0.35261504015383743,https://leetcode.com/problems/find-all-duplicates-in-an-array
Facebook,862,Shortest Subarray with Sum at Least K,Hard,24.6%,0.34470650089593724,https://leetcode.com/problems/shortest-subarray-with-sum-at-least-k
Facebook,855,Exam Room,Medium,43.1%,0.34442921752179523,https://leetcode.com/problems/exam-room
Facebook,303,Range Sum Query - Immutable,Easy,44.7%,0.33875458272156067,https://leetcode.com/problems/range-sum-query-immutable
Facebook,435,Non-overlapping Intervals,Medium,42.9%,0.33492740097938434,https://leetcode.com/problems/non-overlapping-intervals
Facebook,110,Balanced Binary Tree,Easy,43.5%,0.3341019099698985,https://leetcode.com/problems/balanced-binary-tree
Facebook,1091,Shortest Path in Binary Matrix,Medium,38.2%,0.3320988840413624,https://leetcode.com/problems/shortest-path-in-binary-matrix
Facebook,228,Summary Ranges,Medium,39.5%,0.33141882056106853,https://leetcode.com/problems/summary-ranges
Facebook,827,Making A Large Island,Hard,45.7%,0.32879599515977564,https://leetcode.com/problems/making-a-large-island
Facebook,794,Valid Tic-Tac-Toe State,Medium,32.6%,0.32676342249425205,https://leetcode.com/problems/valid-tic-tac-toe-state
Facebook,384,Shuffle an Array,Medium,52.8%,0.3251022057535279,https://leetcode.com/problems/shuffle-an-array
Facebook,852,Peak Index in a Mountain Array,Easy,71.6%,0.3250696045234013,https://leetcode.com/problems/peak-index-in-a-mountain-array
Facebook,918,Maximum Sum Circular Subarray,Medium,33.7%,0.31591744682247913,https://leetcode.com/problems/maximum-sum-circular-subarray
Facebook,16,3Sum Closest,Medium,46.0%,0.3149279072827814,https://leetcode.com/problems/3sum-closest
Facebook,104,Maximum Depth of Binary Tree,Easy,66.0%,0.31423184738371324,https://leetcode.com/problems/maximum-depth-of-binary-tree
Facebook,686,Repeated String Match,Easy,32.3%,0.3117796240308414,https://leetcode.com/problems/repeated-string-match
Facebook,478,Generate Random Point in a Circle,Medium,38.5%,0.30854721091574266,https://leetcode.com/problems/generate-random-point-in-a-circle
Facebook,324,Wiggle Sort II,Medium,29.9%,0.30770093934227283,https://leetcode.com/problems/wiggle-sort-ii
Facebook,112,Path Sum,Easy,41.2%,0.3008609933382415,https://leetcode.com/problems/path-sum
Facebook,1245,Tree Diameter,Medium,60.1%,0.29849298855599654,https://leetcode.com/problems/tree-diameter
Facebook,936,Stamping The Sequence,Hard,42.8%,0.2972515234679316,https://leetcode.com/problems/stamping-the-sequence
Facebook,641,Design Circular Deque,Medium,52.7%,0.29571424414904524,https://leetcode.com/problems/design-circular-deque
Facebook,155,Min Stack,Easy,44.5%,0.29559427979545205,https://leetcode.com/problems/min-stack
Facebook,171,Excel Sheet Column Number,Easy,55.9%,0.2930854047798333,https://leetcode.com/problems/excel-sheet-column-number
Facebook,377,Combination Sum IV,Medium,45.3%,0.2908416327421494,https://leetcode.com/problems/combination-sum-iv
Facebook,60,Permutation Sequence,Hard,38.4%,0.28587071214283233,https://leetcode.com/problems/permutation-sequence
Facebook,662,Maximum Width of Binary Tree,Medium,41.0%,0.2838096534681729,https://leetcode.com/problems/maximum-width-of-binary-tree
Facebook,382,Linked List Random Node,Medium,52.1%,0.2802157173642045,https://leetcode.com/problems/linked-list-random-node
Facebook,730,Count Different Palindromic Subsequences,Hard,41.8%,0.2744368457017603,https://leetcode.com/problems/count-different-palindromic-subsequences
Facebook,414,Third Maximum Number,Easy,30.5%,0.2737911401418798,https://leetcode.com/problems/third-maximum-number
Facebook,759,Employee Free Time,Hard,66.3%,0.27104379818721386,https://leetcode.com/problems/employee-free-time
Facebook,983,Minimum Cost For Tickets,Medium,60.5%,0.26701398643191887,https://leetcode.com/problems/minimum-cost-for-tickets
Facebook,450,Delete Node in a BST,Medium,43.1%,0.2618604317292985,https://leetcode.com/problems/delete-node-in-a-bst
Facebook,210,Course Schedule II,Medium,40.7%,0.26122098917206793,https://leetcode.com/problems/course-schedule-ii
Facebook,505,The Maze II,Medium,47.7%,0.2590886081881086,https://leetcode.com/problems/the-maze-ii
Facebook,663,Equal Tree Partition,Medium,39.5%,0.2578291093020998,https://leetcode.com/problems/equal-tree-partition
Facebook,234,Palindrome Linked List,Easy,39.3%,0.25526989045710297,https://leetcode.com/problems/palindrome-linked-list
Facebook,446,Arithmetic Slices II - Subsequence,Hard,32.7%,0.25416851512733507,https://leetcode.com/problems/arithmetic-slices-ii-subsequence
Facebook,609,Find Duplicate File in System,Medium,59.5%,0.25388017696233983,https://leetcode.com/problems/find-duplicate-file-in-system
Facebook,168,Excel Sheet Column Title,Easy,31.1%,0.24683273722531368,https://leetcode.com/problems/excel-sheet-column-title
Facebook,307,Range Sum Query - Mutable,Medium,34.6%,0.24328779711400658,https://leetcode.com/problems/range-sum-query-mutable
Facebook,716,Max Stack,Easy,42.6%,0.24108416003009112,https://leetcode.com/problems/max-stack
Facebook,188,Best Time to Buy and Sell Stock IV,Hard,28.0%,0.2362134701793093,https://leetcode.com/problems/best-time-to-buy-and-sell-stock-iv
Facebook,655,Print Binary Tree,Medium,55.0%,0.23545681154756673,https://leetcode.com/problems/print-binary-tree
Facebook,344,Reverse String,Easy,68.5%,0.23528503471044915,https://leetcode.com/problems/reverse-string
Facebook,654,Maximum Binary Tree,Medium,79.9%,0.2271957154126144,https://leetcode.com/problems/maximum-binary-tree
Facebook,221,Maximal Square,Medium,37.7%,0.2218511119038007,https://leetcode.com/problems/maximal-square
Facebook,159,Longest Substring with At Most Two Distinct Characters,Medium,49.4%,0.22148929121818325,https://leetcode.com/problems/longest-substring-with-at-most-two-distinct-characters
Facebook,241,Different Ways to Add Parentheses,Medium,55.2%,0.22096511694444815,https://leetcode.com/problems/different-ways-to-add-parentheses
Facebook,750,Number Of Corner Rectangles,Medium,66.4%,0.22067136216882066,https://leetcode.com/problems/number-of-corner-rectangles
Facebook,516,Longest Palindromic Subsequence,Medium,53.2%,0.2156692799855616,https://leetcode.com/problems/longest-palindromic-subsequence
Facebook,417,Pacific Atlantic Water Flow,Medium,41.1%,0.2125614419836728,https://leetcode.com/problems/pacific-atlantic-water-flow
Facebook,669,Trim a Binary Search Tree,Easy,63.0%,0.21245865121419338,https://leetcode.com/problems/trim-a-binary-search-tree
Facebook,410,Split Array Largest Sum,Hard,44.5%,0.2113090936672069,https://leetcode.com/problems/split-array-largest-sum
Facebook,261,Graph Valid Tree,Medium,42.2%,0.21068350715947268,https://leetcode.com/problems/graph-valid-tree
Facebook,6,ZigZag Conversion,Medium,36.3%,0.21040551802808702,https://leetcode.com/problems/zigzag-conversion
Facebook,503,Next Greater Element II,Medium,56.5%,0.20963047971710957,https://leetcode.com/problems/next-greater-element-ii
Facebook,312,Burst Balloons,Hard,51.8%,0.20921375502735295,https://leetcode.com/problems/burst-balloons
Facebook,1053,Previous Permutation With One Swap,Medium,48.5%,0.20909179785855941,https://leetcode.com/problems/previous-permutation-with-one-swap
Facebook,315,Count of Smaller Numbers After Self,Hard,41.5%,0.20806843787404064,https://leetcode.com/problems/count-of-smaller-numbers-after-self
Facebook,884,Uncommon Words from Two Sentences,Easy,63.3%,0.2078703916939076,https://leetcode.com/problems/uncommon-words-from-two-sentences
Facebook,290,Word Pattern,Easy,37.0%,0.20496634325524304,https://leetcode.com/problems/word-pattern
Facebook,371,Sum of Two Integers,Medium,50.7%,0.20426967106919308,https://leetcode.com/problems/sum-of-two-integers
Facebook,752,Open the Lock,Medium,51.8%,0.20214045265154648,https://leetcode.com/problems/open-the-lock
Facebook,578,Get Highest Answer Rate Question,Medium,39.3%,0.20157261209600713,https://leetcode.com/problems/get-highest-answer-rate-question
Facebook,714,Best Time to Buy and Sell Stock with Transaction Fee,Medium,54.7%,0.19966567025192705,https://leetcode.com/problems/best-time-to-buy-and-sell-stock-with-transaction-fee
Facebook,886,Possible Bipartition,Medium,44.2%,0.19624555983340192,https://leetcode.com/problems/possible-bipartition
Facebook,496,Next Greater Element I,Easy,63.8%,0.19278708883361578,https://leetcode.com/problems/next-greater-element-i
Facebook,178,Rank Scores,Medium,45.8%,0.18843907402659216,https://leetcode.com/problems/rank-scores
Facebook,681,Next Closest Time,Medium,45.0%,0.18812615225992188,https://leetcode.com/problems/next-closest-time
Facebook,103,Binary Tree Zigzag Level Order Traversal,Medium,48.3%,0.18805467423313033,https://leetcode.com/problems/binary-tree-zigzag-level-order-traversal
Facebook,981,Time Based Key-Value Store,Medium,53.1%,0.1844764271644963,https://leetcode.com/problems/time-based-key-value-store
Facebook,889,Construct Binary Tree from Preorder and Postorder Traversal,Medium,66.2%,0.18315872720701828,https://leetcode.com/problems/construct-binary-tree-from-preorder-and-postorder-traversal
Facebook,593,Valid Square,Medium,43.1%,0.181905842799192,https://leetcode.com/problems/valid-square
Facebook,916,Word Subsets,Medium,47.8%,0.181583821607415,https://leetcode.com/problems/word-subsets
Facebook,9,Palindrome Number,Easy,48.4%,0.17791287714642806,https://leetcode.com/problems/palindrome-number
Facebook,130,Surrounded Regions,Medium,28.1%,0.17613332483584074,https://leetcode.com/problems/surrounded-regions
Facebook,328,Odd Even Linked List,Medium,55.7%,0.17548836529558792,https://leetcode.com/problems/odd-even-linked-list
Facebook,843,Guess the Word,Hard,46.1%,0.17062551703076334,https://leetcode.com/problems/guess-the-word
Facebook,413,Arithmetic Slices,Medium,57.9%,0.1657221570563033,https://leetcode.com/problems/arithmetic-slices
Facebook,535,Encode and Decode TinyURL,Medium,79.9%,0.15827628732919474,https://leetcode.com/problems/encode-and-decode-tinyurl
Facebook,106,Construct Binary Tree from Inorder and Postorder Traversal,Medium,47.2%,0.1563992524301298,https://leetcode.com/problems/construct-binary-tree-from-inorder-and-postorder-traversal
Facebook,373,Find K Pairs with Smallest Sums,Medium,36.7%,0.15386549516826,https://leetcode.com/problems/find-k-pairs-with-smallest-sums
Facebook,676,Implement Magic Dictionary,Medium,54.5%,0.15104025741286586,https://leetcode.com/problems/implement-magic-dictionary
Facebook,723,Candy Crush,Medium,69.2%,0.1475667107409061,https://leetcode.com/problems/candy-crush
Facebook,113,Path Sum II,Medium,46.7%,0.14611171121171676,https://leetcode.com/problems/path-sum-ii
Facebook,95,Unique Binary Search Trees II,Medium,40.6%,0.14236392393156927,https://leetcode.com/problems/unique-binary-search-trees-ii
Facebook,172,Factorial Trailing Zeroes,Easy,37.8%,0.14144572792198667,https://leetcode.com/problems/factorial-trailing-zeroes
Facebook,176,Second Highest Salary,Easy,31.6%,0.1400039071301401,https://leetcode.com/problems/second-highest-salary
Facebook,250,Count Univalue Subtrees,Medium,52.0%,0.13767409129953323,https://leetcode.com/problems/count-univalue-subtrees
Facebook,1209,Remove All Adjacent Duplicates in String II,Medium,56.9%,0.13712574822724946,https://leetcode.com/problems/remove-all-adjacent-duplicates-in-string-ii
Facebook,1043,Partition Array for Maximum Sum,Medium,65.2%,0.13636827395972229,https://leetcode.com/problems/partition-array-for-maximum-sum
Facebook,204,Count Primes,Easy,31.5%,0.13428518935681233,https://leetcode.com/problems/count-primes
Facebook,100,Same Tree,Easy,53.4%,0.1318171127859705,https://leetcode.com/problems/same-tree
Facebook,226,Invert Binary Tree,Easy,65.0%,0.12934562157317617,https://leetcode.com/problems/invert-binary-tree
Facebook,274,H-Index,Medium,36.1%,0.12827809724117692,https://leetcode.com/problems/h-index
Facebook,338,Counting Bits,Medium,69.5%,0.12580669538551648,https://leetcode.com/problems/counting-bits
Facebook,461,Hamming Distance,Easy,72.8%,0.12570469475928556,https://leetcode.com/problems/hamming-distance
Facebook,1146,Snapshot Array,Medium,37.0%,0.12154546954921416,https://leetcode.com/problems/snapshot-array
Facebook,572,Subtree of Another Tree,Easy,44.1%,0.12110558833260582,https://leetcode.com/problems/subtree-of-another-tree
Facebook,222,Count Complete Tree Nodes,Medium,46.8%,0.119584908524332,https://leetcode.com/problems/count-complete-tree-nodes
Facebook,848,Shifting Letters,Medium,44.6%,0.11918851726511835,https://leetcode.com/problems/shifting-letters
Facebook,1439,Find the Kth Smallest Sum of a Matrix With Sorted Rows,Hard,59.5%,0.11918851726511835,https://leetcode.com/problems/find-the-kth-smallest-sum-of-a-matrix-with-sorted-rows
Facebook,179,Largest Number,Medium,28.8%,0.11836460008103292,https://leetcode.com/problems/largest-number
Facebook,525,Contiguous Array,Medium,42.8%,0.11750591219610916,https://leetcode.com/problems/contiguous-array
Facebook,268,Missing Number,Easy,51.7%,0.11538834636572094,https://leetcode.com/problems/missing-number
Facebook,1275,Find Winner on a Tic Tac Toe Game,Easy,52.8%,0.11536465479210183,https://leetcode.com/problems/find-winner-on-a-tic-tac-toe-game
Facebook,61,Rotate List,Medium,30.0%,0.11528615545779625,https://leetcode.com/problems/rotate-list
Facebook,1047,Remove All Adjacent Duplicates In String,Easy,68.6%,0.11181352460393465,https://leetcode.com/problems/remove-all-adjacent-duplicates-in-string
Facebook,265,Paint House II,Hard,44.6%,0.1088028598487991,https://leetcode.com/problems/paint-house-ii
Facebook,792,Number of Matching Subsequences,Medium,47.4%,0.10867135530512761,https://leetcode.com/problems/number-of-matching-subsequences
Facebook,181,Employees Earning More Than Their Managers,Easy,56.9%,0.10821358464023274,https://leetcode.com/problems/employees-earning-more-than-their-managers
Facebook,279,Perfect Squares,Medium,47.4%,0.10744168186165087,https://leetcode.com/problems/perfect-squares
Facebook,966,Vowel Spellchecker,Medium,47.2%,0.10676797542570607,https://leetcode.com/problems/vowel-spellchecker
Facebook,70,Climbing Stairs,Easy,47.8%,0.10352088064831867,https://leetcode.com/problems/climbing-stairs
Facebook,773,Sliding Puzzle,Hard,59.3%,0.10294796925244239,https://leetcode.com/problems/sliding-puzzle
Facebook,118,Pascal's Triangle,Easy,52.5%,0.10288539275725785,https://leetcode.com/problems/pascals-triangle
Facebook,1379,Find a Corresponding Node of a Binary Tree in a Clone of That Tree,Medium,83.8%,0.10186917331721722,https://leetcode.com/problems/find-a-corresponding-node-of-a-binary-tree-in-a-clone-of-that-tree
Facebook,1411,Number of Ways to Paint N × 3 Grid,Hard,61.1%,0.10135249426028749,https://leetcode.com/problems/number-of-ways-to-paint-n-3-grid
Facebook,402,Remove K Digits,Medium,28.4%,0.10101435005393304,https://leetcode.com/problems/remove-k-digits
Facebook,141,Linked List Cycle,Easy,41.1%,0.10063328674952829,https://leetcode.com/problems/linked-list-cycle
Facebook,628,Maximum Product of Three Numbers,Easy,47.1%,0.09909090264423091,https://leetcode.com/problems/maximum-product-of-three-numbers
Facebook,1141,User Activity for the Past 30 Days I,Easy,54.1%,0.09646026618756222,https://leetcode.com/problems/user-activity-for-the-past-30-days-i
Facebook,59,Spiral Matrix II,Medium,53.9%,0.09483978737982436,https://leetcode.com/problems/spiral-matrix-ii
Facebook,821,Shortest Distance to a Character,Easy,66.9%,0.09450889771017068,https://leetcode.com/problems/shortest-distance-to-a-character
Facebook,1062,Longest Repeating Substring,Medium,57.2%,0.09201889872025212,https://leetcode.com/problems/longest-repeating-substring
Facebook,1077,Project Employees III,Medium,75.6%,0.0907652093142671,https://leetcode.com/problems/project-employees-iii
Facebook,1241,Number of Comments per Post,Easy,67.0%,0.0891458495182624,https://leetcode.com/problems/number-of-comments-per-post
Facebook,652,Find Duplicate Subtrees,Medium,50.2%,0.08907963005368878,https://leetcode.com/problems/find-duplicate-subtrees
Facebook,995,Minimum Number of K Consecutive Bit Flips,Hard,46.8%,0.08894748601649616,https://leetcode.com/problems/minimum-number-of-k-consecutive-bit-flips
Facebook,788,Rotated Digits,Easy,57.1%,0.08743429938967429,https://leetcode.com/problems/rotated-digits
Facebook,1108,Defanging an IP Address,Easy,87.5%,0.08632116644802212,https://leetcode.com/problems/defanging-an-ip-address
Facebook,287,Find the Duplicate Number,Medium,55.5%,0.0845834791494423,https://leetcode.com/problems/find-the-duplicate-number
Facebook,1019,Next Greater Node In Linked List,Medium,57.4%,0.08373089291046797,https://leetcode.com/problems/next-greater-node-in-linked-list
Facebook,550,Game Play Analysis IV,Medium,45.3%,0.08286311601350513,https://leetcode.com/problems/game-play-analysis-iv
Facebook,962,Maximum Width Ramp,Medium,45.4%,0.08184524810424337,https://leetcode.com/problems/maximum-width-ramp
Facebook,698,Partition to K Equal Sum Subsets,Medium,45.0%,0.08184524810424337,https://leetcode.com/problems/partition-to-k-equal-sum-subsets
Facebook,887,Super Egg Drop,Hard,27.1%,0.08054440988796595,https://leetcode.com/problems/super-egg-drop
Facebook,673,Number of Longest Increasing Subsequence,Medium,35.7%,0.08025695513016742,https://leetcode.com/problems/number-of-longest-increasing-subsequence
Facebook,1003,Check If Word Is Valid After Substitutions,Medium,55.3%,0.07847161544149522,https://leetcode.com/problems/check-if-word-is-valid-after-substitutions
Facebook,1254,Number of Closed Islands,Medium,60.5%,0.07796154146971186,https://leetcode.com/problems/number-of-closed-islands
Facebook,1055,Shortest Way to Form String,Medium,56.9%,0.07681317776161672,https://leetcode.com/problems/shortest-way-to-form-string
Facebook,778,Swim in Rising Water,Hard,53.1%,0.07651914983419623,https://leetcode.com/problems/swim-in-rising-water
Facebook,229,Majority Element II,Medium,35.6%,0.0741423287407419,https://leetcode.com/problems/majority-element-ii
Facebook,787,Cheapest Flights Within K Stops,Medium,39.3%,0.0732592918006526,https://leetcode.com/problems/cheapest-flights-within-k-stops
Facebook,1287,Element Appearing More Than 25% In Sorted Array,Easy,60.2%,0.07284773254143415,https://leetcode.com/problems/element-appearing-more-than-25-in-sorted-array
Facebook,1057,Campus Bikes,Medium,57.7%,0.07107786641655695,https://leetcode.com/problems/campus-bikes
Facebook,289,Game of Life,Medium,54.5%,0.06756473699960104,https://leetcode.com/problems/game-of-life
Facebook,997,Find the Town Judge,Easy,50.1%,0.06548984513511495,https://leetcode.com/problems/find-the-town-judge
Facebook,726,Number of Atoms,Hard,49.0%,0.06371581438610768,https://leetcode.com/problems/number-of-atoms
Facebook,509,Fibonacci Number,Easy,67.2%,0.06227154155782137,https://leetcode.com/problems/fibonacci-number
Facebook,472,Concatenated Words,Hard,43.7%,0.06120196522807572,https://leetcode.com/problems/concatenated-words
Facebook,353,Design Snake Game,Medium,34.2%,0.06053284922884233,https://leetcode.com/problems/design-snake-game
Facebook,1445,Apples & Oranges,Medium,87.1%,0.05954139369101661,https://leetcode.com/problems/apples-oranges
Facebook,217,Contains Duplicate,Easy,56.0%,0.05910139227591337,https://leetcode.com/problems/contains-duplicate
Facebook,1305,All Elements in Two Binary Search Trees,Medium,76.1%,0.05819353408024827,https://leetcode.com/problems/all-elements-in-two-binary-search-trees
Facebook,979,Distribute Coins in Binary Tree,Medium,68.9%,0.05800594958851697,https://leetcode.com/problems/distribute-coins-in-binary-tree
Facebook,83,Remove Duplicates from Sorted List,Easy,45.4%,0.055776537457411894,https://leetcode.com/problems/remove-duplicates-from-sorted-list
Facebook,653,Two Sum IV - Input is a BST,Easy,55.5%,0.055724721838100025,https://leetcode.com/problems/two-sum-iv-input-is-a-bst
Facebook,202,Happy Number,Easy,50.4%,0.05503451923624455,https://leetcode.com/problems/happy-number
Facebook,310,Minimum Height Trees,Medium,32.3%,0.05423015406086025,https://leetcode.com/problems/minimum-height-trees
Facebook,679,24 Game,Hard,46.4%,0.05341723749698583,https://leetcode.com/problems/24-game
Facebook,203,Remove Linked List Elements,Easy,38.6%,0.04798700179553833,https://leetcode.com/problems/remove-linked-list-elements
Facebook,205,Isomorphic Strings,Easy,39.8%,0.045397866271290506,https://leetcode.com/problems/isomorphic-strings
Facebook,733,Flood Fill,Easy,55.3%,0.04413292021115189,https://leetcode.com/problems/flood-fill
Facebook,1498,Number of Subsequences That Satisfy the Given Sum Condition,Medium,36.7%,0.04334372921647208,https://leetcode.com/problems/number-of-subsequences-that-satisfy-the-given-sum-condition
Facebook,611,Valid Triangle Number,Medium,48.4%,0.04255961441879593,https://leetcode.com/problems/valid-triangle-number
Facebook,1219,Path with Maximum Gold,Medium,65.1%,0.04111576039097048,https://leetcode.com/problems/path-with-maximum-gold
Facebook,260,Single Number III,Medium,64.3%,0.0403019568058018,https://leetcode.com/problems/single-number-iii
Facebook,739,Daily Temperatures,Medium,63.3%,0.03954060923825168,https://leetcode.com/problems/daily-temperatures
Facebook,406,Queue Reconstruction by Height,Medium,66.9%,0.03949613834265583,https://leetcode.com/problems/queue-reconstruction-by-height
Facebook,706,Design HashMap,Easy,61.3%,0.039016652342451774,https://leetcode.com/problems/design-hashmap
Facebook,872,Leaf-Similar Trees,Easy,64.5%,0.03899974309382511,https://leetcode.com/problems/leaf-similar-trees
Facebook,993,Cousins in Binary Tree,Easy,52.0%,0.03876454345024432,https://leetcode.com/problems/cousins-in-binary-tree
Facebook,337,House Robber III,Medium,50.6%,0.03825370795946937,https://leetcode.com/problems/house-robber-iii
Facebook,905,Sort Array By Parity,Easy,74.1%,0.03787434929243582,https://leetcode.com/problems/sort-array-by-parity
Facebook,1031,Maximum Sum of Two Non-Overlapping Subarrays,Medium,57.9%,0.03711000965123125,https://leetcode.com/problems/maximum-sum-of-two-non-overlapping-subarrays
Facebook,646,Maximum Length of Pair Chain,Medium,51.9%,0.036870535808327706,https://leetcode.com/problems/maximum-length-of-pair-chain
Facebook,376,Wiggle Subsequence,Medium,39.6%,0.03666771919188123,https://leetcode.com/problems/wiggle-subsequence
Facebook,96,Unique Binary Search Trees,Medium,52.9%,0.036467121912812143,https://leetcode.com/problems/unique-binary-search-trees
Facebook,701,Insert into a Binary Search Tree,Medium,77.7%,0.03459222693591465,https://leetcode.com/problems/insert-into-a-binary-search-tree
Facebook,309,Best Time to Buy and Sell Stock with Cooldown,Medium,47.4%,0.034362822747185016,https://leetcode.com/problems/best-time-to-buy-and-sell-stock-with-cooldown
Facebook,1360,Number of Days Between Two Dates,Easy,48.8%,0.03401688527825427,https://leetcode.com/problems/number-of-days-between-two-dates
Facebook,154,Find Minimum in Rotated Sorted Array II,Hard,41.6%,0.033505725418712703,https://leetcode.com/problems/find-minimum-in-rotated-sorted-array-ii
Facebook,80,Remove Duplicates from Sorted Array II,Medium,44.0%,0.03303052567648182,https://leetcode.com/problems/remove-duplicates-from-sorted-array-ii
Facebook,832,Flipping an Image,Easy,76.2%,0.03267078228954871,https://leetcode.com/problems/flipping-an-image
Facebook,605,Can Place Flowers,Easy,31.6%,0.02457126073050533,https://leetcode.com/problems/can-place-flowers
Facebook,64,Minimum Path Sum,Medium,54.5%,0.024287775531756203,https://leetcode.com/problems/minimum-path-sum
Facebook,1137,N-th Tribonacci Number,Easy,55.9%,0.02072613051711693,https://leetcode.com/problems/n-th-tribonacci-number
Facebook,237,Delete Node in a Linked List,Easy,63.8%,0.020421896704473325,https://leetcode.com/problems/delete-node-in-a-linked-list
Facebook,1266,Minimum Time Visiting All Points,Easy,79.6%,0.017354014693151613,https://leetcode.com/problems/minimum-time-visiting-all-points
Facebook,1021,Remove Outermost Parentheses,Easy,78.0%,0.016434223613379935,https://leetcode.com/problems/remove-outermost-parentheses
Facebook,771,Jewels and Stones,Easy,86.4%,0.01631653312373806,https://leetcode.com/problems/jewels-and-stones
Facebook,1304,Find N Unique Integers Sum up to Zero,Easy,76.3%,0.015892269319508656,https://leetcode.com/problems/find-n-unique-integers-sum-up-to-zero
Facebook,404,Sum of Left Leaves,Easy,50.9%,0.013981353230340547,https://leetcode.com/problems/sum-of-left-leaves
Facebook,451,Sort Characters By Frequency,Medium,63.0%,0.013153757558740521,https://leetcode.com/problems/sort-characters-by-frequency
Facebook,1143,Longest Common Subsequence,Medium,58.4%,0.008835931134362285,https://leetcode.com/problems/longest-common-subsequence
Facebook,763,Partition Labels,Medium,76.1%,0.008385793376274025,https://leetcode.com/problems/partition-labels
Facebook,1528,Shuffle String,Easy,86.1%,0.006295047716793515,https://leetcode.com/problems/shuffle-string
Facebook,275,H-Index II,Medium,36.0%,0,https://leetcode.com/problems/h-index-ii
Facebook,745,Prefix and Suffix Search,Hard,34.1%,0,https://leetcode.com/problems/prefix-and-suffix-search
Facebook,764,Largest Plus Sign,Medium,46.0%,0,https://leetcode.com/problems/largest-plus-sign
Facebook,784,Letter Case Permutation,Medium,64.6%,0,https://leetcode.com/problems/letter-case-permutation
Facebook,801,Minimum Swaps To Make Sequences Increasing,Medium,38.9%,0,https://leetcode.com/problems/minimum-swaps-to-make-sequences-increasing
Facebook,893,Groups of Special-Equivalent Strings,Easy,66.5%,0,https://leetcode.com/problems/groups-of-special-equivalent-strings
Facebook,968,Binary Tree Cameras,Hard,37.5%,0,https://leetcode.com/problems/binary-tree-cameras
Facebook,989,Add to Array-Form of Integer,Easy,44.2%,0,https://leetcode.com/problems/add-to-array-form-of-integer
Facebook,998,Maximum Binary Tree II,Medium,63.0%,0,https://leetcode.com/problems/maximum-binary-tree-ii
Facebook,1033,Moving Stones Until Consecutive,Easy,41.7%,0,https://leetcode.com/problems/moving-stones-until-consecutive
Facebook,1040,Moving Stones Until Consecutive II,Medium,52.9%,0,https://leetcode.com/problems/moving-stones-until-consecutive-ii
Facebook,1075,Project Employees I,Easy,64.8%,0,https://leetcode.com/problems/project-employees-i
Facebook,1076,Project Employees II,Easy,53.7%,0,https://leetcode.com/problems/project-employees-ii
Facebook,1361,Validate Binary Tree Nodes,Medium,48.5%,0,https://leetcode.com/problems/validate-binary-tree-nodes
Facebook,1211,Queries Quality and Percentage,Easy,68.3%,0,https://leetcode.com/problems/queries-quality-and-percentage
Facebook,1225,Report Contiguous Dates,Hard,61.1%,0,https://leetcode.com/problems/report-contiguous-dates
Facebook,1236,Web Crawler,Medium,64.3%,0,https://leetcode.com/problems/web-crawler
Facebook,1322,Ads Performance,Easy,57.8%,0,https://leetcode.com/problems/ads-performance
Facebook,1357,Apply Discount Every n Orders,Medium,66.0%,0,https://leetcode.com/problems/apply-discount-every-n-orders
Facebook,1398,Customers Who Bought Products A and B but Not C,Medium,80.7%,0,https://leetcode.com/problems/customers-who-bought-products-a-and-b-but-not-c
Facebook,1443,Minimum Time to Collect All Apples in a Tree,Medium,55.4%,0,https://leetcode.com/problems/minimum-time-to-collect-all-apples-in-a-tree
Facebook,1460,Make Two Arrays Equal by Reversing Sub-arrays,Easy,73.9%,0,https://leetcode.com/problems/make-two-arrays-equal-by-reversing-sub-arrays
Facebook,1453,Maximum Number of Darts Inside of a Circular Dartboard,Hard,33.7%,0,https://leetcode.com/problems/maximum-number-of-darts-inside-of-a-circular-dartboard
Facebook,1522,Diameter of N-Ary Tree,Medium,70.0%,0,https://leetcode.com/problems/diameter-of-n-ary-tree
Meta,301,Remove Invalid Parentheses,Hard,43.3%,5.575610066775206,https://leetcode.com/problems/remove-invalid-parentheses
Meta,273,Integer to English Words,Hard,27.1%,5.444753025333917,https://leetcode.com/problems/integer-to-english-words
Meta,953,Verifying an Alien Dictionary,Easy,54.1%,5.313895983892627,https://leetcode.com/problems/verifying-an-alien-dictionary
Meta,158,Read N Characters Given Read4 II - Call multiple times,Hard,33.8%,5.183038942451338,https://leetcode.com/problems/read-n-characters-given-read4-ii-call-multiple-times
Meta,297,Serialize and Deserialize Binary Tree,Hard,47.5%,5.090902981800583,https://leetcode.com/problems/serialize-and-deserialize-binary-tree
Meta,10,Regular Expression Matching,Hard,26.8%,4.960045940359294,https://leetcode.com/problems/regular-expression-matching
Meta,91,Decode Ways,Medium,24.7%,4.926071339059624,https://leetcode.com/problems/decode-ways
Meta,253,Meeting Rooms II,Medium,45.7%,4.890863444823654,https://leetcode.com/problems/meeting-rooms-ii
Meta,238,Product of Array Except Self,Medium,60.1%,4.787304832474671,https://leetcode.com/problems/product-of-array-except-self
Meta,680,Valid Palindrome II,Easy,36.6%,4.727432294246022,https://leetcode.com/problems/valid-palindrome-ii
Meta,15,3Sum,Medium,26.8%,4.716880252749641,https://leetcode.com/problems/3sum
Meta,560,Subarray Sum Equals K,Medium,43.9%,4.681694359055468,https://leetcode.com/problems/subarray-sum-equals-k
Meta,278,First Bad Version,Easy,35.7%,4.667124795676079,https://leetcode.com/problems/first-bad-version
Meta,76,Minimum Window Substring,Hard,34.6%,4.624844309488783,https://leetcode.com/problems/minimum-window-substring
Meta,973,K Closest Points to Origin,Medium,63.8%,4.6226837423062355,https://leetcode.com/problems/k-closest-points-to-origin
Meta,67,Add Binary,Easy,45.2%,4.59057803547337,https://leetcode.com/problems/add-binary
Meta,23,Merge k Sorted Lists,Hard,40.2%,4.540902119231776,https://leetcode.com/problems/merge-k-sorted-lists
Meta,283,Move Zeroes,Easy,57.8%,4.539910062491303,https://leetcode.com/problems/move-zeroes
Meta,1249,Minimum Remove to Make Valid Parentheses,Medium,62.5%,4.510651510608414,https://leetcode.com/problems/minimum-remove-to-make-valid-parentheses
Meta,125,Valid Palindrome,Easy,36.7%,4.472291401117124,https://leetcode.com/problems/valid-palindrome
Meta,29,Divide Two Integers,Medium,16.4%,4.451722795491452,https://leetcode.com/problems/divide-two-integers
Meta,31,Next Permutation,Medium,32.6%,4.413309355076113,https://leetcode.com/problems/next-permutation
Meta,173,Binary Search Tree Iterator,Medium,56.6%,4.402058148743651,https://leetcode.com/problems/binary-search-tree-iterator
Meta,282,Expression Add Operators,Hard,35.5%,4.392818642206004,https://leetcode.com/problems/expression-add-operators
Meta,211,Add and Search Word - Data structure design,Medium,38.1%,4.32373689930886,https://leetcode.com/problems/add-and-search-word-data-structure-design
Meta,65,Valid Number,Hard,15.3%,4.274687734189391,https://leetcode.com/problems/valid-number
Meta,157,Read N Characters Given Read4,Easy,34.2%,4.211806122562663,https://leetcode.com/problems/read-n-characters-given-read4
Meta,124,Binary Tree Maximum Path Sum,Hard,34.3%,4.173080791636589,https://leetcode.com/problems/binary-tree-maximum-path-sum
Meta,314,Binary Tree Vertical Order Traversal,Medium,45.3%,4.169848738461142,https://leetcode.com/problems/binary-tree-vertical-order-traversal
Meta,17,Letter Combinations of a Phone Number,Medium,46.8%,4.164730824697368,https://leetcode.com/problems/letter-combinations-of-a-phone-number
Meta,56,Merge Intervals,Medium,39.3%,4.104801117510305,https://leetcode.com/problems/merge-intervals
Meta,426,Convert Binary Search Tree to Sorted Doubly Linked List,Medium,59.1%,4.095652308198605,https://leetcode.com/problems/convert-binary-search-tree-to-sorted-doubly-linked-list
Meta,269,Alien Dictionary,Hard,33.3%,4.0805624877290665,https://leetcode.com/problems/alien-dictionary
Meta,1,Two Sum,Easy,45.6%,4.011510827995362,https://leetcode.com/problems/two-sum
Meta,133,Clone Graph,Medium,34.8%,3.9966560335245793,https://leetcode.com/problems/clone-graph
Meta,325,Maximum Size Subarray Sum Equals k,Medium,46.8%,3.9738002945104958,https://leetcode.com/problems/maximum-size-subarray-sum-equals-k
Meta,438,Find All Anagrams in a String,Medium,43.3%,3.9600414146616707,https://leetcode.com/problems/find-all-anagrams-in-a-string
Meta,311,Sparse Matrix Multiplication,Medium,61.9%,3.8291843732203814,https://leetcode.com/problems/sparse-matrix-multiplication
Meta,415,Add Strings,Easy,47.5%,3.823224938890351,https://leetcode.com/problems/add-strings
Meta,200,Number of Islands,Medium,46.8%,3.8178638361422226,https://leetcode.com/problems/number-of-islands
Meta,336,Palindrome Pairs,Hard,33.7%,3.774867877530413,https://leetcode.com/problems/palindrome-pairs
Meta,215,Kth Largest Element in an Array,Medium,55.4%,3.7586134025612274,https://leetcode.com/problems/kth-largest-element-in-an-array
Meta,543,Diameter of Binary Tree,Easy,48.4%,3.7178469184757565,https://leetcode.com/problems/diameter-of-binary-tree
Meta,257,Binary Tree Paths,Easy,51.5%,3.692630656645929,https://leetcode.com/problems/binary-tree-paths
Meta,523,Continuous Subarray Sum,Medium,24.6%,3.6834633730887782,https://leetcode.com/problems/continuous-subarray-sum
Meta,277,Find the Celebrity,Medium,41.8%,3.616681579302239,https://leetcode.com/problems/find-the-celebrity
Meta,621,Task Scheduler,Medium,50.1%,3.6045478094509233,https://leetcode.com/problems/task-scheduler
Meta,43,Multiply Strings,Medium,33.9%,3.5921750861240196,https://leetcode.com/problems/multiply-strings
Meta,98,Validate Binary Search Tree,Medium,27.8%,3.581806727833732,https://leetcode.com/problems/validate-binary-search-tree
Meta,42,Trapping Rain Water,Hard,48.9%,3.5778834321997866,https://leetcode.com/problems/trapping-rain-water
Meta,689,Maximum Sum of 3 Non-Overlapping Subarrays,Hard,46.3%,3.5588948279750623,https://leetcode.com/problems/maximum-sum-of-3-non-overlapping-subarrays
Meta,349,Intersection of Two Arrays,Easy,62.5%,3.498653100218706,https://leetcode.com/problems/intersection-of-two-arrays
Meta,340,Longest Substring with At Most K Distinct Characters,Hard,44.1%,3.455560352078738,https://leetcode.com/problems/longest-substring-with-at-most-k-distinct-characters
Meta,121,Best Time to Buy and Sell Stock,Easy,50.5%,3.423204938390614,https://leetcode.com/problems/best-time-to-buy-and-sell-stock
Meta,88,Merge Sorted Array,Easy,39.4%,3.421005187994902,https://leetcode.com/problems/merge-sorted-array
Meta,114,Flatten Binary Tree to Linked List,Medium,49.3%,3.3920934149388993,https://leetcode.com/problems/flatten-binary-tree-to-linked-list
Meta,138,Copy List with Random Pointer,Medium,36.4%,3.3873161764915185,https://leetcode.com/problems/copy-list-with-random-pointer
Meta,636,Exclusive Time of Functions,Medium,51.9%,3.3832963809646075,https://leetcode.com/problems/exclusive-time-of-functions
Meta,721,Accounts Merge,Medium,48.8%,3.3545947466566406,https://leetcode.com/problems/accounts-merge
Meta,161,One Edit Distance,Medium,32.3%,3.353178877168441,https://leetcode.com/problems/one-edit-distance
Meta,146,LRU Cache,Medium,33.2%,3.347163586386296,https://leetcode.com/problems/lru-cache
Meta,304,Range Sum Query 2D - Immutable,Medium,38.6%,3.333446415469864,https://leetcode.com/problems/range-sum-query-2d-immutable
Meta,199,Binary Tree Right Side View,Medium,54.1%,3.304270095581444,https://leetcode.com/problems/binary-tree-right-side-view
Meta,139,Word Break,Medium,40.1%,3.2929683383994965,https://leetcode.com/problems/word-break
Meta,785,Is Graph Bipartite?,Medium,47.5%,3.2902637558626,https://leetcode.com/problems/is-graph-bipartite
Meta,33,Search in Rotated Sorted Array,Medium,34.5%,3.1594067144213107,https://leetcode.com/problems/search-in-rotated-sorted-array
Meta,317,Shortest Distance from All Buildings,Hard,41.4%,3.1476976438713056,https://leetcode.com/problems/shortest-distance-from-all-buildings
Meta,143,Reorder List,Medium,37.1%,3.0702582463605563,https://leetcode.com/problems/reorder-list
Meta,71,Simplify Path,Medium,32.6%,3.0484180406242536,https://leetcode.com/problems/simplify-path
Meta,236,Lowest Common Ancestor of a Binary Tree,Medium,45.7%,3.0428333907886373,https://leetcode.com/problems/lowest-common-ancestor-of-a-binary-tree
Meta,286,Walls and Gates,Medium,54.5%,3.0338274496253073,https://leetcode.com/problems/walls-and-gates
Meta,986,Interval List Intersections,Medium,67.3%,3.0089200665434412,https://leetcode.com/problems/interval-list-intersections
Meta,34,Find First and Last Position of Element in Sorted Array,Medium,36.2%,2.98689800584703,https://leetcode.com/problems/find-first-and-last-position-of-element-in-sorted-array
Meta,341,Flatten Nested List Iterator,Medium,52.9%,2.8560409644057407,https://leetcode.com/problems/flatten-nested-list-iterator
Meta,896,Monotonic Array,Easy,57.9%,2.8395358910441173,https://leetcode.com/problems/monotonic-array
Meta,398,Random Pick Index,Medium,56.0%,2.8139239778761542,https://leetcode.com/problems/random-pick-index
Meta,20,Valid Parentheses,Easy,39.0%,2.8025626605638214,https://leetcode.com/problems/valid-parentheses
Meta,227,Basic Calculator II,Medium,36.9%,2.7631872114373093,https://leetcode.com/problems/basic-calculator-ii
Meta,57,Insert Interval,Hard,33.5%,2.7331319297198133,https://leetcode.com/problems/insert-interval
Meta,270,Closest Binary Search Tree Value,Easy,48.5%,2.6434272396312797,https://leetcode.com/problems/closest-binary-search-tree-value
Meta,350,Intersection of Two Arrays II,Easy,51.4%,2.6433299851110665,https://leetcode.com/problems/intersection-of-two-arrays-ii
Meta,360,Sort Transformed Array,Medium,48.8%,2.5159168865305603,https://leetcode.com/problems/sort-transformed-array
Meta,825,Friends Of Appropriate Ages,Medium,42.7%,2.5148820184509786,https://leetcode.com/problems/friends-of-appropriate-ages
Meta,358,Rearrange String k Distance Apart,Hard,34.9%,2.5060004328478,https://leetcode.com/problems/rearrange-string-k-distance-apart
Meta,32,Longest Valid Parentheses,Hard,28.4%,2.5024857812383545,https://leetcode.com/problems/longest-valid-parentheses
Meta,78,Subsets,Medium,62.0%,2.499447442601738,https://leetcode.com/problems/subsets
Meta,247,Strobogrammatic Number II,Medium,47.6%,2.4817551197053462,https://leetcode.com/problems/strobogrammatic-number-ii
Meta,348,Design Tic-Tac-Toe,Medium,54.3%,2.468847008770655,https://leetcode.com/problems/design-tic-tac-toe
Meta,708,Insert into a Sorted Circular Linked List,Medium,31.6%,2.4286015114138553,https://leetcode.com/problems/insert-into-a-sorted-circular-linked-list
Meta,339,Nested List Weight Sum,Easy,74.0%,2.4235186826029427,https://leetcode.com/problems/nested-list-weight-sum
Meta,51,N-Queens,Hard,46.6%,2.3533410529606655,https://leetcode.com/problems/n-queens
Meta,824,Goat Latin,Easy,63.4%,2.335791734454864,https://leetcode.com/problems/goat-latin
Meta,300,Longest Increasing Subsequence,Medium,42.6%,2.311623040070363,https://leetcode.com/problems/longest-increasing-subsequence
Meta,246,Strobogrammatic Number,Easy,45.0%,2.3033292329266852,https://leetcode.com/problems/strobogrammatic-number
Meta,75,Sort Colors,Medium,47.3%,2.26383073754557,https://leetcode.com/problems/sort-colors
Meta,670,Maximum Swap,Medium,43.6%,2.243417413534214,https://leetcode.com/problems/maximum-swap
Meta,958,Check Completeness of a Binary Tree,Medium,52.1%,2.2371220522106188,https://leetcode.com/problems/check-completeness-of-a-binary-tree
Meta,380,Insert Delete GetRandom O(1),Medium,47.5%,2.2300170531752253,https://leetcode.com/problems/insert-delete-getrandom-o1
Meta,285,Inorder Successor in BST,Medium,40.4%,2.2141456653587395,https://leetcode.com/problems/inorder-successor-in-bst
Meta,463,Island Perimeter,Easy,65.7%,2.1989334578253232,https://leetcode.com/problems/island-perimeter
Meta,938,Range Sum of BST,Easy,81.3%,2.18562625585131,https://leetcode.com/problems/range-sum-of-bst
Meta,987,Vertical Order Traversal of a Binary Tree,Medium,36.6%,2.1846999517750083,https://leetcode.com/problems/vertical-order-traversal-of-a-binary-tree
Meta,224,Basic Calculator,Hard,36.8%,2.157363357784235,https://leetcode.com/problems/basic-calculator
Meta,126,Word Ladder II,Hard,22.1%,2.155302887907243,https://leetcode.com/problems/word-ladder-ii
Meta,109,Convert Sorted List to Binary Search Tree,Medium,47.7%,2.12389330425067,https://leetcode.com/problems/convert-sorted-list-to-binary-search-tree
Meta,528,Random Pick with Weight,Medium,43.9%,2.108026094329404,https://leetcode.com/problems/random-pick-with-weight
Meta,53,Maximum Subarray,Easy,46.5%,2.1007977216847413,https://leetcode.com/problems/maximum-subarray
Meta,162,Find Peak Element,Medium,43.3%,2.097923147793266,https://leetcode.com/problems/find-peak-element
Meta,449,Serialize and Deserialize BST,Medium,52.0%,2.0739609058750252,https://leetcode.com/problems/serialize-and-deserialize-bst
Meta,252,Meeting Rooms,Easy,54.6%,2.0566920989085755,https://leetcode.com/problems/meeting-rooms
Meta,3,Longest Substring Without Repeating Characters,Medium,30.4%,2.0517637291630937,https://leetcode.com/problems/longest-substring-without-repeating-characters
Meta,498,Diagonal Traverse,Medium,48.2%,2.043242115882686,https://leetcode.com/problems/diagonal-traverse
Meta,597,Friend Requests I: Overall Acceptance Rate,Easy,41.0%,2.027359179427378,https://leetcode.com/problems/friend-requests-i-overall-acceptance-rate
Meta,13,Roman to Integer,Easy,55.7%,2.01479997556304,https://leetcode.com/problems/roman-to-integer
Meta,251,Flatten 2D Vector,Medium,45.7%,1.9729845608202703,https://leetcode.com/problems/flatten-2d-vector
Meta,5,Longest Palindromic Substring,Medium,29.5%,1.9699539495822616,https://leetcode.com/problems/longest-palindromic-substring
Meta,127,Word Ladder,Medium,29.6%,1.9658429548852365,https://leetcode.com/problems/word-ladder
Meta,1428,Leftmost Column with at Least a One,Medium,46.8%,1.9587705311106522,https://leetcode.com/problems/leftmost-column-with-at-least-a-one
Meta,791,Custom Sort String,Medium,65.7%,1.9502755018573026,https://leetcode.com/problems/custom-sort-string
Meta,419,Battleships in a Board,Medium,70.0%,1.9320451089181416,https://leetcode.com/problems/battleships-in-a-board
Meta,494,Target Sum,Medium,46.3%,1.9292457672677412,https://leetcode.com/problems/target-sum
Meta,239,Sliding Window Maximum,Hard,43.0%,1.9141431781910356,https://leetcode.com/problems/sliding-window-maximum
Meta,772,Basic Calculator III,Hard,41.3%,1.83961549040569,https://leetcode.com/problems/basic-calculator-iii
Meta,8,String to Integer (atoi),Medium,15.4%,1.8248495500300532,https://leetcode.com/problems/string-to-integer-atoi
Meta,305,Number of Islands II,Hard,40.1%,1.7943361261547834,https://leetcode.com/problems/number-of-islands-ii
Meta,2,Add Two Numbers,Medium,33.9%,1.7797160813383437,https://leetcode.com/problems/add-two-numbers
Meta,767,Reorganize String,Medium,48.7%,1.763473840984625,https://leetcode.com/problems/reorganize-string
Meta,632,Smallest Range Covering Elements from K Lists,Hard,52.4%,1.7399831997043351,https://leetcode.com/problems/smallest-range-covering-elements-from-k-lists
Meta,381,Insert Delete GetRandom O(1) - Duplicates allowed,Hard,34.1%,1.735473057934797,https://leetcode.com/problems/insert-delete-getrandom-o1-duplicates-allowed
Meta,206,Reverse Linked List,Easy,62.5%,1.7296971379749975,https://leetcode.com/problems/reverse-linked-list
Meta,602,Friend Requests II: Who Has the Most Friends,Medium,53.4%,1.7191182434527041,https://leetcode.com/problems/friend-requests-ii-who-has-the-most-friends
Meta,393,UTF-8 Validation,Medium,37.5%,1.7125378103037587,https://leetcode.com/problems/utf-8-validation
Meta,44,Wildcard Matching,Hard,24.7%,1.6993713125769454,https://leetcode.com/problems/wildcard-matching
Meta,249,Group Shifted Strings,Medium,55.1%,1.681514431400676,https://leetcode.com/problems/group-shifted-strings
Meta,308,Range Sum Query 2D - Mutable,Hard,35.6%,1.6796421711073488,https://leetcode.com/problems/range-sum-query-2d-mutable
Meta,567,Permutation in String,Medium,44.4%,1.6775468592381628,https://leetcode.com/problems/permutation-in-string
Meta,46,Permutations,Medium,63.5%,1.6727146787726128,https://leetcode.com/problems/permutations
Meta,49,Group Anagrams,Medium,56.9%,1.6634098456962998,https://leetcode.com/problems/group-anagrams
Meta,921,Minimum Add to Make Parentheses Valid,Medium,73.7%,1.657222079227145,https://leetcode.com/problems/minimum-add-to-make-parentheses-valid
Meta,394,Decode String,Medium,50.0%,1.639247462442617,https://leetcode.com/problems/decode-string
Meta,218,The Skyline Problem,Hard,34.6%,1.6158688027643908,https://leetcode.com/problems/the-skyline-problem
Meta,658,Find K Closest Elements,Medium,40.9%,1.6142837737005458,https://leetcode.com/problems/find-k-closest-elements
Meta,432,All O`one Data Structure,Hard,32.4%,1.6115746653838356,https://leetcode.com/problems/all-oone-data-structure
Meta,477,Total Hamming Distance,Medium,50.4%,1.6077790787664574,https://leetcode.com/problems/total-hamming-distance
Meta,647,Palindromic Substrings,Medium,60.6%,1.604512052240803,https://leetcode.com/problems/palindromic-substrings
Meta,408,Valid Word Abbreviation,Easy,30.6%,1.591893602783191,https://leetcode.com/problems/valid-word-abbreviation
Meta,4,Median of Two Sorted Arrays,Hard,29.6%,1.5846309908488054,https://leetcode.com/problems/median-of-two-sorted-arrays
Meta,468,Validate IP Address,Medium,24.1%,1.582769665351939,https://leetcode.com/problems/validate-ip-address
Meta,105,Construct Binary Tree from Preorder and Inorder Traversal,Medium,48.8%,1.5718267400182278,https://leetcode.com/problems/construct-binary-tree-from-preorder-and-inorder-traversal
Meta,38,Count and Say,Easy,44.6%,1.569507967682265,https://leetcode.com/problems/count-and-say
Meta,21,Merge Two Sorted Lists,Easy,53.5%,1.54824799568769,https://leetcode.com/problems/merge-two-sorted-lists
Meta,230,Kth Smallest Element in a BST,Medium,60.2%,1.53927525756437,https://leetcode.com/problems/kth-smallest-element-in-a-bst
Meta,678,Valid Parenthesis String,Medium,31.0%,1.5238562476062738,https://leetcode.com/problems/valid-parenthesis-string
Meta,50,Pow(x;n),Medium,30.3%,1.5210797012418373,https://leetcode.com/problems/powx-n
Meta,346,Moving Average from Data Stream,Easy,70.9%,1.5026900216652235,https://leetcode.com/problems/moving-average-from-data-stream
Meta,1060,Missing Element in Sorted Array,Medium,54.5%,1.492039418216795,https://leetcode.com/problems/missing-element-in-sorted-array
Meta,140,Word Break II,Hard,32.6%,1.4852880807915247,https://leetcode.com/problems/word-break-ii
Meta,1027,Longest Arithmetic Sequence,Medium,53.4%,1.4798547592004279,https://leetcode.com/problems/longest-arithmetic-sequence
Meta,22,Generate Parentheses,Medium,62.7%,1.4598441417994485,https://leetcode.com/problems/generate-parentheses
Meta,128,Longest Consecutive Sequence,Hard,45.1%,1.4545519468166546,https://leetcode.com/problems/longest-consecutive-sequence
Meta,622,Design Circular Queue,Medium,43.8%,1.4518172783301968,https://leetcode.com/problems/design-circular-queue
Meta,378,Kth Smallest Element in a Sorted Matrix,Medium,54.3%,1.4317632367033721,https://leetcode.com/problems/kth-smallest-element-in-a-sorted-matrix
Meta,39,Combination Sum,Medium,56.1%,1.426875569989807,https://leetcode.com/problems/combination-sum
Meta,416,Partition Equal Subset Sum,Medium,43.7%,1.4229637980393213,https://leetcode.com/problems/partition-equal-subset-sum
Meta,863,All Nodes Distance K in Binary Tree,Medium,55.4%,1.4150558906561048,https://leetcode.com/problems/all-nodes-distance-k-in-binary-tree
Meta,111,Minimum Depth of Binary Tree,Easy,37.4%,1.4037433634986387,https://leetcode.com/problems/minimum-depth-of-binary-tree
Meta,1197,Minimum Knight Moves,Medium,36.1%,1.3898674725847917,https://leetcode.com/problems/minimum-knight-moves
Meta,674,Longest Continuous Increasing Subsequence,Easy,45.9%,1.3856946609519925,https://leetcode.com/problems/longest-continuous-increasing-subsequence
Meta,25,Reverse Nodes in k-Group,Hard,42.1%,1.3778549488136094,https://leetcode.com/problems/reverse-nodes-in-k-group
Meta,208,Implement Trie (Prefix Tree),Medium,49.4%,1.3771629265283898,https://leetcode.com/problems/implement-trie-prefix-tree
Meta,102,Binary Tree Level Order Traversal,Medium,54.6%,1.3765404200221878,https://leetcode.com/problems/binary-tree-level-order-traversal
Meta,1004,Max Consecutive Ones III,Medium,59.1%,1.3672799116652639,https://leetcode.com/problems/max-consecutive-ones-iii
Meta,489,Robot Room Cleaner,Hard,69.7%,1.3658472844776508,https://leetcode.com/problems/robot-room-cleaner
Meta,93,Restore IP Addresses,Medium,35.6%,1.3543524820841455,https://leetcode.com/problems/restore-ip-addresses
Meta,212,Word Search II,Hard,34.9%,1.3504762128004113,https://leetcode.com/problems/word-search-ii
Meta,18,4Sum,Medium,33.7%,1.3502929904861851,https://leetcode.com/problems/4sum
Meta,295,Find Median from Data Stream,Hard,44.3%,1.3266403133417946,https://leetcode.com/problems/find-median-from-data-stream
Meta,266,Palindrome Permutation,Easy,61.9%,1.313084238269434,https://leetcode.com/problems/palindrome-permutation
Meta,332,Reconstruct Itinerary,Medium,36.7%,1.3122929249487976,https://leetcode.com/problems/reconstruct-itinerary
Meta,536,Construct Binary Tree from String,Medium,48.3%,1.3037077701106166,https://leetcode.com/problems/construct-binary-tree-from-string
Meta,192,Word Frequency,Medium,25.8%,1.3031749861241555,https://leetcode.com/problems/word-frequency
Meta,329,Longest Increasing Path in a Matrix,Hard,43.4%,1.2931319575091604,https://leetcode.com/problems/longest-increasing-path-in-a-matrix
Meta,79,Word Search,Medium,35.6%,1.280808879306902,https://leetcode.com/problems/word-search
Meta,209,Minimum Size Subarray Sum,Medium,38.2%,1.2775012133091628,https://leetcode.com/problems/minimum-size-subarray-sum
Meta,766,Toeplitz Matrix,Easy,65.1%,1.265045117487021,https://leetcode.com/problems/toeplitz-matrix
Meta,865,Smallest Subtree with all the Deepest Nodes,Medium,60.8%,1.261481419535249,https://leetcode.com/problems/smallest-subtree-with-all-the-deepest-nodes
Meta,334,Increasing Triplet Subsequence,Medium,40.0%,1.2611109832383756,https://leetcode.com/problems/increasing-triplet-subsequence
Meta,642,Design Search Autocomplete System,Hard,44.7%,1.2503871061280754,https://leetcode.com/problems/design-search-autocomplete-system
Meta,490,The Maze,Medium,51.4%,1.2425403427106805,https://leetcode.com/problems/the-maze
Meta,319,Bulb Switcher,Medium,45.4%,1.2396908869280152,https://leetcode.com/problems/bulb-switcher
Meta,452,Minimum Number of Arrows to Burst Balloons,Medium,49.6%,1.230615463551699,https://leetcode.com/problems/minimum-number-of-arrows-to-burst-balloons
Meta,117,Populating Next Right Pointers in Each Node II,Medium,39.1%,1.2262318152453044,https://leetcode.com/problems/populating-next-right-pointers-in-each-node-ii
Meta,123,Best Time to Buy and Sell Stock III,Hard,37.5%,1.2181973153830872,https://leetcode.com/problems/best-time-to-buy-and-sell-stock-iii
Meta,403,Frog Jump,Hard,39.7%,1.2150082096651413,https://leetcode.com/problems/frog-jump
Meta,122,Best Time to Buy and Sell Stock II,Easy,57.0%,1.211854964772075,https://leetcode.com/problems/best-time-to-buy-and-sell-stock-ii
Meta,240,Search a 2D Matrix II,Medium,43.2%,1.2033065500777145,https://leetcode.com/problems/search-a-2d-matrix-ii
Meta,1123,Lowest Common Ancestor of Deepest Leaves,Medium,66.8%,1.1969940730786561,https://leetcode.com/problems/lowest-common-ancestor-of-deepest-leaves
Meta,28,Implement strStr(),Easy,34.5%,1.1865561075710946,https://leetcode.com/problems/implement-strstr
Meta,529,Minesweeper,Medium,59.1%,1.1685097282854882,https://leetcode.com/problems/minesweeper
Meta,347,Top K Frequent Elements,Medium,61.2%,1.1643255952406535,https://leetcode.com/problems/top-k-frequent-elements
Meta,692,Top K Frequent Words,Medium,51.8%,1.15697846163365,https://leetcode.com/problems/top-k-frequent-words
Meta,885,Spiral Matrix III,Medium,69.4%,1.1535711729488671,https://leetcode.com/problems/spiral-matrix-iii
Meta,695,Max Area of Island,Medium,62.7%,1.1498364243710308,https://leetcode.com/problems/max-area-of-island
Meta,399,Evaluate Division,Medium,51.6%,1.149791421288312,https://leetcode.com/problems/evaluate-division
Meta,73,Set Matrix Zeroes,Medium,43.1%,1.149283542861197,https://leetcode.com/problems/set-matrix-zeroes
Meta,92,Reverse Linked List II,Medium,38.8%,1.1166183153068636,https://leetcode.com/problems/reverse-linked-list-ii
Meta,116,Populating Next Right Pointers in Each Node,Medium,45.2%,1.100206500790656,https://leetcode.com/problems/populating-next-right-pointers-in-each-node
Meta,568,Maximum Vacation Days,Hard,40.8%,1.094922247580656,https://leetcode.com/problems/maximum-vacation-days
Meta,480,Sliding Window Median,Hard,37.2%,1.0748911879980227,https://leetcode.com/problems/sliding-window-median
Meta,207,Course Schedule,Medium,43.1%,1.0620388108009178,https://leetcode.com/problems/course-schedule
Meta,62,Unique Paths,Medium,54.1%,1.048269275172236,https://leetcode.com/problems/unique-paths
Meta,81,Search in Rotated Sorted Array II,Medium,33.0%,1.0428016537891152,https://leetcode.com/problems/search-in-rotated-sorted-array-ii
Meta,166,Fraction to Recurring Decimal,Medium,21.6%,1.042800072024958,https://leetcode.com/problems/fraction-to-recurring-decimal
Meta,540,Single Element in a Sorted Array,Medium,57.9%,1.011865403635058,https://leetcode.com/problems/single-element-in-a-sorted-array
Meta,548,Split Array with Equal Sum,Medium,46.4%,1.0048321509441844,https://leetcode.com/problems/split-array-with-equal-sum
Meta,54,Spiral Matrix,Medium,34.1%,0.9909089466876733,https://leetcode.com/problems/spiral-matrix
Meta,616,Add Bold Tag in String,Medium,43.1%,0.9877689061222668,https://leetcode.com/problems/add-bold-tag-in-string
Meta,694,Number of Distinct Islands,Medium,56.0%,0.968250470804866,https://leetcode.com/problems/number-of-distinct-islands
Meta,11,Container With Most Water,Medium,50.8%,0.9652015914688283,https://leetcode.com/problems/container-with-most-water
Meta,691,Stickers to Spell Word,Hard,42.9%,0.964462275547521,https://leetcode.com/problems/stickers-to-spell-word
Meta,235,Lowest Common Ancestor of a Binary Search Tree,Easy,49.9%,0.9620904161254789,https://leetcode.com/problems/lowest-common-ancestor-of-a-binary-search-tree
Meta,30,Substring with Concatenation of All Words,Hard,25.4%,0.959762453796152,https://leetcode.com/problems/substring-with-concatenation-of-all-words
Meta,400,Nth Digit,Medium,31.7%,0.9555114450274365,https://leetcode.com/problems/nth-digit
Meta,428,Serialize and Deserialize N-ary Tree,Hard,59.4%,0.9486721413771949,https://leetcode.com/problems/serialize-and-deserialize-n-ary-tree
Meta,333,Largest BST Subtree,Medium,35.8%,0.9400316341694208,https://leetcode.com/problems/largest-bst-subtree
Meta,934,Shortest Bridge,Medium,48.2%,0.9368313068095433,https://leetcode.com/problems/shortest-bridge
Meta,844,Backspace String Compare,Easy,46.4%,0.9264088620397397,https://leetcode.com/problems/backspace-string-compare
Meta,24,Swap Nodes in Pairs,Medium,50.4%,0.9160722651972566,https://leetcode.com/problems/swap-nodes-in-pairs
Meta,99,Recover Binary Search Tree,Hard,39.7%,0.914769996949273,https://leetcode.com/problems/recover-binary-search-tree
Meta,549,Binary Tree Longest Consecutive Sequence II,Medium,47.0%,0.9061007409684052,https://leetcode.com/problems/binary-tree-longest-consecutive-sequence-ii
Meta,1026,Maximum Difference Between Node and Ancestor,Medium,66.0%,0.9030048951625053,https://leetcode.com/problems/maximum-difference-between-node-and-ancestor
Meta,296,Best Meeting Point,Hard,57.5%,0.8977217646713296,https://leetcode.com/problems/best-meeting-point
Meta,1113,Reported Posts,Easy,64.1%,0.8873031950009028,https://leetcode.com/problems/reported-posts
Meta,90,Subsets II,Medium,47.1%,0.8707949916540203,https://leetcode.com/problems/subsets-ii
Meta,935,Knight Dialer,Medium,45.2%,0.8649974374866045,https://leetcode.com/problems/knight-dialer
Meta,68,Text Justification,Hard,27.7%,0.8643702353409353,https://leetcode.com/problems/text-justification
Meta,298,Binary Tree Longest Consecutive Sequence,Medium,47.1%,0.8602012652231115,https://leetcode.com/problems/binary-tree-longest-consecutive-sequence
Meta,364,Nested List Weight Sum II,Medium,62.8%,0.8557675934060812,https://leetcode.com/problems/nested-list-weight-sum-ii
Meta,74,Search a 2D Matrix,Medium,36.5%,0.8550441428611075,https://leetcode.com/problems/search-a-2d-matrix
Meta,280,Wiggle Sort,Medium,63.8%,0.8539645517453929,https://leetcode.com/problems/wiggle-sort
Meta,85,Maximal Rectangle,Hard,37.7%,0.851125616256968,https://leetcode.com/problems/maximal-rectangle
Meta,554,Brick Wall,Medium,50.0%,0.8487112881843506,https://leetcode.com/problems/brick-wall
Meta,72,Edit Distance,Hard,44.8%,0.8465064934394285,https://leetcode.com/problems/edit-distance
Meta,37,Sudoku Solver,Hard,43.6%,0.8450632225857873,https://leetcode.com/problems/sudoku-solver
Meta,163,Missing Ranges,Medium,24.3%,0.8439308538392993,https://leetcode.com/problems/missing-ranges
Meta,387,First Unique Character in a String,Easy,53.4%,0.8261344910474214,https://leetcode.com/problems/first-unique-character-in-a-string
Meta,129,Sum Root to Leaf Numbers,Medium,49.1%,0.8250747236024935,https://leetcode.com/problems/sum-root-to-leaf-numbers
Meta,145,Binary Tree Postorder Traversal,Hard,55.0%,0.8218702184282537,https://leetcode.com/problems/binary-tree-postorder-traversal
Meta,1216,Valid Palindrome III,Hard,47.8%,0.8187244879431477,https://leetcode.com/problems/valid-palindrome-iii
Meta,977,Squares of a Sorted Array,Easy,72.1%,0.8167611365271219,https://leetcode.com/problems/squares-of-a-sorted-array
Meta,148,Sort List,Medium,42.3%,0.8074813963689672,https://leetcode.com/problems/sort-list
Meta,405,Convert a Number to Hexadecimal,Easy,43.9%,0.8060996223222796,https://leetcode.com/problems/convert-a-number-to-hexadecimal
Meta,639,Decode Ways II,Hard,26.6%,0.803408960173863,https://leetcode.com/problems/decode-ways-ii
Meta,69,Sqrt(x),Easy,33.9%,0.8015083049747098,https://leetcode.com/problems/sqrtx
Meta,94,Binary Tree Inorder Traversal,Medium,63.3%,0.7944581703541944,https://leetcode.com/problems/binary-tree-inorder-traversal
Meta,84,Largest Rectangle in Histogram,Hard,35.2%,0.7909657228834762,https://leetcode.com/problems/largest-rectangle-in-histogram
Meta,939,Minimum Area Rectangle,Medium,51.8%,0.7758696575905972,https://leetcode.com/problems/minimum-area-rectangle
Meta,272,Closest Binary Search Tree Value II,Hard,50.5%,0.7668348963511045,https://leetcode.com/problems/closest-binary-search-tree-value-ii
Meta,839,Similar String Groups,Hard,38.6%,0.761200643804961,https://leetcode.com/problems/similar-string-groups
Meta,963,Minimum Area Rectangle II,Medium,50.9%,0.7566953924986649,https://leetcode.com/problems/minimum-area-rectangle-ii
Meta,614,Second Degree Follower,Medium,30.3%,0.7343230947441319,https://leetcode.com/problems/second-degree-follower
Meta,26,Remove Duplicates from Sorted Array,Easy,45.1%,0.7317263179888092,https://leetcode.com/problems/remove-duplicates-from-sorted-array
Meta,430,Flatten a Multilevel Doubly Linked List,Medium,55.1%,0.7229221667439826,https://leetcode.com/problems/flatten-a-multilevel-doubly-linked-list
Meta,395,Longest Substring with At Least K Repeating Characters,Medium,41.4%,0.7110726187557327,https://leetcode.com/problems/longest-substring-with-at-least-k-repeating-characters
Meta,291,Word Pattern II,Hard,43.4%,0.705886206337375,https://leetcode.com/problems/word-pattern-ii
Meta,1094,Car Pooling,Medium,56.7%,0.7053672918947206,https://leetcode.com/problems/car-pooling
Meta,191,Number of 1 Bits,Easy,49.8%,0.6891075301794113,https://leetcode.com/problems/number-of-1-bits
Meta,322,Coin Change,Medium,35.5%,0.6780940077875448,https://leetcode.com/problems/coin-change
Meta,556,Next Greater Element III,Medium,31.7%,0.6780639383486168,https://leetcode.com/problems/next-greater-element-iii
Meta,323,Number of Connected Components in an Undirected Graph,Medium,56.0%,0.6754476034605444,https://leetcode.com/problems/number-of-connected-components-in-an-undirected-graph
Meta,363,Max Sum of Rectangle No Larger Than K,Hard,37.3%,0.663876798259832,https://leetcode.com/problems/max-sum-of-rectangle-no-larger-than-k
Meta,242,Valid Anagram,Easy,56.9%,0.6609451753639594,https://leetcode.com/problems/valid-anagram
Meta,41,First Missing Positive,Hard,32.0%,0.6555459946274417,https://leetcode.com/problems/first-missing-positive
Meta,445,Add Two Numbers II,Medium,54.5%,0.639958398824261,https://leetcode.com/problems/add-two-numbers-ii
Meta,724,Find Pivot Index,Easy,44.0%,0.6379558192352488,https://leetcode.com/problems/find-pivot-index
Meta,1269,Number of Ways to Stay in the Same Place After Some Steps,Hard,43.2%,0.6050854936323582,https://leetcode.com/problems/number-of-ways-to-stay-in-the-same-place-after-some-steps
Meta,152,Maximum Product Subarray,Medium,31.7%,0.5918273884045084,https://leetcode.com/problems/maximum-product-subarray
Meta,518,Coin Change 2,Medium,50.2%,0.5915614413251872,https://leetcode.com/problems/coin-change-2
Meta,137,Single Number II,Medium,52.4%,0.5915614413251872,https://leetcode.com/problems/single-number-ii
Meta,969,Pancake Sorting,Medium,67.5%,0.5905780135393897,https://leetcode.com/problems/pancake-sorting
Meta,36,Valid Sudoku,Medium,48.7%,0.589525373843642,https://leetcode.com/problems/valid-sudoku
Meta,160,Intersection of Two Linked Lists,Easy,40.6%,0.5696899885961959,https://leetcode.com/problems/intersection-of-two-linked-lists
Meta,637,Average of Levels in Binary Tree,Easy,63.1%,0.5608230187584083,https://leetcode.com/problems/average-of-levels-in-binary-tree
Meta,875,Koko Eating Bananas,Medium,52.1%,0.5548950868004853,https://leetcode.com/problems/koko-eating-bananas
Meta,19,Remove Nth Node From End of List,Medium,35.2%,0.5540320786995547,https://leetcode.com/problems/remove-nth-node-from-end-of-list
Meta,742,Closest Leaf in a Binary Tree,Medium,43.6%,0.5486958978214005,https://leetcode.com/problems/closest-leaf-in-a-binary-tree
Meta,214,Shortest Palindrome,Hard,29.8%,0.5331825308672672,https://leetcode.com/problems/shortest-palindrome
Meta,47,Permutations II,Medium,46.4%,0.5319853456599372,https://leetcode.com/problems/permutations-ii
Meta,45,Jump Game II,Hard,30.6%,0.5265290156944407,https://leetcode.com/problems/jump-game-ii
Meta,248,Strobogrammatic Number III,Hard,39.6%,0.5138062519041285,https://leetcode.com/problems/strobogrammatic-number-iii
Meta,55,Jump Game,Medium,34.6%,0.5103723488469963,https://leetcode.com/problems/jump-game
Meta,1242,Web Crawler Multithreaded,Medium,45.9%,0.4978384282391795,https://leetcode.com/problems/web-crawler-multithreaded
Meta,284,Peeking Iterator,Medium,45.7%,0.4945806415816577,https://leetcode.com/problems/peeking-iterator
Meta,316,Remove Duplicate Letters,Hard,35.8%,0.48610209879675464,https://leetcode.com/problems/remove-duplicate-letters
Meta,101,Symmetric Tree,Easy,46.8%,0.4835048270478799,https://leetcode.com/problems/symmetric-tree
Meta,12,Integer to Roman,Medium,55.1%,0.4818758905029877,https://leetcode.com/problems/integer-to-roman
Meta,40,Combination Sum II,Medium,48.2%,0.4799396659783134,https://leetcode.com/problems/combination-sum-ii
Meta,388,Longest Absolute File Path,Medium,41.8%,0.4754236967150748,https://leetcode.com/problems/longest-absolute-file-path
Meta,352,Data Stream as Disjoint Intervals,Hard,47.3%,0.47516062535545167,https://leetcode.com/problems/data-stream-as-disjoint-intervals
Meta,14,Longest Common Prefix,Easy,35.4%,0.47383141489567654,https://leetcode.com/problems/longest-common-prefix
Meta,1142,User Activity for the Past 30 Days II,Easy,34.5%,0.46937947443508493,https://leetcode.com/problems/user-activity-for-the-past-30-days-ii
Meta,66,Plus One,Easy,43.0%,0.4671814837705357,https://leetcode.com/problems/plus-one
Meta,443,String Compression,Easy,41.3%,0.4648256809530135,https://leetcode.com/problems/string-compression
Meta,1132,Reported Posts II,Medium,34.4%,0.4643731505984498,https://leetcode.com/problems/reported-posts-ii
Meta,153,Find Minimum in Rotated Sorted Array,Medium,45.1%,0.4624492968139545,https://leetcode.com/problems/find-minimum-in-rotated-sorted-array
Meta,515,Find Largest Value in Each Tree Row,Medium,61.1%,0.4594054982539122,https://leetcode.com/problems/find-largest-value-in-each-tree-row
Meta,1213,Intersection of Three Sorted Arrays,Easy,78.9%,0.45778473187961194,https://leetcode.com/problems/intersection-of-three-sorted-arrays
Meta,223,Rectangle Area,Medium,37.8%,0.4551885434605949,https://leetcode.com/problems/rectangle-area
Meta,1008,Construct Binary Search Tree from Preorder Traversal,Medium,78.4%,0.44664069296978226,https://leetcode.com/problems/construct-binary-search-tree-from-preorder-traversal
Meta,63,Unique Paths II,Medium,34.6%,0.4447194776965593,https://leetcode.com/problems/unique-paths-ii
Meta,108,Convert Sorted Array to Binary Search Tree,Easy,57.9%,0.4427274468005625,https://leetcode.com/problems/convert-sorted-array-to-binary-search-tree
Meta,564,Find the Closest Palindrome,Hard,19.7%,0.43712242797885603,https://leetcode.com/problems/find-the-closest-palindrome
Meta,491,Increasing Subsequences,Medium,46.1%,0.4337197757657639,https://leetcode.com/problems/increasing-subsequences
Meta,189,Rotate Array,Easy,34.7%,0.42789160115933317,https://leetcode.com/problems/rotate-array
Meta,77,Combinations,Medium,54.7%,0.42763619580710505,https://leetcode.com/problems/combinations
Meta,1233,Remove Sub-Folders from the Filesystem,Medium,59.5%,0.4243747624654565,https://leetcode.com/problems/remove-sub-folders-from-the-filesystem
Meta,437,Path Sum III,Medium,47.2%,0.41578386430953973,https://leetcode.com/problems/path-sum-iii
Meta,392,Is Subsequence,Easy,49.2%,0.4144786135549692,https://leetcode.com/problems/is-subsequence
Meta,48,Rotate Image,Medium,56.7%,0.41267616798758366,https://leetcode.com/problems/rotate-image
Meta,151,Reverse Words in a String,Medium,21.9%,0.40449012406685037,https://leetcode.com/problems/reverse-words-in-a-string
Meta,776,Split BST,Medium,55.8%,0.4013413909243023,https://leetcode.com/problems/split-bst
Meta,1264,Page Recommendations,Medium,67.6%,0.39931124253378614,https://leetcode.com/problems/page-recommendations
Meta,688,Knight Probability in Chessboard,Medium,48.9%,0.38977851194046487,https://leetcode.com/problems/knight-probability-in-chessboard
Meta,1424,Diagonal Traverse II,Medium,42.4%,0.3873430652104741,https://leetcode.com/problems/diagonal-traverse-ii
Meta,136,Single Number,Easy,65.5%,0.3708919589097458,https://leetcode.com/problems/single-number
Meta,7,Reverse Integer,Easy,25.8%,0.36989351258944636,https://leetcode.com/problems/reverse-integer
Meta,167,Two Sum II - Input array is sorted,Easy,54.1%,0.3697194122572466,https://leetcode.com/problems/two-sum-ii-input-array-is-sorted
Meta,547,Friend Circles,Medium,58.6%,0.36668313802455266,https://leetcode.com/problems/friend-circles
Meta,407,Trapping Rain Water II,Hard,42.4%,0.36621163438550147,https://leetcode.com/problems/trapping-rain-water-ii
Meta,150,Evaluate Reverse Polish Notation,Medium,36.3%,0.3580974192852753,https://leetcode.com/problems/evaluate-reverse-polish-notation
Meta,1032,Stream of Characters,Hard,48.3%,0.35736199308977074,https://leetcode.com/problems/stream-of-characters
Meta,345,Reverse Vowels of a String,Easy,44.2%,0.35407324785389366,https://leetcode.com/problems/reverse-vowels-of-a-string
Meta,703,Kth Largest Element in a Stream,Easy,49.7%,0.35302939867863786,https://leetcode.com/problems/kth-largest-element-in-a-stream
Meta,442,Find All Duplicates in an Array,Medium,67.8%,0.35261504015383743,https://leetcode.com/problems/find-all-duplicates-in-an-array
Meta,862,Shortest Subarray with Sum at Least K,Hard,24.6%,0.34470650089593724,https://leetcode.com/problems/shortest-subarray-with-sum-at-least-k
Meta,855,Exam Room,Medium,43.1%,0.34442921752179523,https://leetcode.com/problems/exam-room
Meta,303,Range Sum Query - Immutable,Easy,44.7%,0.33875458272156067,https://leetcode.com/problems/range-sum-query-immutable
Meta,435,Non-overlapping Intervals,Medium,42.9%,0.33492740097938434,https://leetcode.com/problems/non-overlapping-intervals
Meta,110,Balanced Binary Tree,Easy,43.5%,0.3341019099698985,https://leetcode.com/problems/balanced-binary-tree
Meta,1091,Shortest Path in Binary Matrix,Medium,38.2%,0.3320988840413624,https://leetcode.com/problems/shortest-path-in-binary-matrix
Meta,228,Summary Ranges,Medium,39.5%,0.33141882056106853,https://leetcode.com/problems/summary-ranges
Meta,827,Making A Large Island,Hard,45.7%,0.32879599515977564,https://leetcode.com/problems/making-a-large-island
Meta,794,Valid Tic-Tac-Toe State,Medium,32.6%,0.32676342249425205,https://leetcode.com/problems/valid-tic-tac-toe-state
Meta,384,Shuffle an Array,Medium,52.8%,0.3251022057535279,https://leetcode.com/problems/shuffle-an-array
Meta,852,Peak Index in a Mountain Array,Easy,71.6%,0.3250696045234013,https://leetcode.com/problems/peak-index-in-a-mountain-array
Meta,918,Maximum Sum Circular Subarray,Medium,33.7%,0.31591744682247913,https://leetcode.com/problems/maximum-sum-circular-subarray
Meta,16,3Sum Closest,Medium,46.0%,0.3149279072827814,https://leetcode.com/problems/3sum-closest
Meta,104,Maximum Depth of Binary Tree,Easy,66.0%,0.31423184738371324,https://leetcode.com/problems/maximum-depth-of-binary-tree
Meta,686,Repeated String Match,Easy,32.3%,0.3117796240308414,https://leetcode.com/problems/repeated-string-match
Meta,478,Generate Random Point in a Circle,Medium,38.5%,0.30854721091574266,https://leetcode.com/problems/generate-random-point-in-a-circle
Meta,324,Wiggle Sort II,Medium,29.9%,0.30770093934227283,https://leetcode.com/problems/wiggle-sort-ii
Meta,112,Path Sum,Easy,41.2%,0.3008609933382415,https://leetcode.com/problems/path-sum
Meta,1245,Tree Diameter,Medium,60.1%,0.29849298855599654,https://leetcode.com/problems/tree-diameter
Meta,936,Stamping The Sequence,Hard,42.8%,0.2972515234679316,https://leetcode.com/problems/stamping-the-sequence
Meta,641,Design Circular Deque,Medium,52.7%,0.29571424414904524,https://leetcode.com/problems/design-circular-deque
Meta,155,Min Stack,Easy,44.5%,0.29559427979545205,https://leetcode.com/problems/min-stack
Meta,171,Excel Sheet Column Number,Easy,55.9%,0.2930854047798333,https://leetcode.com/problems/excel-sheet-column-number
Meta,377,Combination Sum IV,Medium,45.3%,0.2908416327421494,https://leetcode.com/problems/combination-sum-iv
Meta,60,Permutation Sequence,Hard,38.4%,0.28587071214283233,https://leetcode.com/problems/permutation-sequence
Meta,662,Maximum Width of Binary Tree,Medium,41.0%,0.2838096534681729,https://leetcode.com/problems/maximum-width-of-binary-tree
Meta,382,Linked List Random Node,Medium,52.1%,0.2802157173642045,https://leetcode.com/problems/linked-list-random-node
Meta,730,Count Different Palindromic Subsequences,Hard,41.8%,0.2744368457017603,https://leetcode.com/problems/count-different-palindromic-subsequences
Meta,414,Third Maximum Number,Easy,30.5%,0.2737911401418798,https://leetcode.com/problems/third-maximum-number
Meta,759,Employee Free Time,Hard,66.3%,0.27104379818721386,https://leetcode.com/problems/employee-free-time
Meta,983,Minimum Cost For Tickets,Medium,60.5%,0.26701398643191887,https://leetcode.com/problems/minimum-cost-for-tickets
Meta,450,Delete Node in a BST,Medium,43.1%,0.2618604317292985,https://leetcode.com/problems/delete-node-in-a-bst
Meta,210,Course Schedule II,Medium,40.7%,0.26122098917206793,https://leetcode.com/problems/course-schedule-ii
Meta,505,The Maze II,Medium,47.7%,0.2590886081881086,https://leetcode.com/problems/the-maze-ii
Meta,663,Equal Tree Partition,Medium,39.5%,0.2578291093020998,https://leetcode.com/problems/equal-tree-partition
Meta,234,Palindrome Linked List,Easy,39.3%,0.25526989045710297,https://leetcode.com/problems/palindrome-linked-list
Meta,446,Arithmetic Slices II - Subsequence,Hard,32.7%,0.25416851512733507,https://leetcode.com/problems/arithmetic-slices-ii-subsequence
Meta,609,Find Duplicate File in System,Medium,59.5%,0.25388017696233983,https://leetcode.com/problems/find-duplicate-file-in-system
Meta,168,Excel Sheet Column Title,Easy,31.1%,0.24683273722531368,https://leetcode.com/problems/excel-sheet-column-title
Meta,307,Range Sum Query - Mutable,Medium,34.6%,0.24328779711400658,https://leetcode.com/problems/range-sum-query-mutable
Meta,716,Max Stack,Easy,42.6%,0.24108416003009112,https://leetcode.com/problems/max-stack
Meta,188,Best Time to Buy and Sell Stock IV,Hard,28.0%,0.2362134701793093,https://leetcode.com/problems/best-time-to-buy-and-sell-stock-iv
Meta,655,Print Binary Tree,Medium,55.0%,0.23545681154756673,https://leetcode.com/problems/print-binary-tree
Meta,344,Reverse String,Easy,68.5%,0.23528503471044915,https://leetcode.com/problems/reverse-string
Meta,654,Maximum Binary Tree,Medium,79.9%,0.2271957154126144,https://leetcode.com/problems/maximum-binary-tree
Meta,221,Maximal Square,Medium,37.7%,0.2218511119038007,https://leetcode.com/problems/maximal-square
Meta,159,Longest Substring with At Most Two Distinct Characters,Medium,49.4%,0.22148929121818325,https://leetcode.com/problems/longest-substring-with-at-most-two-distinct-characters
Meta,241,Different Ways to Add Parentheses,Medium,55.2%,0.22096511694444815,https://leetcode.com/problems/different-ways-to-add-parentheses
Meta,750,Number Of Corner Rectangles,Medium,66.4%,0.22067136216882066,https://leetcode.com/problems/number-of-corner-rectangles
Meta,516,Longest Palindromic Subsequence,Medium,53.2%,0.2156692799855616,https://leetcode.com/problems/longest-palindromic-subsequence
Meta,417,Pacific Atlantic Water Flow,Medium,41.1%,0.2125614419836728,https://leetcode.com/problems/pacific-atlantic-water-flow
Meta,669,Trim a Binary Search Tree,Easy,63.0%,0.21245865121419338,https://leetcode.com/problems/trim-a-binary-search-tree
Meta,410,Split Array Largest Sum,Hard,44.5%,0.2113090936672069,https://leetcode.com/problems/split-array-largest-sum
Meta,261,Graph Valid Tree,Medium,42.2%,0.21068350715947268,https://leetcode.com/problems/graph-valid-tree
Meta,6,ZigZag Conversion,Medium,36.3%,0.21040551802808702,https://leetcode.com/problems/zigzag-conversion
Meta,503,Next Greater Element II,Medium,56.5%,0.20963047971710957,https://leetcode.com/problems/next-greater-element-ii
Meta,312,Burst Balloons,Hard,51.8%,0.20921375502735295,https://leetcode.com/problems/burst-balloons
Meta,1053,Previous Permutation With One Swap,Medium,48.5%,0.20909179785855941,https://leetcode.com/problems/previous-permutation-with-one-swap
Meta,315,Count of Smaller Numbers After Self,Hard,41.5%,0.20806843787404064,https://leetcode.com/problems/count-of-smaller-numbers-after-self
Meta,884,Uncommon Words from Two Sentences,Easy,63.3%,0.2078703916939076,https://leetcode.com/problems/uncommon-words-from-two-sentences
Meta,290,Word Pattern,Easy,37.0%,0.20496634325524304,https://leetcode.com/problems/word-pattern
Meta,371,Sum of Two Integers,Medium,50.7%,0.20426967106919308,https://leetcode.com/problems/sum-of-two-integers
Meta,752,Open the Lock,Medium,51.8%,0.20214045265154648,https://leetcode.com/problems/open-the-lock
Meta,578,Get Highest Answer Rate Question,Medium,39.3%,0.20157261209600713,https://leetcode.com/problems/get-highest-answer-rate-question
Meta,714,Best Time to Buy and Sell Stock with Transaction Fee,Medium,54.7%,0.19966567025192705,https://leetcode.com/problems/best-time-to-buy-and-sell-stock-with-transaction-fee
Meta,886,Possible Bipartition,Medium,44.2%,0.19624555983340192,https://leetcode.com/problems/possible-bipartition
Meta,496,Next Greater Element I,Easy,63.8%,0.19278708883361578,https://leetcode.com/problems/next-greater-element-i
Meta,178,Rank Scores,Medium,45.8%,0.18843907402659216,https://leetcode.com/problems/rank-scores
Meta,681,Next Closest Time,Medium,45.0%,0.18812615225992188,https://leetcode.com/problems/next-closest-time
Meta,103,Binary Tree Zigzag Level Order Traversal,Medium,48.3%,0.18805467423313033,https://leetcode.com/problems/binary-tree-zigzag-level-order-traversal
Meta,981,Time Based Key-Value Store,Medium,53.1%,0.1844764271644963,https://leetcode.com/problems/time-based-key-value-store
Meta,889,Construct Binary Tree from Preorder and Postorder Traversal,Medium,66.2%,0.18315872720701828,https://leetcode.com/problems/construct-binary-tree-from-preorder-and-postorder-traversal
Meta,593,Valid Square,Medium,43.1%,0.181905842799192,https://leetcode.com/problems/valid-square
Meta,916,Word Subsets,Medium,47.8%,0.181583821607415,https://leetcode.com/problems/word-subsets
Meta,9,Palindrome Number,Easy,48.4%,0.17791287714642806,https://leetcode.com/problems/palindrome-number
Meta,130,Surrounded Regions,Medium,28.1%,0.17613332483584074,https://leetcode.com/problems/surrounded-regions
Meta,328,Odd Even Linked List,Medium,55.7%,0.17548836529558792,https://leetcode.com/problems/odd-even-linked-list
Meta,843,Guess the Word,Hard,46.1%,0.17062551703076334,https://leetcode.com/problems/guess-the-word
Meta,413,Arithmetic Slices,Medium,57.9%,0.1657221570563033,https://leetcode.com/problems/arithmetic-slices
Meta,535,Encode and Decode TinyURL,Medium,79.9%,0.15827628732919474,https://leetcode.com/problems/encode-and-decode-tinyurl
Meta,106,Construct Binary Tree from Inorder and Postorder Traversal,Medium,47.2%,0.1563992524301298,https://leetcode.com/problems/construct-binary-tree-from-inorder-and-postorder-traversal
Meta,373,Find K Pairs with Smallest Sums,Medium,36.7%,0.15386549516826,https://leetcode.com/problems/find-k-pairs-with-smallest-sums
Meta,676,Implement Magic Dictionary,Medium,54.5%,0.15104025741286586,https://leetcode.com/problems/implement-magic-dictionary
Meta,723,Candy Crush,Medium,69.2%,0.1475667107409061,https://leetcode.com/problems/candy-crush
Meta,113,Path Sum II,Medium,46.7%,0.14611171121171676,https://leetcode.com/problems/path-sum-ii
Meta,95,Unique Binary Search Trees II,Medium,40.6%,0.14236392393156927,https://leetcode.com/problems/unique-binary-search-trees-ii
Meta,172,Factorial Trailing Zeroes,Easy,37.8%,0.14144572792198667,https://leetcode.com/problems/factorial-trailing-zeroes
Meta,176,Second Highest Salary,Easy,31.6%,0.1400039071301401,https://leetcode.com/problems/second-highest-salary
Meta,250,Count Univalue Subtrees,Medium,52.0%,0.13767409129953323,https://leetcode.com/problems/count-univalue-subtrees
Meta,1209,Remove All Adjacent Duplicates in String II,Medium,56.9%,0.13712574822724946,https://leetcode.com/problems/remove-all-adjacent-duplicates-in-string-ii
Meta,1043,Partition Array for Maximum Sum,Medium,65.2%,0.13636827395972229,https://leetcode.com/problems/partition-array-for-maximum-sum
Meta,204,Count Primes,Easy,31.5%,0.13428518935681233,https://leetcode.com/problems/count-primes
Meta,100,Same Tree,Easy,53.4%,0.1318171127859705,https://leetcode.com/problems/same-tree
Meta,226,Invert Binary Tree,Easy,65.0%,0.12934562157317617,https://leetcode.com/problems/invert-binary-tree
Meta,274,H-Index,Medium,36.1%,0.12827809724117692,https://leetcode.com/problems/h-index
Meta,338,Counting Bits,Medium,69.5%,0.12580669538551648,https://leetcode.com/problems/counting-bits
Meta,461,Hamming Distance,Easy,72.8%,0.12570469475928556,https://leetcode.com/problems/hamming-distance
Meta,1146,Snapshot Array,Medium,37.0%,0.12154546954921416,https://leetcode.com/problems/snapshot-array
Meta,572,Subtree of Another Tree,Easy,44.1%,0.12110558833260582,https://leetcode.com/problems/subtree-of-another-tree
Meta,222,Count Complete Tree Nodes,Medium,46.8%,0.119584908524332,https://leetcode.com/problems/count-complete-tree-nodes
Meta,848,Shifting Letters,Medium,44.6%,0.11918851726511835,https://leetcode.com/problems/shifting-letters
Meta,1439,Find the Kth Smallest Sum of a Matrix With Sorted Rows,Hard,59.5%,0.11918851726511835,https://leetcode.com/problems/find-the-kth-smallest-sum-of-a-matrix-with-sorted-rows
Meta,179,Largest Number,Medium,28.8%,0.11836460008103292,https://leetcode.com/problems/largest-number
Meta,525,Contiguous Array,Medium,42.8%,0.11750591219610916,https://leetcode.com/problems/contiguous-array
Meta,268,Missing Number,Easy,51.7%,0.11538834636572094,https://leetcode.com/problems/missing-number
Meta,1275,Find Winner on a Tic Tac Toe Game,Easy,52.8%,0.11536465479210183,https://leetcode.com/problems/find-winner-on-a-tic-tac-toe-game
Meta,61,Rotate List,Medium,30.0%,0.11528615545779625,https://leetcode.com/problems/rotate-list
Meta,1047,Remove All Adjacent Duplicates In String,Easy,68.6%,0.11181352460393465,https://leetcode.com/problems/remove-all-adjacent-duplicates-in-string
Meta,265,Paint House II,Hard,44.6%,0.1088028598487991,https://leetcode.com/problems/paint-house-ii
Meta,792,Number of Matching Subsequences,Medium,47.4%,0.10867135530512761,https://leetcode.com/problems/number-of-matching-subsequences
Meta,181,Employees Earning More Than Their Managers,Easy,56.9%,0.10821358464023274,https://leetcode.com/problems/employees-earning-more-than-their-managers
Meta,279,Perfect Squares,Medium,47.4%,0.10744168186165087,https://leetcode.com/problems/perfect-squares
Meta,966,Vowel Spellchecker,Medium,47.2%,0.10676797542570607,https://leetcode.com/problems/vowel-spellchecker
Meta,70,Climbing Stairs,Easy,47.8%,0.10352088064831867,https://leetcode.com/problems/climbing-stairs
Meta,773,Sliding Puzzle,Hard,59.3%,0.10294796925244239,https://leetcode.com/problems/sliding-puzzle
Meta,118,Pascal's Triangle,Easy,52.5%,0.10288539275725785,https://leetcode.com/problems/pascals-triangle
Meta,1379,Find a Corresponding Node of a Binary Tree in a Clone of That Tree,Medium,83.8%,0.10186917331721722,https://leetcode.com/problems/find-a-corresponding-node-of-a-binary-tree-in-a-clone-of-that-tree
Meta,1411,Number of Ways to Paint N × 3 Grid,Hard,61.1%,0.10135249426028749,https://leetcode.com/problems/number-of-ways-to-paint-n-3-grid
Meta,402,Remove K Digits,Medium,28.4%,0.10101435005393304,https://leetcode.com/problems/remove-k-digits
Meta,141,Linked List Cycle,Easy,41.1%,0.10063328674952829,https://leetcode.com/problems/linked-list-cycle
Meta,628,Maximum Product of Three Numbers,Easy,47.1%,0.09909090264423091,https://leetcode.com/problems/maximum-product-of-three-numbers
Meta,1141,User Activity for the Past 30 Days I,Easy,54.1%,0.09646026618756222,https://leetcode.com/problems/user-activity-for-the-past-30-days-i
Meta,59,Spiral Matrix II,Medium,53.9%,0.09483978737982436,https://leetcode.com/problems/spiral-matrix-ii
Meta,821,Shortest Distance to a Character,Easy,66.9%,0.09450889771017068,https://leetcode.com/problems/shortest-distance-to-a-character
Meta,1062,Longest Repeating Substring,Medium,57.2%,0.09201889872025212,https://leetcode.com/problems/longest-repeating-substring
Meta,1077,Project Employees III,Medium,75.6%,0.0907652093142671,https://leetcode.com/problems/project-employees-iii
Meta,1241,Number of Comments per Post,Easy,67.0%,0.0891458495182624,https://leetcode.com/problems/number-of-comments-per-post
Meta,652,Find Duplicate Subtrees,Medium,50.2%,0.08907963005368878,https://leetcode.com/problems/find-duplicate-subtrees
Meta,995,Minimum Number of K Consecutive Bit Flips,Hard,46.8%,0.08894748601649616,https://leetcode.com/problems/minimum-number-of-k-consecutive-bit-flips
Meta,788,Rotated Digits,Easy,57.1%,0.08743429938967429,https://leetcode.com/problems/rotated-digits
Meta,1108,Defanging an IP Address,Easy,87.5%,0.08632116644802212,https://leetcode.com/problems/defanging-an-ip-address
Meta,287,Find the Duplicate Number,Medium,55.5%,0.0845834791494423,https://leetcode.com/problems/find-the-duplicate-number
Meta,1019,Next Greater Node In Linked List,Medium,57.4%,0.08373089291046797,https://leetcode.com/problems/next-greater-node-in-linked-list
Meta,550,Game Play Analysis IV,Medium,45.3%,0.08286311601350513,https://leetcode.com/problems/game-play-analysis-iv
Meta,962,Maximum Width Ramp,Medium,45.4%,0.08184524810424337,https://leetcode.com/problems/maximum-width-ramp
Meta,698,Partition to K Equal Sum Subsets,Medium,45.0%,0.08184524810424337,https://leetcode.com/problems/partition-to-k-equal-sum-subsets
Meta,887,Super Egg Drop,Hard,27.1%,0.08054440988796595,https://leetcode.com/problems/super-egg-drop
Meta,673,Number of Longest Increasing Subsequence,Medium,35.7%,0.08025695513016742,https://leetcode.com/problems/number-of-longest-increasing-subsequence
Meta,1003,Check If Word Is Valid After Substitutions,Medium,55.3%,0.07847161544149522,https://leetcode.com/problems/check-if-word-is-valid-after-substitutions
Meta,1254,Number of Closed Islands,Medium,60.5%,0.07796154146971186,https://leetcode.com/problems/number-of-closed-islands
Meta,1055,Shortest Way to Form String,Medium,56.9%,0.07681317776161672,https://leetcode.com/problems/shortest-way-to-form-string
Meta,778,Swim in Rising Water,Hard,53.1%,0.07651914983419623,https://leetcode.com/problems/swim-in-rising-water
Meta,229,Majority Element II,Medium,35.6%,0.0741423287407419,https://leetcode.com/problems/majority-element-ii
Meta,787,Cheapest Flights Within K Stops,Medium,39.3%,0.0732592918006526,https://leetcode.com/problems/cheapest-flights-within-k-stops
Meta,1287,Element Appearing More Than 25% In Sorted Array,Easy,60.2%,0.07284773254143415,https://leetcode.com/problems/element-appearing-more-than-25-in-sorted-array
Meta,1057,Campus Bikes,Medium,57.7%,0.07107786641655695,https://leetcode.com/problems/campus-bikes
Meta,289,Game of Life,Medium,54.5%,0.06756473699960104,https://leetcode.com/problems/game-of-life
Meta,997,Find the Town Judge,Easy,50.1%,0.06548984513511495,https://leetcode.com/problems/find-the-town-judge
Meta,726,Number of Atoms,Hard,49.0%,0.06371581438610768,https://leetcode.com/problems/number-of-atoms
Meta,509,Fibonacci Number,Easy,67.2%,0.06227154155782137,https://leetcode.com/problems/fibonacci-number
Meta,472,Concatenated Words,Hard,43.7%,0.06120196522807572,https://leetcode.com/problems/concatenated-words
Meta,353,Design Snake Game,Medium,34.2%,0.06053284922884233,https://leetcode.com/problems/design-snake-game
Meta,1445,Apples & Oranges,Medium,87.1%,0.05954139369101661,https://leetcode.com/problems/apples-oranges
Meta,217,Contains Duplicate,Easy,56.0%,0.05910139227591337,https://leetcode.com/problems/contains-duplicate
Meta,1305,All Elements in Two Binary Search Trees,Medium,76.1%,0.05819353408024827,https://leetcode.com/problems/all-elements-in-two-binary-search-trees
Meta,979,Distribute Coins in Binary Tree,Medium,68.9%,0.05800594958851697,https://leetcode.com/problems/distribute-coins-in-binary-tree
Meta,83,Remove Duplicates from Sorted List,Easy,45.4%,0.055776537457411894,https://leetcode.com/problems/remove-duplicates-from-sorted-list
Meta,653,Two Sum IV - Input is a BST,Easy,55.5%,0.055724721838100025,https://leetcode.com/problems/two-sum-iv-input-is-a-bst
Meta,202,Happy Number,Easy,50.4%,0.05503451923624455,https://leetcode.com/problems/happy-number
Meta,310,Minimum Height Trees,Medium,32.3%,0.05423015406086025,https://leetcode.com/problems/minimum-height-trees
Meta,679,24 Game,Hard,46.4%,0.05341723749698583,https://leetcode.com/problems/24-game
Meta,203,Remove Linked List Elements,Easy,38.6%,0.04798700179553833,https://leetcode.com/problems/remove-linked-list-elements
Meta,205,Isomorphic Strings,Easy,39.8%,0.045397866271290506,https://leetcode.com/problems/isomorphic-strings
Meta,733,Flood Fill,Easy,55.3%,0.04413292021115189,https://leetcode.com/problems/flood-fill
Meta,1498,Number of Subsequences That Satisfy the Given Sum Condition,Medium,36.7%,0.04334372921647208,https://leetcode.com/problems/number-of-subsequences-that-satisfy-the-given-sum-condition
Meta,611,Valid Triangle Number,Medium,48.4%,0.04255961441879593,https://leetcode.com/problems/valid-triangle-number
Meta,1219,Path with Maximum Gold,Medium,65.1%,0.04111576039097048,https://leetcode.com/problems/path-with-maximum-gold
Meta,260,Single Number III,Medium,64.3%,0.0403019568058018,https://leetcode.com/problems/single-number-iii
Meta,739,Daily Temperatures,Medium,63.3%,0.03954060923825168,https://leetcode.com/problems/daily-temperatures
Meta,406,Queue Reconstruction by Height,Medium,66.9%,0.03949613834265583,https://leetcode.com/problems/queue-reconstruction-by-height
Meta,706,Design HashMap,Easy,61.3%,0.039016652342451774,https://leetcode.com/problems/design-hashmap
Meta,872,Leaf-Similar Trees,Easy,64.5%,0.03899974309382511,https://leetcode.com/problems/leaf-similar-trees
Meta,993,Cousins in Binary Tree,Easy,52.0%,0.03876454345024432,https://leetcode.com/problems/cousins-in-binary-tree
Meta,337,House Robber III,Medium,50.6%,0.03825370795946937,https://leetcode.com/problems/house-robber-iii
Meta,905,Sort Array By Parity,Easy,74.1%,0.03787434929243582,https://leetcode.com/problems/sort-array-by-parity
Meta,1031,Maximum Sum of Two Non-Overlapping Subarrays,Medium,57.9%,0.03711000965123125,https://leetcode.com/problems/maximum-sum-of-two-non-overlapping-subarrays
Meta,646,Maximum Length of Pair Chain,Medium,51.9%,0.036870535808327706,https://leetcode.com/problems/maximum-length-of-pair-chain
Meta,376,Wiggle Subsequence,Medium,39.6%,0.03666771919188123,https://leetcode.com/problems/wiggle-subsequence
Meta,96,Unique Binary Search Trees,Medium,52.9%,0.036467121912812143,https://leetcode.com/problems/unique-binary-search-trees
Meta,701,Insert into a Binary Search Tree,Medium,77.7%,0.03459222693591465,https://leetcode.com/problems/insert-into-a-binary-search-tree
Meta,309,Best Time to Buy and Sell Stock with Cooldown,Medium,47.4%,0.034362822747185016,https://leetcode.com/problems/best-time-to-buy-and-sell-stock-with-cooldown
Meta,1360,Number of Days Between Two Dates,Easy,48.8%,0.03401688527825427,https://leetcode.com/problems/number-of-days-between-two-dates
Meta,154,Find Minimum in Rotated Sorted Array II,Hard,41.6%,0.033505725418712703,https://leetcode.com/problems/find-minimum-in-rotated-sorted-array-ii
Meta,80,Remove Duplicates from Sorted Array II,Medium,44.0%,0.03303052567648182,https://leetcode.com/problems/remove-duplicates-from-sorted-array-ii
Meta,832,Flipping an Image,Easy,76.2%,0.03267078228954871,https://leetcode.com/problems/flipping-an-image
Meta,605,Can Place Flowers,Easy,31.6%,0.02457126073050533,https://leetcode.com/problems/can-place-flowers
Meta,64,Minimum Path Sum,Medium,54.5%,0.024287775531756203,https://leetcode.com/problems/minimum-path-sum
Meta,1137,N-th Tribonacci Number,Easy,55.9%,0.02072613051711693,https://leetcode.com/problems/n-th-tribonacci-number
Meta,237,Delete Node in a Linked List,Easy,63.8%,0.020421896704473325,https://leetcode.com/problems/delete-node-in-a-linked-list
Meta,1266,Minimum Time Visiting All Points,Easy,79.6%,0.017354014693151613,https://leetcode.com/problems/minimum-time-visiting-all-points
Meta,1021,Remove Outermost Parentheses,Easy,78.0%,0.016434223613379935,https://leetcode.com/problems/remove-outermost-parentheses
Meta,771,Jewels and Stones,Easy,86.4%,0.01631653312373806,https://leetcode.com/problems/jewels-and-stones
Meta,1304,Find N Unique Integers Sum up to Zero,Easy,76.3%,0.015892269319508656,https://leetcode.com/problems/find-n-unique-integers-sum-up-to-zero
Meta,404,Sum of Left Leaves,Easy,50.9%,0.013981353230340547,https://leetcode.com/problems/sum-of-left-leaves
Meta,451,Sort Characters By Frequency,Medium,63.0%,0.013153757558740521,https://leetcode.com/problems/sort-characters-by-frequency
Meta,1143,Longest Common Subsequence,Medium,58.4%,0.008835931134362285,https://leetcode.com/problems/longest-common-subsequence
Meta,763,Partition Labels,Medium,76.1%,0.008385793376274025,https://leetcode.com/problems/partition-labels
Meta,1528,Shuffle String,Easy,86.1%,0.006295047716793515,https://leetcode.com/problems/shuffle-string
Meta,275,H-Index II,Medium,36.0%,0,https://leetcode.com/problems/h-index-ii
Meta,745,Prefix and Suffix Search,Hard,34.1%,0,https://leetcode.com/problems/prefix-and-suffix-search
Meta,764,Largest Plus Sign,Medium,46.0%,0,https://leetcode.com/problems/largest-plus-sign
Meta,784,Letter Case Permutation,Medium,64.6%,0,https://leetcode.com/problems/letter-case-permutation
Meta,801,Minimum Swaps To Make Sequences Increasing,Medium,38.9%,0,https://leetcode.com/problems/minimum-swaps-to-make-sequences-increasing
Meta,893,Groups of Special-Equivalent Strings,Easy,66.5%,0,https://leetcode.com/problems/groups-of-special-equivalent-strings
Meta,968,Binary Tree Cameras,Hard,37.5%,0,https://leetcode.com/problems/binary-tree-cameras
Meta,989,Add to Array-Form of Integer,Easy,44.2%,0,https://leetcode.com/problems/add-to-array-form-of-integer
Meta,998,Maximum Binary Tree II,Medium,63.0%,0,https://leetcode.com/problems/maximum-binary-tree-ii
Meta,1033,Moving Stones Until Consecutive,Easy,41.7%,0,https://leetcode.com/problems/moving-stones-until-consecutive
Meta,1040,Moving Stones Until Consecutive II,Medium,52.9%,0,https://leetcode.com/problems/moving-stones-until-consecutive-ii
Meta,1075,Project Employees I,Easy,64.8%,0,https://leetcode.com/problems/project-employees-i
Meta,1076,Project Employees II,Easy,53.7%,0,https://leetcode.com/problems/project-employees-ii
Meta,1361,Validate Binary Tree Nodes,Medium,48.5%,0,https://leetcode.com/problems/validate-binary-tree-nodes
Meta,1211,Queries Quality and Percentage,Easy,68.3%,0,https://leetcode.com/problems/queries-quality-and-percentage
Meta,1225,Report Contiguous Dates,Hard,61.1%,0,https://leetcode.com/problems/report-contiguous-dates
Meta,1236,Web Crawler,Medium,64.3%,0,https://leetcode.com/problems/web-crawler
Meta,1322,Ads Performance,Easy,57.8%,0,https://leetcode.com/problems/ads-performance
Meta,1357,Apply Discount Every n Orders,Medium,66.0%,0,https://leetcode.com/problems/apply-discount-every-n-orders
Meta,1398,Customers Who Bought Products A and B but Not C,Medium,80.7%,0,https://leetcode.com/problems/customers-who-bought-products-a-and-b-but-not-c
Meta,1443,Minimum Time to Collect All Apples in a Tree,Medium,55.4%,0,https://leetcode.com/problems/minimum-time-to-collect-all-apples-in-a-tree
Meta,1460,Make Two Arrays Equal by Reversing Sub-arrays,Easy,73.9%,0,https://leetcode.com/problems/make-two-arrays-equal-by-reversing-sub-arrays
Meta,1453,Maximum Number of Darts Inside of a Circular Dartboard,Hard,33.7%,0,https://leetcode.com/problems/maximum-number-of-darts-inside-of-a-circular-dartboard
Meta,1522,Diameter of N-Ary Tree,Medium,70.0%,0,https://leetcode.com/problems/diameter-of-n-ary-tree
Adobe,1,Two Sum,Easy,45.6%,2.4883960324530268,https://leetcode.com/problems/two-sum
Adobe,2,Add Two Numbers,Medium,33.9%,2.269636101391722,https://leetcode.com/problems/add-two-numbers
Adobe,4,Median of Two Sorted Arrays,Hard,29.6%,2.050876170330417,https://leetcode.com/problems/median-of-two-sorted-arrays
Adobe,741,Cherry Pickup,Hard,33.9%,1.8321162392691122,https://leetcode.com/problems/cherry-pickup
Adobe,3,Longest Substring Without Repeating Characters,Medium,30.4%,1.8014105894541743,https://leetcode.com/problems/longest-substring-without-repeating-characters
Adobe,7,Reverse Integer,Easy,25.8%,1.73297236373911,https://leetcode.com/problems/reverse-integer
Adobe,175,Combine Two Tables,Easy,60.8%,1.6956988952705778,https://leetcode.com/problems/combine-two-tables
Adobe,21,Merge Two Sorted Lists,Easy,53.5%,1.5676206155174264,https://leetcode.com/problems/merge-two-sorted-lists
Adobe,5,Longest Palindromic Substring,Medium,29.5%,1.5174071915824883,https://leetcode.com/problems/longest-palindromic-substring
Adobe,15,3Sum,Medium,26.8%,1.4894785973551214,https://leetcode.com/problems/3sum
Adobe,13,Roman to Integer,Easy,55.7%,1.4339144225059055,https://leetcode.com/problems/roman-to-integer
Adobe,6,ZigZag Conversion,Medium,36.3%,1.2151544914446004,https://leetcode.com/problems/zigzag-conversion
Adobe,195,Tenth Line,Easy,33.0%,1.1862816902916034,https://leetcode.com/problems/tenth-line
Adobe,53,Maximum Subarray,Easy,46.5%,1.1698468033916782,https://leetcode.com/problems/maximum-subarray
Adobe,192,Word Frequency,Medium,25.8%,1.1542304443345712,https://leetcode.com/problems/word-frequency
Adobe,11,Container With Most Water,Medium,50.8%,1.1498172467169137,https://leetcode.com/problems/container-with-most-water
Adobe,146,LRU Cache,Medium,33.2%,1.1414840541705635,https://leetcode.com/problems/lru-cache
Adobe,14,Longest Common Prefix,Easy,35.4%,1.0701063949652634,https://leetcode.com/problems/longest-common-prefix
Adobe,9,Palindrome Number,Easy,48.4%,1.0389585830023096,https://leetcode.com/problems/palindrome-number
Adobe,292,Nim Game,Easy,54.9%,1.0340435601569165,https://leetcode.com/problems/nim-game
Adobe,206,Reverse Linked List,Easy,62.5%,0.9491844552172142,https://leetcode.com/problems/reverse-linked-list
Adobe,22,Generate Parentheses,Medium,62.7%,0.9146285119909732,https://leetcode.com/problems/generate-parentheses
Adobe,312,Burst Balloons,Hard,51.8%,0.8978937096587362,https://leetcode.com/problems/burst-balloons
Adobe,771,Jewels and Stones,Easy,86.4%,0.8045122974235372,https://leetcode.com/problems/jewels-and-stones
Adobe,18,4Sum,Medium,33.7%,0.7870176048739561,https://leetcode.com/problems/4sum
Adobe,344,Reverse String,Easy,68.5%,0.7803563983565922,https://leetcode.com/problems/reverse-string
Adobe,20,Valid Parentheses,Easy,39.0%,0.7728842221115333,https://leetcode.com/problems/valid-parentheses
Adobe,23,Merge k Sorted Lists,Hard,40.2%,0.744432863023671,https://leetcode.com/problems/merge-k-sorted-lists
Adobe,42,Trapping Rain Water,Hard,48.9%,0.7166320474707057,https://leetcode.com/problems/trapping-rain-water
Adobe,274,H-Index,Medium,36.1%,0.7105315488308892,https://leetcode.com/problems/h-index
Adobe,595,Big Countries,Easy,77.3%,0.6960898016141428,https://leetcode.com/problems/big-countries
Adobe,76,Minimum Window Substring,Hard,34.6%,0.641927908156958,https://leetcode.com/problems/minimum-window-substring
Adobe,10,Regular Expression Matching,Hard,26.8%,0.6273817982285409,https://leetcode.com/problems/regular-expression-matching
Adobe,386,Lexicographical Numbers,Medium,51.6%,0.626946543403964,https://leetcode.com/problems/lexicographical-numbers
Adobe,214,Shortest Palindrome,Hard,29.8%,0.6257058997644127,https://leetcode.com/problems/shortest-palindrome
Adobe,561,Array Partition I,Easy,72.0%,0.6209795294618357,https://leetcode.com/problems/array-partition-i
Adobe,12,Integer to Roman,Medium,55.1%,0.618907369249803,https://leetcode.com/problems/integer-to-roman
Adobe,88,Merge Sorted Array,Easy,39.4%,0.5992604670982806,https://leetcode.com/problems/merge-sorted-array
Adobe,177,Nth Highest Salary,Medium,31.4%,0.5957174923400869,https://leetcode.com/problems/nth-highest-salary
Adobe,8,String to Integer (atoi),Medium,15.4%,0.5871742950115802,https://leetcode.com/problems/string-to-integer-atoi
Adobe,46,Permutations,Medium,63.5%,0.5710040142718329,https://leetcode.com/problems/permutations
Adobe,201,Bitwise AND of Numbers Range,Medium,39.4%,0.5616591289700842,https://leetcode.com/problems/bitwise-and-of-numbers-range
Adobe,176,Second Highest Salary,Easy,31.6%,0.5550999082992657,https://leetcode.com/problems/second-highest-salary
Adobe,54,Spiral Matrix,Medium,34.1%,0.5477790799646545,https://leetcode.com/problems/spiral-matrix
Adobe,238,Product of Array Except Self,Medium,60.1%,0.5410045911404007,https://leetcode.com/problems/product-of-array-except-self
Adobe,315,Count of Smaller Numbers After Self,Hard,41.5%,0.5355270510063105,https://leetcode.com/problems/count-of-smaller-numbers-after-self
Adobe,85,Maximal Rectangle,Hard,37.7%,0.505442030682518,https://leetcode.com/problems/maximal-rectangle
Adobe,41,First Missing Positive,Hard,32.0%,0.4966396105083198,https://leetcode.com/problems/first-missing-positive
Adobe,38,Count and Say,Easy,44.6%,0.4926620533465078,https://leetcode.com/problems/count-and-say
Adobe,322,Coin Change,Medium,35.5%,0.48915086353512044,https://leetcode.com/problems/coin-change
Adobe,237,Delete Node in a Linked List,Easy,63.8%,0.4849621131760714,https://leetcode.com/problems/delete-node-in-a-linked-list
Adobe,121,Best Time to Buy and Sell Stock,Easy,50.5%,0.47900593564253346,https://leetcode.com/problems/best-time-to-buy-and-sell-stock
Adobe,32,Longest Valid Parentheses,Hard,28.4%,0.4610968040943131,https://leetcode.com/problems/longest-valid-parentheses
Adobe,420,Strong Password Checker,Hard,14.0%,0.4491177382659011,https://leetcode.com/problems/strong-password-checker
Adobe,136,Single Number,Easy,65.5%,0.44677265180412157,https://leetcode.com/problems/single-number
Adobe,148,Sort List,Medium,42.3%,0.4396170196774987,https://leetcode.com/problems/sort-list
Adobe,82,Remove Duplicates from Sorted List II,Medium,36.8%,0.4392651170596573,https://leetcode.com/problems/remove-duplicates-from-sorted-list-ii
Adobe,16,3Sum Closest,Medium,46.0%,0.43554023176972845,https://leetcode.com/problems/3sum-closest
Adobe,45,Jump Game II,Hard,30.6%,0.4315020818911597,https://leetcode.com/problems/jump-game-ii
Adobe,535,Encode and Decode TinyURL,Medium,79.9%,0.4221173972425086,https://leetcode.com/problems/encode-and-decode-tinyurl
Adobe,96,Unique Binary Search Trees,Medium,52.9%,0.42021191912831435,https://leetcode.com/problems/unique-binary-search-trees
Adobe,92,Reverse Linked List II,Medium,38.8%,0.414508648004485,https://leetcode.com/problems/reverse-linked-list-ii
Adobe,30,Substring with Concatenation of All Words,Hard,25.4%,0.41194709630297865,https://leetcode.com/problems/substring-with-concatenation-of-all-words
Adobe,33,Search in Rotated Sorted Array,Medium,34.5%,0.40912496149364885,https://leetcode.com/problems/search-in-rotated-sorted-array
Adobe,64,Minimum Path Sum,Medium,54.5%,0.4040299464061684,https://leetcode.com/problems/minimum-path-sum
Adobe,279,Perfect Squares,Medium,47.4%,0.3741145782240884,https://leetcode.com/problems/perfect-squares
Adobe,24,Swap Nodes in Pairs,Medium,50.4%,0.3722036149739704,https://leetcode.com/problems/swap-nodes-in-pairs
Adobe,343,Integer Break,Medium,50.4%,0.3649680588757168,https://leetcode.com/problems/integer-break
Adobe,31,Next Permutation,Medium,32.6%,0.3605125693237505,https://leetcode.com/problems/next-permutation
Adobe,131,Palindrome Partitioning,Medium,47.5%,0.35313350367645147,https://leetcode.com/problems/palindrome-partitioning
Adobe,141,Linked List Cycle,Easy,41.1%,0.3531074716115724,https://leetcode.com/problems/linked-list-cycle
Adobe,200,Number of Islands,Medium,46.8%,0.348349251262677,https://leetcode.com/problems/number-of-islands
Adobe,71,Simplify Path,Medium,32.6%,0.3434734320801965,https://leetcode.com/problems/simplify-path
Adobe,138,Copy List with Random Pointer,Medium,36.4%,0.33465187471019453,https://leetcode.com/problems/copy-list-with-random-pointer
Adobe,74,Search a 2D Matrix,Medium,36.5%,0.3339887638543654,https://leetcode.com/problems/search-a-2d-matrix
Adobe,155,Min Stack,Easy,44.5%,0.32611635610879774,https://leetcode.com/problems/min-stack
Adobe,26,Remove Duplicates from Sorted Array,Easy,45.1%,0.32413298661344175,https://leetcode.com/problems/remove-duplicates-from-sorted-array
Adobe,169,Majority Element,Easy,58.7%,0.32361893795459934,https://leetcode.com/problems/majority-element
Adobe,37,Sudoku Solver,Hard,43.6%,0.31644637012330246,https://leetcode.com/problems/sudoku-solver
Adobe,48,Rotate Image,Medium,56.7%,0.31414864563994416,https://leetcode.com/problems/rotate-image
Adobe,152,Maximum Product Subarray,Medium,31.7%,0.3065980377658154,https://leetcode.com/problems/maximum-product-subarray
Adobe,706,Design HashMap,Easy,61.3%,0.30607943759149703,https://leetcode.com/problems/design-hashmap
Adobe,378,Kth Smallest Element in a Sorted Matrix,Medium,54.3%,0.303069224638031,https://leetcode.com/problems/kth-smallest-element-in-a-sorted-matrix
Adobe,115,Distinct Subsequences,Hard,38.3%,0.29662714656570494,https://leetcode.com/problems/distinct-subsequences
Adobe,44,Wildcard Matching,Hard,24.7%,0.29635426006094184,https://leetcode.com/problems/wildcard-matching
Adobe,198,House Robber,Easy,42.0%,0.29249400591952035,https://leetcode.com/problems/house-robber
Adobe,329,Longest Increasing Path in a Matrix,Hard,43.4%,0.29062882263712253,https://leetcode.com/problems/longest-increasing-path-in-a-matrix
Adobe,78,Subsets,Medium,62.0%,0.28775134131891633,https://leetcode.com/problems/subsets
Adobe,234,Palindrome Linked List,Easy,39.3%,0.2838977996794123,https://leetcode.com/problems/palindrome-linked-list
Adobe,139,Word Break,Medium,40.1%,0.2746475346554156,https://leetcode.com/problems/word-break
Adobe,25,Reverse Nodes in k-Group,Hard,42.1%,0.2704051213089347,https://leetcode.com/problems/reverse-nodes-in-k-group
Adobe,929,Unique Email Addresses,Easy,67.4%,0.26920579628420777,https://leetcode.com/problems/unique-email-addresses
Adobe,204,Count Primes,Easy,31.5%,0.2622550703201888,https://leetcode.com/problems/count-primes
Adobe,543,Diameter of Binary Tree,Easy,48.4%,0.26178095627491565,https://leetcode.com/problems/diameter-of-binary-tree
Adobe,197,Rising Temperature,Easy,38.4%,0.2576203889657197,https://leetcode.com/problems/rising-temperature
Adobe,448,Find All Numbers Disappeared in an Array,Easy,55.9%,0.2554000407912253,https://leetcode.com/problems/find-all-numbers-disappeared-in-an-array
Adobe,446,Arithmetic Slices II - Subsequence,Hard,32.7%,0.25416851512733507,https://leetcode.com/problems/arithmetic-slices-ii-subsequence
Adobe,101,Symmetric Tree,Easy,46.8%,0.24399082697231922,https://leetcode.com/problems/symmetric-tree
Adobe,70,Climbing Stairs,Easy,47.8%,0.24304459408434126,https://leetcode.com/problems/climbing-stairs
Adobe,389,Find the Difference,Easy,55.3%,0.2421400520048648,https://leetcode.com/problems/find-the-difference
Adobe,1096,Brace Expansion II,Hard,62.2%,0.2363887780642304,https://leetcode.com/problems/brace-expansion-ii
Adobe,51,N-Queens,Hard,46.6%,0.2346473757956944,https://leetcode.com/problems/n-queens
Adobe,137,Single Number II,Medium,52.4%,0.22735779159844866,https://leetcode.com/problems/single-number-ii
Adobe,56,Merge Intervals,Medium,39.3%,0.22422141863227835,https://leetcode.com/problems/merge-intervals
Adobe,19,Remove Nth Node From End of List,Medium,35.2%,0.22280456303687612,https://leetcode.com/problems/remove-nth-node-from-end-of-list
Adobe,49,Group Anagrams,Medium,56.9%,0.21827224887849583,https://leetcode.com/problems/group-anagrams
Adobe,795,Number of Subarrays with Bounded Maximum,Medium,46.3%,0.2171959803892134,https://leetcode.com/problems/number-of-subarrays-with-bounded-maximum
Adobe,268,Missing Number,Easy,51.7%,0.2148904095574893,https://leetcode.com/problems/missing-number
Adobe,105,Construct Binary Tree from Preorder and Inorder Traversal,Medium,48.8%,0.2138725437818616,https://leetcode.com/problems/construct-binary-tree-from-preorder-and-inorder-traversal
Adobe,81,Search in Rotated Sorted Array II,Medium,33.0%,0.21357410029805904,https://leetcode.com/problems/search-in-rotated-sorted-array-ii
Adobe,142,Linked List Cycle II,Medium,37.3%,0.21278213647158528,https://leetcode.com/problems/linked-list-cycle-ii
Adobe,143,Reorder List,Medium,37.1%,0.21178045827645292,https://leetcode.com/problems/reorder-list
Adobe,229,Majority Element II,Medium,35.6%,0.21162970925187066,https://leetcode.com/problems/majority-element-ii
Adobe,124,Binary Tree Maximum Path Sum,Hard,34.3%,0.21055599204217199,https://leetcode.com/problems/binary-tree-maximum-path-sum
Adobe,236,Lowest Common Ancestor of a Binary Tree,Medium,45.7%,0.2082667520997665,https://leetcode.com/problems/lowest-common-ancestor-of-a-binary-tree
Adobe,240,Search a 2D Matrix II,Medium,43.2%,0.20722300789490636,https://leetcode.com/problems/search-a-2d-matrix-ii
Adobe,128,Longest Consecutive Sequence,Hard,45.1%,0.20483650886956722,https://leetcode.com/problems/longest-consecutive-sequence
Adobe,220,Contains Duplicate III,Medium,20.9%,0.20432784239539936,https://leetcode.com/problems/contains-duplicate-iii
Adobe,202,Happy Number,Easy,50.4%,0.2040083108839691,https://leetcode.com/problems/happy-number
Adobe,728,Self Dividing Numbers,Easy,74.3%,0.20271151249700387,https://leetcode.com/problems/self-dividing-numbers
Adobe,395,Longest Substring with At Least K Repeating Characters,Medium,41.4%,0.19944370144318244,https://leetcode.com/problems/longest-substring-with-at-least-k-repeating-characters
Adobe,836,Rectangle Overlap,Easy,48.6%,0.19944370144318244,https://leetcode.com/problems/rectangle-overlap
Adobe,65,Valid Number,Hard,15.3%,0.18904265746703205,https://leetcode.com/problems/valid-number
Adobe,178,Rank Scores,Medium,45.8%,0.18843907402659216,https://leetcode.com/problems/rank-scores
Adobe,219,Contains Duplicate II,Easy,37.7%,0.18696862869341266,https://leetcode.com/problems/contains-duplicate-ii
Adobe,29,Divide Two Integers,Medium,16.4%,0.18695459519599733,https://leetcode.com/problems/divide-two-integers
Adobe,199,Binary Tree Right Side View,Medium,54.1%,0.18661020557359304,https://leetcode.com/problems/binary-tree-right-side-view
Adobe,739,Daily Temperatures,Medium,63.3%,0.1858025928756317,https://leetcode.com/problems/daily-temperatures
Adobe,72,Edit Distance,Hard,44.8%,0.18554648786569794,https://leetcode.com/problems/edit-distance
Adobe,181,Employees Earning More Than Their Managers,Easy,56.9%,0.18496356625679328,https://leetcode.com/problems/employees-earning-more-than-their-managers
Adobe,61,Rotate List,Medium,30.0%,0.18398268674403112,https://leetcode.com/problems/rotate-list
Adobe,50,Pow(x;n),Medium,30.3%,0.18397417464169494,https://leetcode.com/problems/powx-n
Adobe,221,Maximal Square,Medium,37.7%,0.1833146055349465,https://leetcode.com/problems/maximal-square
Adobe,239,Sliding Window Maximum,Hard,43.0%,0.18086662630782,https://leetcode.com/problems/sliding-window-maximum
Adobe,112,Path Sum,Easy,41.2%,0.18019396942949986,https://leetcode.com/problems/path-sum
Adobe,368,Largest Divisible Subset,Medium,38.0%,0.17613915688563714,https://leetcode.com/problems/largest-divisible-subset
Adobe,415,Add Strings,Easy,47.5%,0.17429245611868044,https://leetcode.com/problems/add-strings
Adobe,300,Longest Increasing Subsequence,Medium,42.6%,0.17397326740248337,https://leetcode.com/problems/longest-increasing-subsequence
Adobe,122,Best Time to Buy and Sell Stock II,Easy,57.0%,0.17312279156285693,https://leetcode.com/problems/best-time-to-buy-and-sell-stock-ii
Adobe,725,Split Linked List in Parts,Medium,52.2%,0.17265583404226165,https://leetcode.com/problems/split-linked-list-in-parts
Adobe,856,Score of Parentheses,Medium,60.5%,0.17135825199668508,https://leetcode.com/problems/score-of-parentheses
Adobe,560,Subarray Sum Equals K,Medium,43.9%,0.1665261146132014,https://leetcode.com/problems/subarray-sum-equals-k
Adobe,91,Decode Ways,Medium,24.7%,0.1664322442258041,https://leetcode.com/problems/decode-ways
Adobe,412,Fizz Buzz,Easy,62.3%,0.16533767872713678,https://leetcode.com/problems/fizz-buzz
Adobe,1010,Pairs of Songs With Total Durations Divisible by 60,Easy,47.4%,0.15765117803680806,https://leetcode.com/problems/pairs-of-songs-with-total-durations-divisible-by-60
Adobe,28,Implement strStr(),Easy,34.5%,0.15437642620216585,https://leetcode.com/problems/implement-strstr
Adobe,62,Unique Paths,Medium,54.1%,0.15421684583780285,https://leetcode.com/problems/unique-paths
Adobe,218,The Skyline Problem,Hard,34.6%,0.14953173397096375,https://leetcode.com/problems/the-skyline-problem
Adobe,217,Contains Duplicate,Easy,56.0%,0.149082410987406,https://leetcode.com/problems/contains-duplicate
Adobe,83,Remove Duplicates from Sorted List,Easy,45.4%,0.14784842578508967,https://leetcode.com/problems/remove-duplicates-from-sorted-list
Adobe,168,Excel Sheet Column Title,Easy,31.1%,0.14624550032014502,https://leetcode.com/problems/excel-sheet-column-title
Adobe,95,Unique Binary Search Trees II,Medium,40.6%,0.14236392393156927,https://leetcode.com/problems/unique-binary-search-trees-ii
Adobe,55,Jump Game,Medium,34.6%,0.14177401548857888,https://leetcode.com/problems/jump-game
Adobe,375,Guess Number Higher or Lower II,Medium,40.3%,0.1391128024627178,https://leetcode.com/problems/guess-number-higher-or-lower-ii
Adobe,554,Brick Wall,Medium,50.0%,0.1384696742651052,https://leetcode.com/problems/brick-wall
Adobe,726,Number of Atoms,Hard,49.0%,0.13804422079620546,https://leetcode.com/problems/number-of-atoms
Adobe,125,Valid Palindrome,Easy,36.7%,0.13416684727631417,https://leetcode.com/problems/valid-palindrome
Adobe,987,Vertical Order Traversal of a Binary Tree,Medium,36.6%,0.13360431878681564,https://leetcode.com/problems/vertical-order-traversal-of-a-binary-tree
Adobe,110,Balanced Binary Tree,Easy,43.5%,0.13348731548952925,https://leetcode.com/problems/balanced-binary-tree
Adobe,35,Search Insert Position,Easy,42.6%,0.13181240319984847,https://leetcode.com/problems/search-insert-position
Adobe,1190,Reverse Substrings Between Each Pair of Parentheses,Medium,61.5%,0.1304306149462744,https://leetcode.com/problems/reverse-substrings-between-each-pair-of-parentheses
Adobe,287,Find the Duplicate Number,Medium,55.5%,0.1291950147327505,https://leetcode.com/problems/find-the-duplicate-number
Adobe,278,First Bad Version,Easy,35.7%,0.1267677952000762,https://leetcode.com/problems/first-bad-version
Adobe,84,Largest Rectangle in Histogram,Hard,35.2%,0.12570469475928556,https://leetcode.com/problems/largest-rectangle-in-histogram
Adobe,224,Basic Calculator,Hard,36.8%,0.12435274487954455,https://leetcode.com/problems/basic-calculator
Adobe,235,Lowest Common Ancestor of a Binary Search Tree,Easy,49.9%,0.12399764165657076,https://leetcode.com/problems/lowest-common-ancestor-of-a-binary-search-tree
Adobe,107,Binary Tree Level Order Traversal II,Easy,53.5%,0.122658088838636,https://leetcode.com/problems/binary-tree-level-order-traversal-ii
Adobe,1114,Print in Order,Easy,65.7%,0.12136085700426744,https://leetcode.com/problems/print-in-order
Adobe,93,Restore IP Addresses,Medium,35.6%,0.11756123239496619,https://leetcode.com/problems/restore-ip-addresses
Adobe,316,Remove Duplicate Letters,Hard,35.8%,0.1165801830326188,https://leetcode.com/problems/remove-duplicate-letters
Adobe,191,Number of 1 Bits,Easy,49.8%,0.11333538213170377,https://leetcode.com/problems/number-of-1-bits
Adobe,104,Maximum Depth of Binary Tree,Easy,66.0%,0.11149742514307986,https://leetcode.com/problems/maximum-depth-of-binary-tree
Adobe,40,Combination Sum II,Medium,48.2%,0.11145356111123644,https://leetcode.com/problems/combination-sum-ii
Adobe,1108,Defanging an IP Address,Easy,87.5%,0.1113224686534394,https://leetcode.com/problems/defanging-an-ip-address
Adobe,295,Find Median from Data Stream,Hard,44.3%,0.10502147513923703,https://leetcode.com/problems/find-median-from-data-stream
Adobe,98,Validate Binary Search Tree,Medium,27.8%,0.1008693132143216,https://leetcode.com/problems/validate-binary-search-tree
Adobe,283,Move Zeroes,Easy,57.8%,0.09896140984010138,https://leetcode.com/problems/move-zeroes
Adobe,617,Merge Two Binary Trees,Easy,74.1%,0.09679876601677688,https://leetcode.com/problems/merge-two-binary-trees
Adobe,59,Spiral Matrix II,Medium,53.9%,0.09483978737982436,https://leetcode.com/problems/spiral-matrix-ii
Adobe,66,Plus One,Easy,43.0%,0.09425513144914506,https://leetcode.com/problems/plus-one
Adobe,215,Kth Largest Element in an Array,Medium,55.4%,0.09326418878681669,https://leetcode.com/problems/kth-largest-element-in-an-array
Adobe,257,Binary Tree Paths,Easy,51.5%,0.09040028430515686,https://leetcode.com/problems/binary-tree-paths
Adobe,185,Department Top Three Salaries,Hard,34.5%,0.08593583151429968,https://leetcode.com/problems/department-top-three-salaries
Adobe,73,Set Matrix Zeroes,Medium,43.1%,0.08271965106891821,https://leetcode.com/problems/set-matrix-zeroes
Adobe,387,First Unique Character in a String,Easy,53.4%,0.08151765202603821,https://leetcode.com/problems/first-unique-character-in-a-string
Adobe,118,Pascal's Triangle,Easy,52.5%,0.07970401164997687,https://leetcode.com/problems/pascals-triangle
Adobe,875,Koko Eating Bananas,Medium,52.1%,0.07919704166119315,https://leetcode.com/problems/koko-eating-bananas
Adobe,79,Word Search,Medium,35.6%,0.07847790263416941,https://leetcode.com/problems/word-search
Adobe,67,Add Binary,Easy,45.2%,0.07835548390827937,https://leetcode.com/problems/add-binary
Adobe,525,Contiguous Array,Medium,42.8%,0.07677630069592066,https://leetcode.com/problems/contiguous-array
Adobe,399,Evaluate Division,Medium,51.6%,0.07536521894921006,https://leetcode.com/problems/evaluate-division
Adobe,669,Trim a Binary Search Tree,Easy,63.0%,0.07445297819474968,https://leetcode.com/problems/trim-a-binary-search-tree
Adobe,460,LFU Cache,Hard,34.2%,0.06836374280939023,https://leetcode.com/problems/lfu-cache
Adobe,258,Add Digits,Easy,57.6%,0.06075860721222717,https://leetcode.com/problems/add-digits
Adobe,114,Flatten Binary Tree to Linked List,Medium,49.3%,0.06042105947476499,https://leetcode.com/problems/flatten-binary-tree-to-linked-list
Adobe,113,Path Sum II,Medium,46.7%,0.05964085390630209,https://leetcode.com/problems/path-sum-ii
Adobe,102,Binary Tree Level Order Traversal,Medium,54.6%,0.056692473087026664,https://leetcode.com/problems/binary-tree-level-order-traversal
Adobe,601,Human Traffic of Stadium,Hard,41.7%,0.05223119222544569,https://leetcode.com/problems/human-traffic-of-stadium
Adobe,665,Non-decreasing Array,Easy,19.5%,0.05108036638098062,https://leetcode.com/problems/non-decreasing-array
Adobe,681,Next Closest Time,Medium,45.0%,0.05045206096038863,https://leetcode.com/problems/next-closest-time
Adobe,77,Combinations,Medium,54.7%,0.04928622947983693,https://leetcode.com/problems/combinations
Adobe,547,Friend Circles,Medium,58.6%,0.04804286211474039,https://leetcode.com/problems/friend-circles
Adobe,876,Middle of the Linked List,Easy,68.4%,0.046728740327781716,https://leetcode.com/problems/middle-of-the-linked-list
Adobe,977,Squares of a Sorted Array,Easy,72.1%,0.046652914831048324,https://leetcode.com/problems/squares-of-a-sorted-array
Adobe,205,Isomorphic Strings,Easy,39.8%,0.045397866271290506,https://leetcode.com/problems/isomorphic-strings
Adobe,1051,Height Checker,Easy,71.1%,0.04510347333459475,https://leetcode.com/problems/height-checker
Adobe,36,Valid Sudoku,Medium,48.7%,0.04452302288876419,https://leetcode.com/problems/valid-sudoku
Adobe,545,Boundary of Binary Tree,Medium,38.9%,0.04158603377810283,https://leetcode.com/problems/boundary-of-binary-tree
Adobe,647,Palindromic Substrings,Medium,60.6%,0.040968350772541844,https://leetcode.com/problems/palindromic-substrings
Adobe,314,Binary Tree Vertical Order Traversal,Medium,45.3%,0.04007660092703385,https://leetcode.com/problems/binary-tree-vertical-order-traversal
Adobe,686,Repeated String Match,Easy,32.3%,0.03984590854719967,https://leetcode.com/problems/repeated-string-match
Adobe,203,Remove Linked List Elements,Easy,38.6%,0.0398221041810017,https://leetcode.com/problems/remove-linked-list-elements
Adobe,380,Insert Delete GetRandom O(1),Medium,47.5%,0.038717635350707984,https://leetcode.com/problems/insert-delete-getrandom-o1
Adobe,47,Permutations II,Medium,46.4%,0.038145268259690404,https://leetcode.com/problems/permutations-ii
Adobe,402,Remove K Digits,Medium,28.4%,0.03755134565213245,https://leetcode.com/problems/remove-k-digits
Adobe,1002,Find Common Characters,Easy,67.6%,0.03404262162737441,https://leetcode.com/problems/find-common-characters
Adobe,404,Sum of Left Leaves,Easy,50.9%,0.031187558856704493,https://leetcode.com/problems/sum-of-left-leaves
Adobe,703,Kth Largest Element in a Stream,Easy,49.7%,0.031004894819414507,https://leetcode.com/problems/kth-largest-element-in-a-stream
Adobe,994,Rotting Oranges,Medium,49.2%,0.030179582027776965,https://leetcode.com/problems/rotting-oranges
Adobe,695,Max Area of Island,Medium,62.7%,0.028321590863246118,https://leetcode.com/problems/max-area-of-island
Adobe,709,To Lower Case,Easy,79.3%,0.02780531308033682,https://leetcode.com/problems/to-lower-case
Adobe,159,Longest Substring with At Most Two Distinct Characters,Medium,49.4%,0.02717558537896476,https://leetcode.com/problems/longest-substring-with-at-most-two-distinct-characters
Adobe,877,Stone Game,Medium,64.8%,0.02486144206532915,https://leetcode.com/problems/stone-game
Adobe,154,Find Minimum in Rotated Sorted Array II,Hard,41.6%,0.01898490812303644,https://leetcode.com/problems/find-minimum-in-rotated-sorted-array-ii
Adobe,993,Cousins in Binary Tree,Easy,52.0%,0.017414458368636587,https://leetcode.com/problems/cousins-in-binary-tree
Adobe,1365,How Many Numbers Are Smaller Than the Current Number,Easy,85.6%,0.015926721367078105,https://leetcode.com/problems/how-many-numbers-are-smaller-than-the-current-number
Adobe,1192,Critical Connections in a Network,Hard,48.6%,0.01352742981715631,https://leetcode.com/problems/critical-connections-in-a-network
Adobe,57,Insert Interval,Hard,33.5%,0.013119243592498872,https://leetcode.com/problems/insert-interval
Adobe,700,Search in a Binary Search Tree,Easy,73.1%,0.008512500860171227,https://leetcode.com/problems/search-in-a-binary-search-tree
Adobe,692,Top K Frequent Words,Medium,51.8%,0.007516006820935329,https://leetcode.com/problems/top-k-frequent-words
Adobe,145,Binary Tree Postorder Traversal,Hard,55.0%,0.00751459482064135,https://leetcode.com/problems/binary-tree-postorder-traversal
Adobe,1470,Shuffle the Array,Easy,88.9%,0.004527967890154029,https://leetcode.com/problems/shuffle-the-array
Adobe,793,Preimage Size of Factorial Zeroes Function,Hard,40.3%,0,https://leetcode.com/problems/preimage-size-of-factorial-zeroes-function
Adobe,908,Smallest Range I,Easy,65.8%,0,https://leetcode.com/problems/smallest-range-i
Adobe,910,Smallest Range II,Medium,26.6%,0,https://leetcode.com/problems/smallest-range-ii
Netflix,981,Time Based Key-Value Store,Medium,53.1%,0.07449650549860767,https://leetcode.com/problems/time-based-key-value-store
Netflix,185,Department Top Three Salaries,Hard,34.5%,0.07421850176056281,https://leetcode.com/problems/department-top-three-salaries
Netflix,56,Merge Intervals,Medium,39.3%,0.05635902050495936,https://leetcode.com/problems/merge-intervals
Netflix,295,Find Median from Data Stream,Hard,44.3%,0.043241554527020616,https://leetcode.com/problems/find-median-from-data-stream
Netflix,362,Design Hit Counter,Medium,63.7%,0.025382073271417165,https://leetcode.com/problems/design-hit-counter
Netflix,34,Find First and Last Position of Element in Sorted Array,Medium,36.2%,0.009531951009811851,https://leetcode.com/problems/find-first-and-last-position-of-element-in-sorted-array
Netflix,155,Min Stack,Easy,44.5%,0.00474891074128171,https://leetcode.com/problems/min-stack
Netflix,88,Merge Sorted Array,Easy,39.4%,0.0030102370714243072,https://leetcode.com/problems/merge-sorted-array
Uber,427,Construct Quad Tree,Medium,61.4%,3.2025777670666282,https://leetcode.com/problems/construct-quad-tree
Uber,291,Word Pattern II,Hard,43.4%,3.0090998629797148,https://leetcode.com/problems/word-pattern-ii
Uber,529,Minesweeper,Medium,59.1%,2.8156219588928013,https://leetcode.com/problems/minesweeper
Uber,305,Number of Islands II,Hard,40.1%,2.7873368509214487,https://leetcode.com/problems/number-of-islands-ii
Uber,741,Cherry Pickup,Hard,33.9%,2.728198259587133,https://leetcode.com/problems/cherry-pickup
Uber,757,Set Intersection Size At Least Two,Hard,40.1%,2.5347203555002196,https://leetcode.com/problems/set-intersection-size-at-least-two
Uber,332,Reconstruct Itinerary,Medium,36.7%,2.473063947812065,https://leetcode.com/problems/reconstruct-itinerary
Uber,341,Flatten Nested List Iterator,Medium,52.9%,2.4575427125463496,https://leetcode.com/problems/flatten-nested-list-iterator
Uber,68,Text Justification,Hard,27.7%,2.4560547921829063,https://leetcode.com/problems/text-justification
Uber,465,Optimal Account Balancing,Hard,46.9%,2.3937825793600807,https://leetcode.com/problems/optimal-account-balancing
Uber,146,LRU Cache,Medium,33.2%,2.2330774739793853,https://leetcode.com/problems/lru-cache
Uber,262,Trips and Users,Hard,32.7%,2.179117086708829,https://leetcode.com/problems/trips-and-users
Uber,56,Merge Intervals,Medium,39.3%,1.9856391826219157,https://leetcode.com/problems/merge-intervals
Uber,267,Palindrome Permutation II,Medium,36.4%,1.9644220544755755,https://leetcode.com/problems/palindrome-permutation-ii
Uber,36,Valid Sudoku,Medium,48.7%,1.96380460343855,https://leetcode.com/problems/valid-sudoku
Uber,655,Print Binary Tree,Medium,55.0%,1.9142294173827312,https://leetcode.com/problems/print-binary-tree
Uber,227,Basic Calculator II,Medium,36.9%,1.831507899537194,https://leetcode.com/problems/basic-calculator-ii
Uber,42,Trapping Rain Water,Hard,48.9%,1.8228811997291605,https://leetcode.com/problems/trapping-rain-water
Uber,200,Number of Islands,Medium,46.8%,1.809092583045218,https://leetcode.com/problems/number-of-islands
Uber,986,Interval List Intersections,Medium,67.3%,1.7189319563632988,https://leetcode.com/problems/interval-list-intersections
Uber,297,Serialize and Deserialize Binary Tree,Hard,47.5%,1.6607276556789818,https://leetcode.com/problems/serialize-and-deserialize-binary-tree
Uber,253,Meeting Rooms II,Medium,45.7%,1.6305479346444065,https://leetcode.com/problems/meeting-rooms-ii
Uber,1,Two Sum,Easy,45.6%,1.6253762244734984,https://leetcode.com/problems/two-sum
Uber,428,Serialize and Deserialize N-ary Tree,Hard,59.4%,1.619513564422842,https://leetcode.com/problems/serialize-and-deserialize-n-ary-tree
Uber,380,Insert Delete GetRandom O(1),Medium,47.5%,1.5587288098338494,https://leetcode.com/problems/insert-delete-getrandom-o1
Uber,773,Sliding Puzzle,Hard,59.3%,1.5000532464765486,https://leetcode.com/problems/sliding-puzzle
Uber,359,Logger Rate Limiter,Easy,70.8%,1.4642891467178614,https://leetcode.com/problems/logger-rate-limiter
Uber,772,Basic Calculator III,Hard,41.3%,1.324801306769502,https://leetcode.com/problems/basic-calculator-iii
Uber,166,Fraction to Recurring Decimal,Medium,21.6%,1.3061986410149267,https://leetcode.com/problems/fraction-to-recurring-decimal
Uber,780,Reaching Points,Hard,29.4%,1.277920355988899,https://leetcode.com/problems/reaching-points
Uber,239,Sliding Window Maximum,Hard,43.0%,1.2321602024355653,https://leetcode.com/problems/sliding-window-maximum
Uber,224,Basic Calculator,Hard,36.8%,1.204714054955524,https://leetcode.com/problems/basic-calculator
Uber,49,Group Anagrams,Medium,56.9%,1.190205287799969,https://leetcode.com/problems/group-anagrams
Uber,17,Letter Combinations of a Phone Number,Medium,46.8%,1.1735261038835452,https://leetcode.com/problems/letter-combinations-of-a-phone-number
Uber,212,Word Search II,Hard,34.9%,1.1712646007295122,https://leetcode.com/problems/word-search-ii
Uber,642,Design Search Autocomplete System,Hard,44.7%,1.1539027516811295,https://leetcode.com/problems/design-search-autocomplete-system
Uber,361,Bomb Enemy,Medium,46.0%,1.1535711729488671,https://leetcode.com/problems/bomb-enemy
Uber,139,Word Break,Medium,40.1%,1.1489605133291307,https://leetcode.com/problems/word-break
Uber,286,Walls and Gates,Medium,54.5%,1.1385638280265375,https://leetcode.com/problems/walls-and-gates
Uber,591,Tag Validator,Hard,34.3%,1.133098464739279,https://leetcode.com/problems/tag-validator
Uber,336,Palindrome Pairs,Hard,33.7%,1.1081703064742152,https://leetcode.com/problems/palindrome-pairs
Uber,636,Exclusive Time of Functions,Medium,51.9%,1.070608304685468,https://leetcode.com/problems/exclusive-time-of-functions
Uber,128,Longest Consecutive Sequence,Hard,45.1%,1.0687708064824162,https://leetcode.com/problems/longest-consecutive-sequence
Uber,381,Insert Delete GetRandom O(1) - Duplicates allowed,Hard,34.1%,1.0261327161577256,https://leetcode.com/problems/insert-delete-getrandom-o1-duplicates-allowed
Uber,34,Find First and Last Position of Element in Sorted Array,Medium,36.2%,1.025636061253605,https://leetcode.com/problems/find-first-and-last-position-of-element-in-sorted-array
Uber,365,Water and Jug Problem,Medium,30.6%,1.0087460326577822,https://leetcode.com/problems/water-and-jug-problem
Uber,269,Alien Dictionary,Hard,33.3%,0.991185435747213,https://leetcode.com/problems/alien-dictionary
Uber,254,Factor Combinations,Medium,46.7%,0.9907010014908804,https://leetcode.com/problems/factor-combinations
Uber,528,Random Pick with Weight,Medium,43.9%,0.9735653552899035,https://leetcode.com/problems/random-pick-with-weight
Uber,149,Max Points on a Line,Hard,16.9%,0.9593743180104668,https://leetcode.com/problems/max-points-on-a-line
Uber,10,Regular Expression Matching,Hard,26.8%,0.9228325761309415,https://leetcode.com/problems/regular-expression-matching
Uber,76,Minimum Window Substring,Hard,34.6%,0.9170093359386342,https://leetcode.com/problems/minimum-window-substring
Uber,679,24 Game,Hard,46.4%,0.8636247536746324,https://leetcode.com/problems/24-game
Uber,329,Longest Increasing Path in a Matrix,Hard,43.4%,0.8540205747820803,https://leetcode.com/problems/longest-increasing-path-in-a-matrix
Uber,99,Recover Binary Search Tree,Hard,39.7%,0.8394185237297231,https://leetcode.com/problems/recover-binary-search-tree
Uber,640,Solve the Equation,Medium,42.0%,0.8389208480491557,https://leetcode.com/problems/solve-the-equation
Uber,1135,Connecting Cities With Minimum Cost,Medium,57.5%,0.8224378230678087,https://leetcode.com/problems/connecting-cities-with-minimum-cost
Uber,22,Generate Parentheses,Medium,62.7%,0.8167408078117945,https://leetcode.com/problems/generate-parentheses
Uber,2,Add Two Numbers,Medium,33.9%,0.8029174283671102,https://leetcode.com/problems/add-two-numbers
Uber,173,Binary Search Tree Iterator,Medium,56.6%,0.8009344168671371,https://leetcode.com/problems/binary-search-tree-iterator
Uber,57,Insert Interval,Hard,33.5%,0.784728817691922,https://leetcode.com/problems/insert-interval
Uber,126,Word Ladder II,Hard,22.1%,0.7710576539985173,https://leetcode.com/problems/word-ladder-ii
Uber,32,Longest Valid Parentheses,Hard,28.4%,0.7455268411597167,https://leetcode.com/problems/longest-valid-parentheses
Uber,251,Flatten 2D Vector,Medium,45.7%,0.74087494933668,https://leetcode.com/problems/flatten-2d-vector
Uber,133,Clone Graph,Medium,34.8%,0.7325956832523879,https://leetcode.com/problems/clone-graph
Uber,535,Encode and Decode TinyURL,Medium,79.9%,0.7284232783609871,https://leetcode.com/problems/encode-and-decode-tinyurl
Uber,127,Word Ladder,Medium,29.6%,0.6998711506076138,https://leetcode.com/problems/word-ladder
Uber,4,Median of Two Sorted Arrays,Hard,29.6%,0.6933425502977945,https://leetcode.com/problems/median-of-two-sorted-arrays
Uber,273,Integer to English Words,Hard,27.1%,0.6853686009593172,https://leetcode.com/problems/integer-to-english-words
Uber,244,Shortest Word Distance II,Medium,52.3%,0.6781843078832329,https://leetcode.com/problems/shortest-word-distance-ii
Uber,936,Stamping The Sequence,Hard,42.8%,0.6737290947028437,https://leetcode.com/problems/stamping-the-sequence
Uber,218,The Skyline Problem,Hard,34.6%,0.6570184564714399,https://leetcode.com/problems/the-skyline-problem
Uber,54,Spiral Matrix,Medium,34.1%,0.628586606031113,https://leetcode.com/problems/spiral-matrix
Uber,23,Merge k Sorted Lists,Hard,40.2%,0.5853931037905282,https://leetcode.com/problems/merge-k-sorted-lists
Uber,388,Longest Absolute File Path,Medium,41.8%,0.5850223231279691,https://leetcode.com/problems/longest-absolute-file-path
Uber,37,Sudoku Solver,Hard,43.6%,0.5747320517924429,https://leetcode.com/problems/sudoku-solver
Uber,15,3Sum,Medium,26.8%,0.5615794220738226,https://leetcode.com/problems/3sum
Uber,208,Implement Trie (Prefix Tree),Medium,49.4%,0.554408039893292,https://leetcode.com/problems/implement-trie-prefix-tree
Uber,658,Find K Closest Elements,Medium,40.9%,0.5351504766219078,https://leetcode.com/problems/find-k-closest-elements
Uber,158,Read N Characters Given Read4 II - Call multiple times,Hard,33.8%,0.5089658995317979,https://leetcode.com/problems/read-n-characters-given-read4-ii-call-multiple-times
Uber,20,Valid Parentheses,Easy,39.0%,0.4867693607438125,https://leetcode.com/problems/valid-parentheses
Uber,527,Word Abbreviation,Hard,54.3%,0.48285177172358457,https://leetcode.com/problems/word-abbreviation
Uber,91,Decode Ways,Medium,24.7%,0.46914273798301376,https://leetcode.com/problems/decode-ways
Uber,3,Longest Substring Without Repeating Characters,Medium,30.4%,0.46498482873214675,https://leetcode.com/problems/longest-substring-without-repeating-characters
Uber,79,Word Search,Medium,35.6%,0.451219934510799,https://leetcode.com/problems/word-search
Uber,668,Kth Smallest Number in Multiplication Table,Hard,45.6%,0.4506902061131003,https://leetcode.com/problems/kth-smallest-number-in-multiplication-table
Uber,85,Maximal Rectangle,Hard,37.7%,0.4492357711634929,https://leetcode.com/problems/maximal-rectangle
Uber,353,Design Snake Game,Medium,34.2%,0.44572532239455054,https://leetcode.com/problems/design-snake-game
Uber,221,Maximal Square,Medium,37.7%,0.4439595076531865,https://leetcode.com/problems/maximal-square
Uber,207,Course Schedule,Medium,43.1%,0.43737967140902645,https://leetcode.com/problems/course-schedule
Uber,346,Moving Average from Data Stream,Easy,70.9%,0.43127299206403696,https://leetcode.com/problems/moving-average-from-data-stream
Uber,1281,Subtract the Product and Sum of Digits of an Integer,Easy,85.2%,0.4301109053149923,https://leetcode.com/problems/subtract-the-product-and-sum-of-digits-of-an-integer
Uber,289,Game of Life,Medium,54.5%,0.42436217241512136,https://leetcode.com/problems/game-of-life
Uber,301,Remove Invalid Parentheses,Hard,43.3%,0.4217256289799447,https://leetcode.com/problems/remove-invalid-parentheses
Uber,362,Design Hit Counter,Medium,63.7%,0.41908233979999515,https://leetcode.com/problems/design-hit-counter
Uber,863,All Nodes Distance K in Binary Tree,Medium,55.4%,0.4169423860623174,https://leetcode.com/problems/all-nodes-distance-k-in-binary-tree
Uber,97,Interleaving String,Hard,31.5%,0.4167762826896874,https://leetcode.com/problems/interleaving-string
Uber,243,Shortest Word Distance,Easy,61.0%,0.41203384391389536,https://leetcode.com/problems/shortest-word-distance
Uber,130,Surrounded Regions,Medium,28.1%,0.41116654890890914,https://leetcode.com/problems/surrounded-regions
Uber,568,Maximum Vacation Days,Hard,40.8%,0.4036217896138752,https://leetcode.com/problems/maximum-vacation-days
Uber,53,Maximum Subarray,Easy,46.5%,0.3975151615275705,https://leetcode.com/problems/maximum-subarray
Uber,21,Merge Two Sorted Lists,Easy,53.5%,0.38844463176041194,https://leetcode.com/problems/merge-two-sorted-lists
Uber,1188,Design Bounded Blocking Queue,Medium,70.5%,0.3828597229337993,https://leetcode.com/problems/design-bounded-blocking-queue
Uber,39,Combination Sum,Medium,56.1%,0.38138852814402385,https://leetcode.com/problems/combination-sum
Uber,282,Expression Add Operators,Hard,35.5%,0.37930977098051977,https://leetcode.com/problems/expression-add-operators
Uber,279,Perfect Squares,Medium,47.4%,0.3741145782240884,https://leetcode.com/problems/perfect-squares
Uber,552,Student Attendance Record II,Hard,36.7%,0.37292635232139065,https://leetcode.com/problems/student-attendance-record-ii
Uber,759,Employee Free Time,Hard,66.3%,0.3704034385719028,https://leetcode.com/problems/employee-free-time
Uber,815,Bus Routes,Hard,42.5%,0.3449091275382815,https://leetcode.com/problems/bus-routes
Uber,805,Split Array With Same Average,Hard,26.4%,0.3416302106614813,https://leetcode.com/problems/split-array-with-same-average
Uber,895,Maximum Frequency Stack,Hard,60.6%,0.33520721431462625,https://leetcode.com/problems/maximum-frequency-stack
Uber,493,Reverse Pairs,Hard,25.2%,0.33395175639587793,https://leetcode.com/problems/reverse-pairs
Uber,399,Evaluate Division,Medium,51.6%,0.3338128467131867,https://leetcode.com/problems/evaluate-division
Uber,238,Product of Array Except Self,Medium,60.1%,0.332046078454996,https://leetcode.com/problems/product-of-array-except-self
Uber,5,Longest Palindromic Substring,Medium,29.5%,0.32616692072076214,https://leetcode.com/problems/longest-palindromic-substring
Uber,295,Find Median from Data Stream,Hard,44.3%,0.32347449067924283,https://leetcode.com/problems/find-median-from-data-stream
Uber,11,Container With Most Water,Medium,50.8%,0.3160977539241027,https://leetcode.com/problems/container-with-most-water
Uber,542,01 Matrix,Medium,39.8%,0.3127505293143989,https://leetcode.com/problems/01-matrix
Uber,315,Count of Smaller Numbers After Self,Hard,41.5%,0.30851522790511515,https://leetcode.com/problems/count-of-smaller-numbers-after-self
Uber,131,Palindrome Partitioning,Medium,47.5%,0.3001175559774547,https://leetcode.com/problems/palindrome-partitioning
Uber,311,Sparse Matrix Multiplication,Medium,61.9%,0.2957254800409785,https://leetcode.com/problems/sparse-matrix-multiplication
Uber,74,Search a 2D Matrix,Medium,36.5%,0.29107845681405486,https://leetcode.com/problems/search-a-2d-matrix
Uber,51,N-Queens,Hard,46.6%,0.28871459706597014,https://leetcode.com/problems/n-queens
Uber,161,One Edit Distance,Medium,32.3%,0.28698931177288023,https://leetcode.com/problems/one-edit-distance
Uber,121,Best Time to Buy and Sell Stock,Easy,50.5%,0.2868445347634817,https://leetcode.com/problems/best-time-to-buy-and-sell-stock
Uber,451,Sort Characters By Frequency,Medium,63.0%,0.285942725510602,https://leetcode.com/problems/sort-characters-by-frequency
Uber,1136,Parallel Courses,Hard,61.1%,0.2858421455297737,https://leetcode.com/problems/parallel-courses
Uber,699,Falling Squares,Hard,41.8%,0.2856138193877219,https://leetcode.com/problems/falling-squares
Uber,969,Pancake Sorting,Medium,67.5%,0.27343004974457946,https://leetcode.com/problems/pancake-sorting
Uber,348,Design Tic-Tac-Toe,Medium,54.3%,0.2625527836498761,https://leetcode.com/problems/design-tic-tac-toe
Uber,290,Word Pattern,Easy,37.0%,0.2601476821005732,https://leetcode.com/problems/word-pattern
Uber,33,Search in Rotated Sorted Array,Medium,34.5%,0.2561733762253273,https://leetcode.com/problems/search-in-rotated-sorted-array
Uber,432,All O`one Data Structure,Hard,32.4%,0.25091823176225275,https://leetcode.com/problems/all-oone-data-structure
Uber,977,Squares of a Sorted Array,Easy,72.1%,0.24816891888115009,https://leetcode.com/problems/squares-of-a-sorted-array
Uber,13,Roman to Integer,Easy,55.7%,0.24545840052279075,https://leetcode.com/problems/roman-to-integer
Uber,490,The Maze,Medium,51.4%,0.24202227192369596,https://leetcode.com/problems/the-maze
Uber,138,Copy List with Random Pointer,Medium,36.4%,0.2330001096609468,https://leetcode.com/problems/copy-list-with-random-pointer
Uber,652,Find Duplicate Subtrees,Medium,50.2%,0.23015822831359434,https://leetcode.com/problems/find-duplicate-subtrees
Uber,59,Spiral Matrix II,Medium,53.9%,0.22687712200146865,https://leetcode.com/problems/spiral-matrix-ii
Uber,420,Strong Password Checker,Hard,14.0%,0.22471711576164025,https://leetcode.com/problems/strong-password-checker
Uber,445,Add Two Numbers II,Medium,54.5%,0.22413561488763817,https://leetcode.com/problems/add-two-numbers-ii
Uber,46,Permutations,Medium,63.5%,0.21322871153926434,https://leetcode.com/problems/permutations
Uber,41,First Missing Positive,Hard,32.0%,0.20827230480570424,https://leetcode.com/problems/first-missing-positive
Uber,43,Multiply Strings,Medium,33.9%,0.20674898228580507,https://leetcode.com/problems/multiply-strings
Uber,934,Shortest Bridge,Medium,48.2%,0.20666322275821203,https://leetcode.com/problems/shortest-bridge
Uber,450,Delete Node in a BST,Medium,43.1%,0.2063522880195106,https://leetcode.com/problems/delete-node-in-a-bst
Uber,733,Flood Fill,Easy,55.3%,0.20573399741869788,https://leetcode.com/problems/flood-fill
Uber,954,Array of Doubled Pairs,Medium,35.6%,0.20294084399669032,https://leetcode.com/problems/array-of-doubled-pairs
Uber,140,Word Break II,Hard,32.6%,0.19849973124449666,https://leetcode.com/problems/word-break-ii
Uber,31,Next Permutation,Medium,32.6%,0.19579797845713617,https://leetcode.com/problems/next-permutation
Uber,767,Reorganize String,Medium,48.7%,0.1940772649823193,https://leetcode.com/problems/reorganize-string
Uber,283,Move Zeroes,Easy,57.8%,0.18960312780683863,https://leetcode.com/problems/move-zeroes
Uber,694,Number of Distinct Islands,Medium,56.0%,0.18924199963852842,https://leetcode.com/problems/number-of-distinct-islands
Uber,186,Reverse Words in a String II,Medium,43.3%,0.1887940712995721,https://leetcode.com/problems/reverse-words-in-a-string-ii
Uber,449,Serialize and Deserialize BST,Medium,52.0%,0.1860058460684763,https://leetcode.com/problems/serialize-and-deserialize-bst
Uber,438,Find All Anagrams in a String,Medium,43.3%,0.18564799141482685,https://leetcode.com/problems/find-all-anagrams-in-a-string
Uber,518,Coin Change 2,Medium,50.2%,0.18373876827436816,https://leetcode.com/problems/coin-change-2
Uber,486,Predict the Winner,Medium,47.9%,0.17647417648741714,https://leetcode.com/problems/predict-the-winner
Uber,135,Candy,Hard,31.6%,0.17296269248039503,https://leetcode.com/problems/candy
Uber,24,Swap Nodes in Pairs,Medium,50.4%,0.1729418749687828,https://leetcode.com/problems/swap-nodes-in-pairs
Uber,1278,Palindrome Partitioning III,Hard,59.9%,0.17284281283941086,https://leetcode.com/problems/palindrome-partitioning-iii
Uber,567,Permutation in String,Medium,44.4%,0.16931057302189864,https://leetcode.com/problems/permutation-in-string
Uber,198,House Robber,Easy,42.0%,0.16929591377679865,https://leetcode.com/problems/house-robber
Uber,69,Sqrt(x),Easy,33.9%,0.1690194941008683,https://leetcode.com/problems/sqrtx
Uber,75,Sort Colors,Medium,47.3%,0.1656671218888174,https://leetcode.com/problems/sort-colors
Uber,249,Group Shifted Strings,Medium,55.1%,0.16122347914767343,https://leetcode.com/problems/group-shifted-strings
Uber,211,Add and Search Word - Data structure design,Medium,38.1%,0.15519944762134272,https://leetcode.com/problems/add-and-search-word-data-structure-design
Uber,124,Binary Tree Maximum Path Sum,Hard,34.3%,0.15512094811323265,https://leetcode.com/problems/binary-tree-maximum-path-sum
Uber,979,Distribute Coins in Binary Tree,Medium,68.9%,0.15348688956060175,https://leetcode.com/problems/distribute-coins-in-binary-tree
Uber,722,Remove Comments,Medium,34.6%,0.1529693447814272,https://leetcode.com/problems/remove-comments
Uber,959,Regions Cut By Slashes,Medium,66.2%,0.1507867227152846,https://leetcode.com/problems/regions-cut-by-slashes
Uber,706,Design HashMap,Easy,61.3%,0.1476880076475794,https://leetcode.com/problems/design-hashmap
Uber,695,Max Area of Island,Medium,62.7%,0.1453113999428855,https://leetcode.com/problems/max-area-of-island
Uber,78,Subsets,Medium,62.0%,0.14504470601712524,https://leetcode.com/problems/subsets
Uber,210,Course Schedule II,Medium,40.7%,0.1438838393073597,https://leetcode.com/problems/course-schedule-ii
Uber,317,Shortest Distance from All Buildings,Hard,41.4%,0.14387423888417297,https://leetcode.com/problems/shortest-distance-from-all-buildings
Uber,40,Combination Sum II,Medium,48.2%,0.14322916392828683,https://leetcode.com/problems/combination-sum-ii
Uber,395,Longest Substring with At Least K Repeating Characters,Medium,41.4%,0.14261022668001652,https://leetcode.com/problems/longest-substring-with-at-least-k-repeating-characters
Uber,769,Max Chunks To Make Sorted,Medium,54.8%,0.14019808398271194,https://leetcode.com/problems/max-chunks-to-make-sorted
Uber,242,Valid Anagram,Easy,56.9%,0.13963976683590715,https://leetcode.com/problems/valid-anagram
Uber,855,Exam Room,Medium,43.1%,0.13804422079620546,https://leetcode.com/problems/exam-room
Uber,340,Longest Substring with At Most K Distinct Characters,Hard,44.1%,0.13652366061094043,https://leetcode.com/problems/longest-substring-with-at-most-k-distinct-characters
Uber,322,Coin Change,Medium,35.5%,0.13572462473832947,https://leetcode.com/problems/coin-change
Uber,255,Verify Preorder Sequence in Binary Search Tree,Medium,45.7%,0.1348842676899421,https://leetcode.com/problems/verify-preorder-sequence-in-binary-search-tree
Uber,981,Time Based Key-Value Store,Medium,53.1%,0.1316303182973487,https://leetcode.com/problems/time-based-key-value-store
Uber,118,Pascal's Triangle,Easy,52.5%,0.12852395589356347,https://leetcode.com/problems/pascals-triangle
Uber,968,Binary Tree Cameras,Hard,37.5%,0.12586422089000404,https://leetcode.com/problems/binary-tree-cameras
Uber,235,Lowest Common Ancestor of a Binary Search Tree,Easy,49.9%,0.12399764165657076,https://leetcode.com/problems/lowest-common-ancestor-of-a-binary-search-tree
Uber,621,Task Scheduler,Medium,50.1%,0.12387972474581618,https://leetcode.com/problems/task-scheduler
Uber,206,Reverse Linked List,Easy,62.5%,0.12378418901663191,https://leetcode.com/problems/reverse-linked-list
Uber,430,Flatten a Multilevel Doubly Linked List,Medium,55.1%,0.12213316890521433,https://leetcode.com/problems/flatten-a-multilevel-doubly-linked-list
Uber,230,Kth Smallest Element in a BST,Medium,60.2%,0.1210793254708764,https://leetcode.com/problems/kth-smallest-element-in-a-bst
Uber,228,Summary Ranges,Medium,39.5%,0.1207191114343526,https://leetcode.com/problems/summary-ranges
Uber,647,Palindromic Substrings,Medium,60.6%,0.1205091763778271,https://leetcode.com/problems/palindromic-substrings
Uber,460,LFU Cache,Hard,34.2%,0.11848160362052347,https://leetcode.com/problems/lfu-cache
Uber,6,ZigZag Conversion,Medium,36.3%,0.11677183708486526,https://leetcode.com/problems/zigzag-conversion
Uber,72,Edit Distance,Hard,44.8%,0.11629970881467097,https://leetcode.com/problems/edit-distance
Uber,70,Climbing Stairs,Easy,47.8%,0.11536054266386848,https://leetcode.com/problems/climbing-stairs
Uber,16,3Sum Closest,Medium,46.0%,0.11410404900826158,https://leetcode.com/problems/3sum-closest
Uber,229,Majority Element II,Medium,35.6%,0.11355198202632807,https://leetcode.com/problems/majority-element-ii
Uber,155,Min Stack,Easy,44.5%,0.11244000234885869,https://leetcode.com/problems/min-stack
Uber,889,Construct Binary Tree from Preorder and Postorder Traversal,Medium,66.2%,0.10711776476069794,https://leetcode.com/problems/construct-binary-tree-from-preorder-and-postorder-traversal
Uber,337,House Robber III,Medium,50.6%,0.10284435451079782,https://leetcode.com/problems/house-robber-iii
Uber,391,Perfect Rectangle,Hard,30.5%,0.10109611687136877,https://leetcode.com/problems/perfect-rectangle
Uber,101,Symmetric Tree,Easy,46.8%,0.09821350130564939,https://leetcode.com/problems/symmetric-tree
Uber,837,New 21 Game,Medium,34.6%,0.09646026618756222,https://leetcode.com/problems/new-21-game
Uber,752,Open the Lock,Medium,51.8%,0.09491410658218381,https://leetcode.com/problems/open-the-lock
Uber,827,Making A Large Island,Hard,45.7%,0.09287412500644375,https://leetcode.com/problems/making-a-large-island
Uber,826,Most Profit Assigning Work,Medium,38.5%,0.09287412500644375,https://leetcode.com/problems/most-profit-assigning-work
Uber,236,Lowest Common Ancestor of a Binary Tree,Medium,45.7%,0.0913825929084002,https://leetcode.com/problems/lowest-common-ancestor-of-a-binary-tree
Uber,266,Palindrome Permutation,Easy,61.9%,0.091248671465145,https://leetcode.com/problems/palindrome-permutation
Uber,62,Unique Paths,Medium,54.1%,0.08965185882136445,https://leetcode.com/problems/unique-paths
Uber,918,Maximum Sum Circular Subarray,Medium,33.7%,0.08881573371064024,https://leetcode.com/problems/maximum-sum-circular-subarray
Uber,692,Top K Frequent Words,Medium,51.8%,0.08839354721658145,https://leetcode.com/problems/top-k-frequent-words
Uber,7,Reverse Integer,Easy,25.8%,0.08735674450872549,https://leetcode.com/problems/reverse-integer
Uber,150,Evaluate Reverse Polish Notation,Medium,36.3%,0.08523043261863501,https://leetcode.com/problems/evaluate-reverse-polish-notation
Uber,564,Find the Closest Palindrome,Hard,19.7%,0.0840831172105414,https://leetcode.com/problems/find-the-closest-palindrome
Uber,909,Snakes and Ladders,Medium,38.4%,0.08392620769993404,https://leetcode.com/problems/snakes-and-ladders
Uber,646,Maximum Length of Pair Chain,Medium,51.9%,0.08112554481236843,https://leetcode.com/problems/maximum-length-of-pair-chain
Uber,376,Wiggle Subsequence,Medium,39.6%,0.08068891125014274,https://leetcode.com/problems/wiggle-subsequence
Uber,122,Best Time to Buy and Sell Stock II,Easy,57.0%,0.08066286273217169,https://leetcode.com/problems/best-time-to-buy-and-sell-stock-ii
Uber,347,Top K Frequent Elements,Medium,61.2%,0.08031715021385247,https://leetcode.com/problems/top-k-frequent-elements
Uber,55,Jump Game,Medium,34.6%,0.07748307858552587,https://leetcode.com/problems/jump-game
Uber,215,Kth Largest Element in an Array,Medium,55.4%,0.07620046088541414,https://leetcode.com/problems/kth-largest-element-in-an-array
Uber,468,Validate IP Address,Medium,24.1%,0.07598590697792203,https://leetcode.com/problems/validate-ip-address
Uber,416,Partition Equal Subset Sum,Medium,43.7%,0.07558685936624726,https://leetcode.com/problems/partition-equal-subset-sum
Uber,8,String to Integer (atoi),Medium,15.4%,0.07412832776627384,https://leetcode.com/problems/string-to-integer-atoi
Uber,437,Path Sum III,Medium,47.2%,0.07349765782290693,https://leetcode.com/problems/path-sum-iii
Uber,153,Find Minimum in Rotated Sorted Array,Medium,45.1%,0.07343579359779528,https://leetcode.com/problems/find-minimum-in-rotated-sorted-array
Uber,64,Minimum Path Sum,Medium,54.5%,0.07259220458870491,https://leetcode.com/problems/minimum-path-sum
Uber,378,Kth Smallest Element in a Sorted Matrix,Medium,54.3%,0.07059096970081927,https://leetcode.com/problems/kth-smallest-element-in-a-sorted-matrix
Uber,973,K Closest Points to Origin,Medium,63.8%,0.06852953312583007,https://leetcode.com/problems/k-closest-points-to-origin
Uber,1011,Capacity To Ship Packages Within D Days,Medium,58.1%,0.06649420875558125,https://leetcode.com/problems/capacity-to-ship-packages-within-d-days
Uber,277,Find the Celebrity,Medium,41.8%,0.06562120535847293,https://leetcode.com/problems/find-the-celebrity
Uber,298,Binary Tree Longest Consecutive Sequence,Medium,47.1%,0.065169635074581,https://leetcode.com/problems/binary-tree-longest-consecutive-sequence
Uber,334,Increasing Triplet Subsequence,Medium,40.0%,0.06274107505168265,https://leetcode.com/problems/increasing-triplet-subsequence
Uber,300,Longest Increasing Subsequence,Medium,42.6%,0.06265630749555627,https://leetcode.com/problems/longest-increasing-subsequence
Uber,189,Rotate Array,Easy,34.7%,0.06260600694223208,https://leetcode.com/problems/rotate-array
Uber,1171,Remove Zero Sum Consecutive Nodes from Linked List,Medium,41.4%,0.06025919151819684,https://leetcode.com/problems/remove-zero-sum-consecutive-nodes-from-linked-list
Uber,88,Merge Sorted Array,Easy,39.4%,0.059258174101133876,https://leetcode.com/problems/merge-sorted-array
Uber,47,Permutations II,Medium,46.4%,0.05897935516253239,https://leetcode.com/problems/permutations-ii
Uber,102,Binary Tree Level Order Traversal,Medium,54.6%,0.056692473087026664,https://leetcode.com/problems/binary-tree-level-order-traversal
Uber,1038,Binary Search Tree to Greater Sum Tree,Medium,80.8%,0.05637058926920947,https://leetcode.com/problems/binary-search-tree-to-greater-sum-tree
Uber,162,Find Peak Element,Medium,43.3%,0.05575061760504993,https://leetcode.com/problems/find-peak-element
Uber,983,Minimum Cost For Tickets,Medium,60.5%,0.05469163590186561,https://leetcode.com/problems/minimum-cost-for-tickets
Uber,1229,Meeting Scheduler,Medium,52.7%,0.053560323833736816,https://leetcode.com/problems/meeting-scheduler
Uber,829,Consecutive Numbers Sum,Hard,37.5%,0.05341723749698583,https://leetcode.com/problems/consecutive-numbers-sum
Uber,601,Human Traffic of Stadium,Hard,41.7%,0.05223119222544569,https://leetcode.com/problems/human-traffic-of-stadium
Uber,791,Custom Sort String,Medium,65.7%,0.05164658886216683,https://leetcode.com/problems/custom-sort-string
Uber,560,Subarray Sum Equals K,Medium,43.9%,0.0512021569656579,https://leetcode.com/problems/subarray-sum-equals-k
Uber,648,Replace Words,Medium,56.6%,0.051162052179868224,https://leetcode.com/problems/replace-words
Uber,740,Delete and Earn,Medium,48.6%,0.05109668266230467,https://leetcode.com/problems/delete-and-earn
Uber,344,Reverse String,Easy,68.5%,0.051072212148151434,https://leetcode.com/problems/reverse-string
Uber,681,Next Closest Time,Medium,45.0%,0.05045206096038863,https://leetcode.com/problems/next-closest-time
Uber,199,Binary Tree Right Side View,Medium,54.1%,0.05001737032794516,https://leetcode.com/problems/binary-tree-right-side-view
Uber,398,Random Pick Index,Medium,56.0%,0.04900272661044917,https://leetcode.com/problems/random-pick-index
Uber,547,Friend Circles,Medium,58.6%,0.04804286211474039,https://leetcode.com/problems/friend-circles
Uber,1019,Next Greater Node In Linked List,Medium,57.4%,0.04795804429616222,https://leetcode.com/problems/next-greater-node-in-linked-list
Uber,1385,Find the Distance Value Between Two Arrays,Easy,67.0%,0.04668292188270772,https://leetcode.com/problems/find-the-distance-value-between-two-arrays
Uber,670,Maximum Swap,Medium,43.6%,0.04630456804168632,https://leetcode.com/problems/maximum-swap
Uber,98,Validate Binary Search Tree,Medium,27.8%,0.046091107200267,https://leetcode.com/problems/validate-binary-search-tree
Uber,48,Rotate Image,Medium,56.7%,0.04495138786226632,https://leetcode.com/problems/rotate-image
Uber,232,Implement Queue using Stacks,Easy,49.6%,0.04423053722733957,https://leetcode.com/problems/implement-queue-using-stacks
Uber,338,Counting Bits,Medium,69.5%,0.0428445715346785,https://leetcode.com/problems/counting-bits
Uber,611,Valid Triangle Number,Medium,48.4%,0.04255961441879593,https://leetcode.com/problems/valid-triangle-number
Uber,114,Flatten Binary Tree to Linked List,Medium,49.3%,0.04234332805480797,https://leetcode.com/problems/flatten-binary-tree-to-linked-list
Uber,739,Daily Temperatures,Medium,63.3%,0.03954060923825168,https://leetcode.com/problems/daily-temperatures
Uber,66,Plus One,Easy,43.0%,0.039245846990968294,https://leetcode.com/problems/plus-one
Uber,992,Subarrays with K Different Integers,Hard,48.6%,0.03700699810869683,https://leetcode.com/problems/subarrays-with-k-different-integers
Uber,729,My Calendar I,Medium,51.8%,0.036433902246102004,https://leetcode.com/problems/my-calendar-i
Uber,125,Valid Palindrome,Easy,36.7%,0.035266657982323354,https://leetcode.com/problems/valid-palindrome
Uber,152,Maximum Product Subarray,Medium,31.7%,0.034438665054543384,https://leetcode.com/problems/maximum-product-subarray
Uber,177,Nth Highest Salary,Medium,31.4%,0.032054026290083464,https://leetcode.com/problems/nth-highest-salary
Uber,1146,Snapshot Array,Medium,37.0%,0.0317991816929387,https://leetcode.com/problems/snapshot-array
Uber,1091,Shortest Path in Binary Matrix,Medium,38.2%,0.03164821095078173,https://leetcode.com/problems/shortest-path-in-binary-matrix
Uber,339,Nested List Weight Sum,Easy,74.0%,0.02960986116720276,https://leetcode.com/problems/nested-list-weight-sum
Uber,671,Second Minimum Node In a Binary Tree,Easy,42.7%,0.02958795718549609,https://leetcode.com/problems/second-minimum-node-in-a-binary-tree
Uber,264,Ugly Number II,Medium,42.0%,0.025923110599373623,https://leetcode.com/problems/ugly-number-ii
Uber,104,Maximum Depth of Binary Tree,Easy,66.0%,0.024815169119723996,https://leetcode.com/problems/maximum-depth-of-binary-tree
Uber,426,Convert Binary Search Tree to Sorted Doubly Linked List,Medium,59.1%,0.024214258120594613,https://leetcode.com/problems/convert-binary-search-tree-to-sorted-doubly-linked-list
Uber,662,Maximum Width of Binary Tree,Medium,41.0%,0.024116924478312346,https://leetcode.com/problems/maximum-width-of-binary-tree
Uber,844,Backspace String Compare,Easy,46.4%,0.0235551325028849,https://leetcode.com/problems/backspace-string-compare
Uber,50,Pow(x;n),Medium,30.3%,0.022194620516948222,https://leetcode.com/problems/powx-n
Uber,278,First Bad Version,Easy,35.7%,0.021394050366625766,https://leetcode.com/problems/first-bad-version
Uber,45,Jump Game II,Hard,30.6%,0.021353124470568974,https://leetcode.com/problems/jump-game-ii
Uber,350,Intersection of Two Arrays II,Easy,51.4%,0.020680587107206983,https://leetcode.com/problems/intersection-of-two-arrays-ii
Uber,26,Remove Duplicates from Sorted Array,Easy,45.1%,0.017426260234777304,https://leetcode.com/problems/remove-duplicates-from-sorted-array
Uber,299,Bulls and Cows,Easy,42.4%,0.016227536621756702,https://leetcode.com/problems/bulls-and-cows
Uber,516,Longest Palindromic Subsequence,Medium,53.2%,0.014931221774984842,https://leetcode.com/problems/longest-palindromic-subsequence
Uber,202,Happy Number,Easy,50.4%,0.014045174703047602,https://leetcode.com/problems/happy-number
Uber,581,Shortest Unsorted Continuous Subarray,Easy,31.1%,0.013342426083839913,https://leetcode.com/problems/shortest-unsorted-continuous-subarray
Uber,154,Find Minimum in Rotated Sorted Array II,Hard,41.6%,0.013222109274363887,https://leetcode.com/problems/find-minimum-in-rotated-sorted-array-ii
Uber,852,Peak Index in a Mountain Array,Easy,71.6%,0.012618463959211509,https://leetcode.com/problems/peak-index-in-a-mountain-array
Uber,941,Valid Mountain Array,Easy,33.2%,0.011139073683009305,https://leetcode.com/problems/valid-mountain-array
Uber,94,Binary Tree Inorder Traversal,Medium,63.3%,0.007533307577636257,https://leetcode.com/problems/binary-tree-inorder-traversal
Uber,145,Binary Tree Postorder Traversal,Hard,55.0%,0.00751459482064135,https://leetcode.com/problems/binary-tree-postorder-traversal
Uber,349,Intersection of Two Arrays,Easy,62.5%,0.00725034896230682,https://leetcode.com/problems/intersection-of-two-arrays
Uber,203,Remove Linked List Elements,Easy,38.6%,0.006479067005887776,https://leetcode.com/problems/remove-linked-list-elements
Uber,690,Employee Importance,Easy,57.3%,0,https://leetcode.com/problems/employee-importance
Uber,171,Excel Sheet Column Number,Easy,55.9%,0,https://leetcode.com/problems/excel-sheet-column-number
Uber,373,Find K Pairs with Smallest Sums,Medium,36.7%,0,https://leetcode.com/problems/find-k-pairs-with-smallest-sums
Uber,735,Asteroid Collision,Medium,41.0%,0,https://leetcode.com/problems/asteroid-collision
Uber,710,Random Pick with Blacklist,Hard,32.5%,0,https://leetcode.com/problems/random-pick-with-blacklist
Uber,1064,Fixed Point,Easy,66.5%,0,https://leetcode.com/problems/fixed-point
Uber,1039,Minimum Score Triangulation of Polygon,Medium,49.1%,0,https://leetcode.com/problems/minimum-score-triangulation-of-polygon
Uber,1334,Find the City With the Smallest Number of Neighbors at a Threshold Distance,Medium,44.5%,0,https://leetcode.com/problems/find-the-city-with-the-smallest-number-of-neighbors-at-a-threshold-distance
Uber,1400,Construct K Palindrome Strings,Medium,60.4%,0,https://leetcode.com/problems/construct-k-palindrome-strings
Uber,1462,Course Schedule IV,Medium,41.9%,0,https://leetcode.com/problems/course-schedule-iv
Spotify,128,Longest Consecutive Sequence,Hard,45.1%,0.12090519978650899,https://leetcode.com/problems/longest-consecutive-sequence
Spotify,383,Ransom Note,Easy,53.1%,0.1053605156578263,https://leetcode.com/problems/ransom-note
Spotify,286,Walls and Gates,Medium,54.5%,0.089897664246389,https://leetcode.com/problems/walls-and-gates
Spotify,480,Sliding Window Median,Hard,37.2%,0.0743529801177063,https://leetcode.com/problems/sliding-window-median
Spotify,20,Valid Parentheses,Easy,39.0%,0.06735240264428982,https://leetcode.com/problems/valid-parentheses
Spotify,22,Generate Parentheses,Medium,62.7%,0.05215612134598845,https://leetcode.com/problems/generate-parentheses
Spotify,146,LRU Cache,Medium,33.2%,0.040660598211268925,https://leetcode.com/problems/lru-cache
Spotify,215,Kth Largest Element in an Array,Medium,55.4%,0.03458557964977998,https://leetcode.com/problems/kth-largest-element-in-an-array
Spotify,443,String Compression,Easy,41.3%,0.031026273563100573,https://leetcode.com/problems/string-compression
Spotify,66,Plus One,Easy,43.0%,0.028982869090985654,https://leetcode.com/problems/plus-one
Spotify,200,Number of Islands,Medium,46.8%,0.025712029212602353,https://leetcode.com/problems/number-of-islands
Spotify,784,Letter Case Permutation,Medium,64.6%,0.02026411791905559,https://leetcode.com/problems/letter-case-permutation
Spotify,127,Word Ladder,Medium,29.6%,0.013403030127340374,https://leetcode.com/problems/word-ladder
Spotify,3,Longest Substring Without Repeating Characters,Medium,30.4%,0.009683242444739549,https://leetcode.com/problems/longest-substring-without-repeating-characters
Spotify,206,Reverse Linked List,Easy,62.5%,0.009326794511974934,https://leetcode.com/problems/reverse-linked-list
Spotify,1,Two Sum,Easy,45.6%,0.0073613942765888805,https://leetcode.com/problems/two-sum
Spotify,412,Fizz Buzz,Easy,62.3%,0.007165921026143679,https://leetcode.com/problems/fizz-buzz
Spotify,347,Top K Frequent Elements,Medium,61.2%,0.0033396446491217604,https://leetcode.com/problems/top-k-frequent-elements
LinkedIn,244,Shortest Word Distance II,Medium,52.3%,6.080030276326555,https://leetcode.com/problems/shortest-word-distance-ii
LinkedIn,364,Nested List Weight Sum II,Medium,62.8%,5.858903208882962,https://leetcode.com/problems/nested-list-weight-sum-ii
LinkedIn,170,Two Sum III - Data structure design,Easy,33.5%,5.339976985176443,https://leetcode.com/problems/two-sum-iii-data-structure-design
LinkedIn,339,Nested List Weight Sum,Easy,74.0%,4.821050761469923,https://leetcode.com/problems/nested-list-weight-sum
LinkedIn,272,Closest Binary Search Tree Value II,Hard,50.5%,4.69866052907543,https://leetcode.com/problems/closest-binary-search-tree-value-ii
LinkedIn,156,Binary Tree Upside Down,Medium,55.0%,4.677621857655682,https://leetcode.com/problems/binary-tree-upside-down
LinkedIn,716,Max Stack,Easy,42.6%,4.158695633949162,https://leetcode.com/problems/max-stack
LinkedIn,254,Factor Combinations,Medium,46.7%,4.042679900269238,https://leetcode.com/problems/factor-combinations
LinkedIn,243,Shortest Word Distance,Easy,61.0%,4.033402295442248,https://leetcode.com/problems/shortest-word-distance
LinkedIn,366,Find Leaves of Binary Tree,Medium,70.6%,3.8874042537463542,https://leetcode.com/problems/find-leaves-of-binary-tree
LinkedIn,256,Paint House,Easy,52.1%,3.830168081045509,https://leetcode.com/problems/paint-house
LinkedIn,265,Paint House II,Hard,44.6%,3.643918157363893,https://leetcode.com/problems/paint-house-ii
LinkedIn,149,Max Points on a Line,Hard,16.9%,3.593946561618369,https://leetcode.com/problems/max-points-on-a-line
LinkedIn,65,Valid Number,Hard,15.3%,3.4859422228274832,https://leetcode.com/problems/valid-number
LinkedIn,605,Can Place Flowers,Easy,31.6%,3.393038148985481,https://leetcode.com/problems/can-place-flowers
LinkedIn,380,Insert Delete GetRandom O(1),Medium,47.5%,3.226132922031484,https://leetcode.com/problems/insert-delete-getrandom-o1
LinkedIn,432,All O`one Data Structure,Hard,32.4%,3.182278405836062,https://leetcode.com/problems/all-oone-data-structure
LinkedIn,68,Text Justification,Hard,27.7%,3.1683420251214285,https://leetcode.com/problems/text-justification
LinkedIn,341,Flatten Nested List Iterator,Medium,52.9%,2.8560409644057407,https://leetcode.com/problems/flatten-nested-list-iterator
LinkedIn,150,Evaluate Reverse Polish Notation,Medium,36.3%,2.7457641678571494,https://leetcode.com/problems/evaluate-reverse-polish-notation
LinkedIn,205,Isomorphic Strings,Easy,39.8%,2.6687791722177048,https://leetcode.com/problems/isomorphic-strings
LinkedIn,245,Shortest Word Distance III,Medium,55.3%,2.4804776643766675,https://leetcode.com/problems/shortest-word-distance-iii
LinkedIn,297,Serialize and Deserialize Binary Tree,Hard,47.5%,2.4208730516603993,https://leetcode.com/problems/serialize-and-deserialize-binary-tree
LinkedIn,261,Graph Valid Tree,Medium,42.2%,2.361420232509446,https://leetcode.com/problems/graph-valid-tree
LinkedIn,611,Valid Triangle Number,Medium,48.4%,2.3166166237983035,https://leetcode.com/problems/valid-triangle-number
LinkedIn,730,Count Different Palindromic Subsequences,Hard,41.8%,2.3008291662917806,https://leetcode.com/problems/count-different-palindromic-subsequences
LinkedIn,53,Maximum Subarray,Easy,46.5%,2.234231225147922,https://leetcode.com/problems/maximum-subarray
LinkedIn,187,Repeated DNA Sequences,Medium,38.9%,2.1034320303164904,https://leetcode.com/problems/repeated-dna-sequences
LinkedIn,698,Partition to K Equal Sum Subsets,Medium,45.0%,2.0188752204026974,https://leetcode.com/problems/partition-to-k-equal-sum-subsets
LinkedIn,152,Maximum Product Subarray,Medium,31.7%,2.012330220619989,https://leetcode.com/problems/maximum-product-subarray
LinkedIn,72,Edit Distance,Hard,44.8%,1.77034719073246,https://leetcode.com/problems/edit-distance
LinkedIn,200,Number of Islands,Medium,46.8%,1.7486397840620904,https://leetcode.com/problems/number-of-islands
LinkedIn,277,Find the Celebrity,Medium,41.8%,1.6753413644780486,https://leetcode.com/problems/find-the-celebrity
LinkedIn,56,Merge Intervals,Medium,39.3%,1.660437199438034,https://leetcode.com/problems/merge-intervals
LinkedIn,516,Longest Palindromic Subsequence,Medium,53.2%,1.6283626316034112,https://leetcode.com/problems/longest-palindromic-subsequence
LinkedIn,671,Second Minimum Node In a Binary Tree,Easy,42.7%,1.6037158670068572,https://leetcode.com/problems/second-minimum-node-in-a-binary-tree
LinkedIn,76,Minimum Window Substring,Hard,34.6%,1.5906343171159958,https://leetcode.com/problems/minimum-window-substring
LinkedIn,464,Can I Win,Medium,28.8%,1.506328285095676,https://leetcode.com/problems/can-i-win
LinkedIn,236,Lowest Common Ancestor of a Binary Tree,Medium,45.7%,1.4917287074839412,https://leetcode.com/problems/lowest-common-ancestor-of-a-binary-tree
LinkedIn,12,Integer to Roman,Medium,55.1%,1.4878558960006285,https://leetcode.com/problems/integer-to-roman
LinkedIn,373,Find K Pairs with Smallest Sums,Medium,36.7%,1.4398887318809226,https://leetcode.com/problems/find-k-pairs-with-smallest-sums
LinkedIn,235,Lowest Common Ancestor of a Binary Search Tree,Easy,49.9%,1.4200618278990031,https://leetcode.com/problems/lowest-common-ancestor-of-a-binary-search-tree
LinkedIn,102,Binary Tree Level Order Traversal,Medium,54.6%,1.4026563080569336,https://leetcode.com/problems/binary-tree-level-order-traversal
LinkedIn,381,Insert Delete GetRandom O(1) - Duplicates allowed,Hard,34.1%,1.4015377574600891,https://leetcode.com/problems/insert-delete-getrandom-o1-duplicates-allowed
LinkedIn,1,Two Sum,Easy,45.6%,1.3998908606433091,https://leetcode.com/problems/two-sum
LinkedIn,50,Pow(x;n),Medium,30.3%,1.295878904893276,https://leetcode.com/problems/powx-n
LinkedIn,33,Search in Rotated Sorted Array,Medium,34.5%,1.2373938135133047,https://leetcode.com/problems/search-in-rotated-sorted-array
LinkedIn,20,Valid Parentheses,Easy,39.0%,1.2333689145339155,https://leetcode.com/problems/valid-parentheses
LinkedIn,273,Integer to English Words,Hard,27.1%,1.2185425385498858,https://leetcode.com/problems/integer-to-english-words
LinkedIn,34,Find First and Last Position of Element in Sorted Array,Medium,36.2%,1.2091842728345334,https://leetcode.com/problems/find-first-and-last-position-of-element-in-sorted-array
LinkedIn,127,Word Ladder,Medium,29.6%,1.1879531176262481,https://leetcode.com/problems/word-ladder
LinkedIn,57,Insert Interval,Hard,33.5%,1.1730267742341929,https://leetcode.com/problems/insert-interval
LinkedIn,636,Exclusive Time of Functions,Medium,51.9%,1.1392005862073036,https://leetcode.com/problems/exclusive-time-of-functions
LinkedIn,384,Shuffle an Array,Medium,52.8%,0.991100943542345,https://leetcode.com/problems/shuffle-an-array
LinkedIn,1117,Building H2O,Medium,52.6%,0.9829600869737358,https://leetcode.com/problems/building-h2o
LinkedIn,69,Sqrt(x),Easy,33.9%,0.9425416082510271,https://leetcode.com/problems/sqrtx
LinkedIn,146,LRU Cache,Medium,33.2%,0.9138670478439253,https://leetcode.com/problems/lru-cache
LinkedIn,46,Permutations,Medium,63.5%,0.8944850434890723,https://leetcode.com/problems/permutations
LinkedIn,655,Print Binary Tree,Medium,55.0%,0.8942200477548448,https://leetcode.com/problems/print-binary-tree
LinkedIn,13,Roman to Integer,Easy,55.7%,0.8933962612312258,https://leetcode.com/problems/roman-to-integer
LinkedIn,744,Find Smallest Letter Greater Than Target,Easy,45.4%,0.8539612853364241,https://leetcode.com/problems/find-smallest-letter-greater-than-target
LinkedIn,215,Kth Largest Element in an Array,Medium,55.4%,0.7561265689929935,https://leetcode.com/problems/kth-largest-element-in-an-array
LinkedIn,449,Serialize and Deserialize BST,Medium,52.0%,0.7481106198504164,https://leetcode.com/problems/serialize-and-deserialize-bst
LinkedIn,715,Range Module,Hard,38.5%,0.7472144018302211,https://leetcode.com/problems/range-module
LinkedIn,296,Best Meeting Point,Hard,57.5%,0.7267024804081622,https://leetcode.com/problems/best-meeting-point
LinkedIn,1188,Design Bounded Blocking Queue,Medium,70.5%,0.7176264446447249,https://leetcode.com/problems/design-bounded-blocking-queue
LinkedIn,460,LFU Cache,Hard,34.2%,0.668474221864485,https://leetcode.com/problems/lfu-cache
LinkedIn,126,Word Ladder II,Hard,22.1%,0.6364159003926323,https://leetcode.com/problems/word-ladder-ii
LinkedIn,160,Intersection of Two Linked Lists,Easy,40.6%,0.6045153022014824,https://leetcode.com/problems/intersection-of-two-linked-lists
LinkedIn,101,Symmetric Tree,Easy,46.8%,0.5986256023076202,https://leetcode.com/problems/symmetric-tree
LinkedIn,879,Profitable Schemes,Hard,39.8%,0.5560675878793254,https://leetcode.com/problems/profitable-schemes
LinkedIn,47,Permutations II,Medium,46.4%,0.5319853456599372,https://leetcode.com/problems/permutations-ii
LinkedIn,104,Maximum Depth of Binary Tree,Easy,66.0%,0.513251489692768,https://leetcode.com/problems/maximum-depth-of-binary-tree
LinkedIn,706,Design HashMap,Easy,61.3%,0.49262383645737706,https://leetcode.com/problems/design-hashmap
LinkedIn,412,Fizz Buzz,Easy,62.3%,0.4590212125771265,https://leetcode.com/problems/fizz-buzz
LinkedIn,311,Sparse Matrix Multiplication,Medium,61.9%,0.4503238876572249,https://leetcode.com/problems/sparse-matrix-multiplication
LinkedIn,8,String to Integer (atoi),Medium,15.4%,0.407141925712164,https://leetcode.com/problems/string-to-integer-atoi
LinkedIn,739,Daily Temperatures,Medium,63.3%,0.40150804127350803,https://leetcode.com/problems/daily-temperatures
LinkedIn,323,Number of Connected Components in an Undirected Graph,Medium,56.0%,0.32984288327605893,https://leetcode.com/problems/number-of-connected-components-in-an-undirected-graph
LinkedIn,367,Valid Perfect Square,Easy,41.7%,0.3203744341373232,https://leetcode.com/problems/valid-perfect-square
LinkedIn,61,Rotate List,Medium,30.0%,0.3068243673566749,https://leetcode.com/problems/rotate-list
LinkedIn,349,Intersection of Two Arrays,Easy,62.5%,0.3049506996831345,https://leetcode.com/problems/intersection-of-two-arrays
LinkedIn,23,Merge k Sorted Lists,Hard,40.2%,0.28430175890527876,https://leetcode.com/problems/merge-k-sorted-lists
LinkedIn,547,Friend Circles,Medium,58.6%,0.2681916080548848,https://leetcode.com/problems/friend-circles
LinkedIn,450,Delete Node in a BST,Medium,43.1%,0.2618604317292985,https://leetcode.com/problems/delete-node-in-a-bst
LinkedIn,470,Implement Rand10() Using Rand7(),Medium,46.3%,0.2553466918088445,https://leetcode.com/problems/implement-rand10-using-rand7
LinkedIn,173,Binary Search Tree Iterator,Medium,56.6%,0.22943234572951865,https://leetcode.com/problems/binary-search-tree-iterator
LinkedIn,796,Rotate String,Easy,49.6%,0.22026466797690847,https://leetcode.com/problems/rotate-string
LinkedIn,528,Random Pick with Weight,Medium,43.9%,0.21436399542669993,https://leetcode.com/problems/random-pick-with-weight
LinkedIn,322,Coin Change,Medium,35.5%,0.20468224088850068,https://leetcode.com/problems/coin-change
LinkedIn,40,Combination Sum II,Medium,48.2%,0.1780616138489939,https://leetcode.com/problems/combination-sum-ii
LinkedIn,88,Merge Sorted Array,Easy,39.4%,0.17642540243837188,https://leetcode.com/problems/merge-sorted-array
LinkedIn,721,Accounts Merge,Medium,48.8%,0.15836350116973763,https://leetcode.com/problems/accounts-merge
LinkedIn,155,Min Stack,Easy,44.5%,0.15817175770099312,https://leetcode.com/problems/min-stack
LinkedIn,1148,Article Views I,Easy,75.8%,0.15441568579144338,https://leetcode.com/problems/article-views-i
LinkedIn,39,Combination Sum,Medium,56.1%,0.1339254107186325,https://leetcode.com/problems/combination-sum
LinkedIn,428,Serialize and Deserialize N-ary Tree,Hard,59.4%,0.13313574474596881,https://leetcode.com/problems/serialize-and-deserialize-n-ary-tree
LinkedIn,54,Spiral Matrix,Medium,34.1%,0.12572728493821236,https://leetcode.com/problems/spiral-matrix
LinkedIn,1042,Flower Planting With No Adjacent,Easy,48.5%,0.125457954276896,https://leetcode.com/problems/flower-planting-with-no-adjacent
LinkedIn,21,Merge Two Sorted Lists,Easy,53.5%,0.11955628018646022,https://leetcode.com/problems/merge-two-sorted-lists
LinkedIn,75,Sort Colors,Medium,47.3%,0.11789425180508288,https://leetcode.com/problems/sort-colors
LinkedIn,103,Binary Tree Zigzag Level Order Traversal,Medium,48.3%,0.11648551004070631,https://leetcode.com/problems/binary-tree-zigzag-level-order-traversal
LinkedIn,451,Sort Characters By Frequency,Medium,63.0%,0.11258362132121401,https://leetcode.com/problems/sort-characters-by-frequency
LinkedIn,973,K Closest Points to Origin,Medium,63.8%,0.11087510283099485,https://leetcode.com/problems/k-closest-points-to-origin
LinkedIn,198,House Robber,Easy,42.0%,0.10785152815546674,https://leetcode.com/problems/house-robber
LinkedIn,1028,Recover a Tree From Preorder Traversal,Hard,69.9%,0.10734155493596446,https://leetcode.com/problems/recover-a-tree-from-preorder-traversal
LinkedIn,238,Product of Array Except Self,Medium,60.1%,0.09390398065367858,https://leetcode.com/problems/product-of-array-except-self
LinkedIn,833,Find And Replace in String,Medium,50.4%,0.08751937801655657,https://leetcode.com/problems/find-and-replace-in-string
LinkedIn,100,Same Tree,Easy,53.4%,0.08633894223670877,https://leetcode.com/problems/same-tree
LinkedIn,350,Intersection of Two Arrays II,Easy,51.4%,0.08027374155116185,https://leetcode.com/problems/intersection-of-two-arrays-ii
LinkedIn,133,Clone Graph,Medium,34.8%,0.07095173597228444,https://leetcode.com/problems/clone-graph
LinkedIn,270,Closest Binary Search Tree Value,Easy,48.5%,0.06680279511160087,https://leetcode.com/problems/closest-binary-search-tree-value
LinkedIn,98,Validate Binary Search Tree,Medium,27.8%,0.057985181512132535,https://leetcode.com/problems/validate-binary-search-tree
LinkedIn,362,Design Hit Counter,Medium,63.7%,0.05622967649867821,https://leetcode.com/problems/design-hit-counter
LinkedIn,981,Time Based Key-Value Store,Medium,53.1%,0.049406315387071284,https://leetcode.com/problems/time-based-key-value-store
LinkedIn,121,Best Time to Buy and Sell Stock,Easy,50.5%,0.04215422741819192,https://leetcode.com/problems/best-time-to-buy-and-sell-stock
LinkedIn,647,Palindromic Substrings,Medium,60.6%,0.040968350772541844,https://leetcode.com/problems/palindromic-substrings
LinkedIn,141,Linked List Cycle,Easy,41.1%,0.031012908394529512,https://leetcode.com/problems/linked-list-cycle
LinkedIn,240,Search a 2D Matrix II,Medium,43.2%,0.02999287612403949,https://leetcode.com/problems/search-a-2d-matrix-ii
LinkedIn,692,Top K Frequent Words,Medium,51.8%,0.029730915184679466,https://leetcode.com/problems/top-k-frequent-words
LinkedIn,987,Vertical Order Traversal of a Binary Tree,Medium,36.6%,0.025915645579833068,https://leetcode.com/problems/vertical-order-traversal-of-a-binary-tree
LinkedIn,387,First Unique Character in a String,Easy,53.4%,0.02587600384690711,https://leetcode.com/problems/first-unique-character-in-a-string
LinkedIn,785,Is Graph Bipartite?,Medium,47.5%,0.02510592113107633,https://leetcode.com/problems/is-graph-bipartite
LinkedIn,70,Climbing Stairs,Easy,47.8%,0.023866591309041507,https://leetcode.com/problems/climbing-stairs
LinkedIn,113,Path Sum II,Medium,46.7%,0.021882711249507664,https://leetcode.com/problems/path-sum-ii
LinkedIn,359,Logger Rate Limiter,Easy,70.8%,0.021053409197832343,https://leetcode.com/problems/logger-rate-limiter
LinkedIn,207,Course Schedule,Medium,43.1%,0.019709926055136454,https://leetcode.com/problems/course-schedule
LinkedIn,347,Top K Frequent Elements,Medium,61.2%,0.018049036874660983,https://leetcode.com/problems/top-k-frequent-elements
LinkedIn,79,Word Search,Medium,35.6%,0.014883688014740005,https://leetcode.com/problems/word-search
LinkedIn,142,Linked List Cycle II,Medium,37.3%,0.014710955064667802,https://leetcode.com/problems/linked-list-cycle-ii
LinkedIn,560,Subarray Sum Equals K,Medium,43.9%,0.009603146783199741,https://leetcode.com/problems/subarray-sum-equals-k
LinkedIn,279,Perfect Squares,Medium,47.4%,0.009216655104924008,https://leetcode.com/problems/perfect-squares
LinkedIn,125,Valid Palindrome,Easy,36.7%,0.008933948641551634,https://leetcode.com/problems/valid-palindrome
LinkedIn,515,Find Largest Value in Each Tree Row,Medium,61.1%,0,https://leetcode.com/problems/find-largest-value-in-each-tree-row
LinkedIn,633,Sum of Square Numbers,Easy,32.2%,0,https://leetcode.com/problems/sum-of-square-numbers
LinkedIn,946,Validate Stack Sequences,Medium,61.9%,0,https://leetcode.com/problems/validate-stack-sequences
LinkedIn,1107,New Users Daily Count,Medium,45.1%,0,https://leetcode.com/problems/new-users-daily-count
LinkedIn,1127,User Purchase Platform,Hard,48.9%,0,https://leetcode.com/problems/user-purchase-platform
LinkedIn,1149,Article Views II,Medium,48.2%,0,https://leetcode.com/problems/article-views-ii
LinkedIn,1343,Number of Sub-arrays of Size K and Average Greater than or Equal to Threshold,Medium,64.2%,0,https://leetcode.com/problems/number-of-sub-arrays-of-size-k-and-average-greater-than-or-equal-to-threshold
Nvidia,206,Reverse Linked List,Easy,62.5%,0.13873591368953625,https://leetcode.com/problems/reverse-linked-list
Nvidia,33,Search in Rotated Sorted Array,Medium,34.5%,0.1101693809658871,https://leetcode.com/problems/search-in-rotated-sorted-array
Nvidia,223,Rectangle Area,Medium,37.8%,0.10064352577968744,https://leetcode.com/problems/rectangle-area
Nvidia,146,LRU Cache,Medium,33.2%,0.08926627755405464,https://leetcode.com/problems/lru-cache
Nvidia,48,Rotate Image,Medium,56.7%,0.06069974483040549,https://leetcode.com/problems/rotate-image
Nvidia,231,Power of Two,Easy,43.7%,0.059357559503279325,https://leetcode.com/problems/power-of-two
Nvidia,200,Number of Islands,Medium,46.8%,0.05694938541936198,https://leetcode.com/problems/number-of-islands
Nvidia,706,Design HashMap,Easy,61.3%,0.039016652342451774,https://leetcode.com/problems/design-hashmap
Nvidia,939,Minimum Area Rectangle,Medium,51.8%,0.03802739558923925,https://leetcode.com/problems/minimum-area-rectangle
Nvidia,199,Binary Tree Right Side View,Medium,54.1%,0.034997972754213943,https://leetcode.com/problems/binary-tree-right-side-view
Nvidia,1,Two Sum,Easy,45.6%,0.03409719244428431,https://leetcode.com/problems/two-sum
Nvidia,70,Climbing Stairs,Easy,47.8%,0.03011156054328408,https://leetcode.com/problems/climbing-stairs
Nvidia,64,Minimum Path Sum,Medium,54.5%,0.024287775531756203,https://leetcode.com/problems/minimum-path-sum
Nvidia,2,Add Two Numbers,Medium,33.9%,0.020491663368639005,https://leetcode.com/problems/add-two-numbers
Nvidia,97,Interleaving String,Hard,31.5%,0.020471543980187256,https://leetcode.com/problems/interleaving-string
Nvidia,53,Maximum Subarray,Easy,46.5%,0.019336728821707075,https://leetcode.com/problems/maximum-subarray
Nvidia,22,Generate Parentheses,Medium,62.7%,0.017331456351639924,https://leetcode.com/problems/generate-parentheses
Nvidia,23,Merge k Sorted Lists,Hard,40.2%,0.016108271385328228,https://leetcode.com/problems/merge-k-sorted-lists
Nvidia,114,Flatten Binary Tree to Linked List,Medium,49.3%,0.015450951155718977,https://leetcode.com/problems/flatten-binary-tree-to-linked-list
Nvidia,8,String to Integer (atoi),Medium,15.4%,0.015084664273571906,https://leetcode.com/problems/string-to-integer-atoi
Nvidia,151,Reverse Words in a String,Medium,21.9%,0.013753273019471011,https://leetcode.com/problems/reverse-words-in-a-string
Nvidia,739,Daily Temperatures,Medium,63.3%,0.010032690121814417,https://leetcode.com/problems/daily-temperatures
Nvidia,415,Add Strings,Easy,47.5%,0.007587289812159497,https://leetcode.com/problems/add-strings
Nvidia,42,Trapping Rain Water,Hard,48.9%,0.004350670338744988,https://leetcode.com/problems/trapping-rain-water
Samsung,312,Burst Balloons,Hard,51.8%,0.1436030350715959,https://leetcode.com/problems/burst-balloons
Samsung,1,Two Sum,Easy,45.6%,0.10724153306109706,https://leetcode.com/problems/two-sum
Samsung,572,Subtree of Another Tree,Easy,44.1%,0.08694829147719678,https://leetcode.com/problems/subtree-of-another-tree
Samsung,31,Next Permutation,Medium,32.6%,0.05058678946669793,https://leetcode.com/problems/next-permutation
Samsung,85,Maximal Rectangle,Hard,37.7%,0.050135812424355455,https://leetcode.com/problems/maximal-rectangle
Samsung,20,Valid Parentheses,Easy,39.0%,0.04358808999497224,https://leetcode.com/problems/valid-parentheses
Samsung,32,Longest Valid Parentheses,Hard,28.4%,0.03477099521294092,https://leetcode.com/problems/longest-valid-parentheses
Samsung,15,3Sum,Medium,26.8%,0.03278982282299087,https://leetcode.com/problems/3sum
Samsung,18,4Sum,Medium,33.7%,0.02090668481931367,https://leetcode.com/problems/4sum
Samsung,33,Search in Rotated Sorted Array,Medium,34.5%,0.019219533793635182,https://leetcode.com/problems/search-in-rotated-sorted-array
Samsung,22,Generate Parentheses,Medium,62.7%,0.016507132273019587,https://leetcode.com/problems/generate-parentheses
Samsung,876,Middle of the Linked List,Easy,68.4%,0.01631061893137506,https://leetcode.com/problems/middle-of-the-linked-list
Samsung,5,Longest Palindromic Substring,Medium,29.5%,0.013529809159515602,https://leetcode.com/problems/longest-palindromic-substring
Samsung,3,Longest Substring Without Repeating Characters,Medium,30.4%,0.013288251045064422,https://leetcode.com/problems/longest-substring-without-repeating-characters
Samsung,523,Continuous Subarray Sum,Medium,24.6%,0.011293174793455513,https://leetcode.com/problems/continuous-subarray-sum
Samsung,103,Binary Tree Zigzag Level Order Traversal,Medium,48.3%,0.010504298266876018,https://leetcode.com/problems/binary-tree-zigzag-level-order-traversal
Samsung,190,Reverse Bits,Easy,39.8%,0.007245095991891571,https://leetcode.com/problems/reverse-bits
Samsung,127,Word Ladder,Medium,29.6%,0.005731495844689608,https://leetcode.com/problems/word-ladder
Samsung,21,Merge Two Sorted Lists,Easy,53.5%,0.004849147433009811,https://leetcode.com/problems/merge-two-sorted-lists
Samsung,653,Two Sum IV - Input is a BST,Easy,55.5%,0,https://leetcode.com/problems/two-sum-iv-input-is-a-bst
Samsung,987,Vertical Order Traversal of a Binary Tree,Medium,36.6%,0,https://leetcode.com/problems/vertical-order-traversal-of-a-binary-tree
Samsung,1301,Number of Paths with Max Score,Hard,37.3%,0,https://leetcode.com/problems/number-of-paths-with-max-score
Samsung,1139,Largest 1-Bordered Square,Medium,47.5%,0,https://leetcode.com/problems/largest-1-bordered-square
Samsung,1464,Maximum Product of Two Elements in an Array,Easy,78.1%,0,https://leetcode.com/problems/maximum-product-of-two-elements-in-an-array
Samsung,1519,Number of Nodes in the Sub-Tree With the Same Label,Medium,35.2%,0,https://leetcode.com/problems/number-of-nodes-in-the-sub-tree-with-the-same-label
Oracle,425,Word Squares,Hard,47.7%,1.3737846439355526,https://leetcode.com/problems/word-squares
Oracle,146,LRU Cache,Medium,33.2%,1.2233383443716415,https://leetcode.com/problems/lru-cache
Oracle,352,Data Stream as Disjoint Intervals,Hard,47.3%,1.0728920448077304,https://leetcode.com/problems/data-stream-as-disjoint-intervals
Oracle,450,Delete Node in a BST,Medium,43.1%,0.9224457452438195,https://leetcode.com/problems/delete-node-in-a-bst
Oracle,362,Design Hit Counter,Medium,63.7%,0.8944603431177579,https://leetcode.com/problems/design-hit-counter
Oracle,1,Two Sum,Easy,45.6%,0.8671080762741441,https://leetcode.com/problems/two-sum
Oracle,554,Brick Wall,Medium,50.0%,0.8487112881843506,https://leetcode.com/problems/brick-wall
Oracle,23,Merge k Sorted Lists,Hard,40.2%,0.744432863023671,https://leetcode.com/problems/merge-k-sorted-lists
Oracle,253,Meeting Rooms II,Medium,45.7%,0.59398656345976,https://leetcode.com/problems/meeting-rooms-ii
Oracle,403,Frog Jump,Hard,39.7%,0.5847178330329063,https://leetcode.com/problems/frog-jump
Oracle,200,Number of Islands,Medium,46.8%,0.44929804774434284,https://leetcode.com/problems/number-of-islands
Oracle,297,Serialize and Deserialize Binary Tree,Hard,47.5%,0.41418643622197904,https://leetcode.com/problems/serialize-and-deserialize-binary-tree
Oracle,56,Merge Intervals,Medium,39.3%,0.4061026968850166,https://leetcode.com/problems/merge-intervals
Oracle,394,Decode String,Medium,50.0%,0.37929539037477966,https://leetcode.com/problems/decode-string
Oracle,227,Basic Calculator II,Medium,36.9%,0.3709825801608562,https://leetcode.com/problems/basic-calculator-ii
Oracle,415,Add Strings,Easy,47.5%,0.3565606952191458,https://leetcode.com/problems/add-strings
Oracle,17,Letter Combinations of a Phone Number,Medium,46.8%,0.33514787929267054,https://leetcode.com/problems/letter-combinations-of-a-phone-number
Oracle,73,Set Matrix Zeroes,Medium,43.1%,0.3336019272255533,https://leetcode.com/problems/set-matrix-zeroes
Oracle,33,Search in Rotated Sorted Array,Medium,34.5%,0.33035289065162005,https://leetcode.com/problems/search-in-rotated-sorted-array
Oracle,54,Spiral Matrix,Medium,34.1%,0.3163765745699599,https://leetcode.com/problems/spiral-matrix
Oracle,53,Maximum Subarray,Easy,46.5%,0.3123508739120354,https://leetcode.com/problems/maximum-subarray
Oracle,1242,Web Crawler Multithreaded,Medium,45.9%,0.30961714931803663,https://leetcode.com/problems/web-crawler-multithreaded
Oracle,706,Design HashMap,Easy,61.3%,0.30607943759149703,https://leetcode.com/problems/design-hashmap
Oracle,636,Exclusive Time of Functions,Medium,51.9%,0.29258241998390533,https://leetcode.com/problems/exclusive-time-of-functions
Oracle,692,Top K Frequent Words,Medium,51.8%,0.27668253048640057,https://leetcode.com/problems/top-k-frequent-words
Oracle,599,Minimum Index Sum of Two Lists,Easy,50.7%,0.2723477084516743,https://leetcode.com/problems/minimum-index-sum-of-two-lists
Oracle,173,Binary Search Tree Iterator,Medium,56.6%,0.2676620302183387,https://leetcode.com/problems/binary-search-tree-iterator
Oracle,20,Valid Parentheses,Easy,39.0%,0.26589700119033977,https://leetcode.com/problems/valid-parentheses
Oracle,127,Word Ladder,Medium,29.6%,0.25762464516780426,https://leetcode.com/problems/word-ladder
Oracle,126,Word Ladder II,Hard,22.1%,0.25503976484865665,https://leetcode.com/problems/word-ladder-ii
Oracle,75,Sort Colors,Medium,47.3%,0.24805587169410617,https://leetcode.com/problems/sort-colors
Oracle,535,Encode and Decode TinyURL,Medium,79.9%,0.23740366313104297,https://leetcode.com/problems/encode-and-decode-tinyurl
Oracle,545,Boundary of Binary Tree,Medium,38.9%,0.235382573048932,https://leetcode.com/problems/boundary-of-binary-tree
Oracle,1188,Design Bounded Blocking Queue,Medium,70.5%,0.23300728083654992,https://leetcode.com/problems/design-bounded-blocking-queue
Oracle,722,Remove Comments,Medium,34.6%,0.2297333609932653,https://leetcode.com/problems/remove-comments
Oracle,1190,Reverse Substrings Between Each Pair of Parentheses,Medium,61.5%,0.22128423872402644,https://leetcode.com/problems/reverse-substrings-between-each-pair-of-parentheses
Oracle,236,Lowest Common Ancestor of a Binary Tree,Medium,45.7%,0.2082667520997665,https://leetcode.com/problems/lowest-common-ancestor-of-a-binary-tree
Oracle,232,Implement Queue using Stacks,Easy,49.6%,0.20615437352136948,https://leetcode.com/problems/implement-queue-using-stacks
Oracle,37,Sudoku Solver,Hard,43.6%,0.20309089276282075,https://leetcode.com/problems/sudoku-solver
Oracle,138,Copy List with Random Pointer,Medium,36.4%,0.20177099180675884,https://leetcode.com/problems/copy-list-with-random-pointer
Oracle,426,Convert Binary Search Tree to Sorted Doubly Linked List,Medium,59.1%,0.19933290262049122,https://leetcode.com/problems/convert-binary-search-tree-to-sorted-doubly-linked-list
Oracle,42,Trapping Rain Water,Hard,48.9%,0.19363009358633576,https://leetcode.com/problems/trapping-rain-water
Oracle,206,Reverse Linked List,Easy,62.5%,0.19179339445652105,https://leetcode.com/problems/reverse-linked-list
Oracle,46,Permutations,Medium,63.5%,0.18816690901782251,https://leetcode.com/problems/permutations
Oracle,438,Find All Anagrams in a String,Medium,43.3%,0.18564799141482685,https://leetcode.com/problems/find-all-anagrams-in-a-string
Oracle,380,Insert Delete GetRandom O(1),Medium,47.5%,0.18219818377547725,https://leetcode.com/problems/insert-delete-getrandom-o1
Oracle,1212,Team Scores in Football Tournament,Medium,55.8%,0.17728013452102853,https://leetcode.com/problems/team-scores-in-football-tournament
Oracle,238,Product of Array Except Self,Medium,60.1%,0.1764463022920214,https://leetcode.com/problems/product-of-array-except-self
Oracle,230,Kth Smallest Element in a BST,Medium,60.2%,0.17586503601879516,https://leetcode.com/problems/kth-smallest-element-in-a-bst
Oracle,2,Add Two Numbers,Medium,33.9%,0.17086242673531185,https://leetcode.com/problems/add-two-numbers
Oracle,43,Multiply Strings,Medium,33.9%,0.17061651017204038,https://leetcode.com/problems/multiply-strings
Oracle,609,Find Duplicate File in System,Medium,59.5%,0.16971838464062922,https://leetcode.com/problems/find-duplicate-file-in-system
Oracle,349,Intersection of Two Arrays,Easy,62.5%,0.16713804301987062,https://leetcode.com/problems/intersection-of-two-arrays
Oracle,715,Range Module,Hard,38.5%,0.1636294237818021,https://leetcode.com/problems/range-module
Oracle,121,Best Time to Buy and Sell Stock,Easy,50.5%,0.1589005268310668,https://leetcode.com/problems/best-time-to-buy-and-sell-stock
Oracle,141,Linked List Cycle,Easy,41.1%,0.15827948939978168,https://leetcode.com/problems/linked-list-cycle
Oracle,139,Word Break,Medium,40.1%,0.1526025947499831,https://leetcode.com/problems/word-break
Oracle,314,Binary Tree Vertical Order Traversal,Medium,45.3%,0.15148600467306356,https://leetcode.com/problems/binary-tree-vertical-order-traversal
Oracle,21,Merge Two Sorted Lists,Easy,53.5%,0.15110619328155395,https://leetcode.com/problems/merge-two-sorted-lists
Oracle,863,All Nodes Distance K in Binary Tree,Medium,55.4%,0.14315784643382565,https://leetcode.com/problems/all-nodes-distance-k-in-binary-tree
Oracle,34,Find First and Last Position of Element in Sorted Array,Medium,36.2%,0.14257571553993023,https://leetcode.com/problems/find-first-and-last-position-of-element-in-sorted-array
Oracle,208,Implement Trie (Prefix Tree),Medium,49.4%,0.13658526585058278,https://leetcode.com/problems/implement-trie-prefix-tree
Oracle,10,Regular Expression Matching,Hard,26.8%,0.13632230148088326,https://leetcode.com/problems/regular-expression-matching
Oracle,5,Longest Palindromic Substring,Medium,29.5%,0.13631574933960264,https://leetcode.com/problems/longest-palindromic-substring
Oracle,1044,Longest Duplicate Substring,Hard,31.9%,0.1351378186727963,https://leetcode.com/problems/longest-duplicate-substring
Oracle,195,Tenth Line,Easy,33.0%,0.1329388000145885,https://leetcode.com/problems/tenth-line
Oracle,4,Median of Two Sorted Arrays,Hard,29.6%,0.13162453469432595,https://leetcode.com/problems/median-of-two-sorted-arrays
Oracle,3,Longest Substring Without Repeating Characters,Medium,30.4%,0.13147131860020772,https://leetcode.com/problems/longest-substring-without-repeating-characters
Oracle,214,Shortest Palindrome,Hard,29.8%,0.13026519483790147,https://leetcode.com/problems/shortest-palindrome
Oracle,958,Check Completeness of a Binary Tree,Medium,52.1%,0.12884496089089562,https://leetcode.com/problems/check-completeness-of-a-binary-tree
Oracle,694,Number of Distinct Islands,Medium,56.0%,0.12516314295400602,https://leetcode.com/problems/number-of-distinct-islands
Oracle,163,Missing Ranges,Medium,24.3%,0.11821867060119497,https://leetcode.com/problems/missing-ranges
Oracle,207,Course Schedule,Medium,43.1%,0.11725761496207857,https://leetcode.com/problems/course-schedule
Oracle,160,Intersection of Two Linked Lists,Easy,40.6%,0.11585676607984101,https://leetcode.com/problems/intersection-of-two-linked-lists
Oracle,101,Symmetric Tree,Easy,46.8%,0.11583847861592966,https://leetcode.com/problems/symmetric-tree
Oracle,503,Next Greater Element II,Medium,56.5%,0.11242734769506908,https://leetcode.com/problems/next-greater-element-ii
Oracle,344,Reverse String,Easy,68.5%,0.11144968419514555,https://leetcode.com/problems/reverse-string
Oracle,965,Univalued Binary Tree,Easy,67.7%,0.11132479473250746,https://leetcode.com/problems/univalued-binary-tree
Oracle,412,Fizz Buzz,Easy,62.3%,0.1089140648664841,https://leetcode.com/problems/fizz-buzz
Oracle,204,Count Primes,Easy,31.5%,0.10755824083435236,https://leetcode.com/problems/count-primes
Oracle,295,Find Median from Data Stream,Hard,44.3%,0.10502147513923703,https://leetcode.com/problems/find-median-from-data-stream
Oracle,273,Integer to English Words,Hard,27.1%,0.10380963271229693,https://leetcode.com/problems/integer-to-english-words
Oracle,417,Pacific Atlantic Water Flow,Medium,41.1%,0.10008345855698253,https://leetcode.com/problems/pacific-atlantic-water-flow
Oracle,12,Integer to Roman,Medium,55.1%,0.09981819303484349,https://leetcode.com/problems/integer-to-roman
Oracle,13,Roman to Integer,Easy,55.7%,0.09884785502028326,https://leetcode.com/problems/roman-to-integer
Oracle,71,Simplify Path,Medium,32.6%,0.09754315430863725,https://leetcode.com/problems/simplify-path
Oracle,1236,Web Crawler,Medium,64.3%,0.09531017980432487,https://leetcode.com/problems/web-crawler
Oracle,215,Kth Largest Element in an Array,Medium,55.4%,0.09326418878681669,https://leetcode.com/problems/kth-largest-element-in-an-array
Oracle,794,Valid Tic-Tac-Toe State,Medium,32.6%,0.0922312242160336,https://leetcode.com/problems/valid-tic-tac-toe-state
Oracle,243,Shortest Word Distance,Easy,61.0%,0.08952296190665864,https://leetcode.com/problems/shortest-word-distance
Oracle,652,Find Duplicate Subtrees,Medium,50.2%,0.08907963005368878,https://leetcode.com/problems/find-duplicate-subtrees
Oracle,109,Convert Sorted List to Binary Search Tree,Medium,47.7%,0.08701137698962977,https://leetcode.com/problems/convert-sorted-list-to-binary-search-tree
Oracle,449,Serialize and Deserialize BST,Medium,52.0%,0.08696405427235052,https://leetcode.com/problems/serialize-and-deserialize-bst
Oracle,116,Populating Next Right Pointers in Each Node,Medium,45.2%,0.08636683942300452,https://leetcode.com/problems/populating-next-right-pointers-in-each-node
Oracle,114,Flatten Binary Tree to Linked List,Medium,49.3%,0.08137267196054322,https://leetcode.com/problems/flatten-binary-tree-to-linked-list
Oracle,242,Valid Anagram,Easy,56.9%,0.08093090313491587,https://leetcode.com/problems/valid-anagram
Oracle,29,Divide Two Integers,Medium,16.4%,0.07996429167663288,https://leetcode.com/problems/divide-two-integers
Oracle,57,Insert Interval,Hard,33.5%,0.07930596581741095,https://leetcode.com/problems/insert-interval
Oracle,341,Flatten Nested List Iterator,Medium,52.9%,0.07763353611776078,https://leetcode.com/problems/flatten-nested-list-iterator
Oracle,49,Group Anagrams,Medium,56.9%,0.07434615245733686,https://leetcode.com/problems/group-anagrams
Oracle,721,Accounts Merge,Medium,48.8%,0.07349495575336484,https://leetcode.com/problems/accounts-merge
Oracle,155,Min Stack,Easy,44.5%,0.07340219281226193,https://leetcode.com/problems/min-stack
Oracle,505,The Maze II,Medium,47.7%,0.07133147800542972,https://leetcode.com/problems/the-maze-ii
Oracle,205,Isomorphic Strings,Easy,39.8%,0.0700566499345432,https://leetcode.com/problems/isomorphic-strings
Oracle,136,Single Number,Easy,65.5%,0.0693807551554477,https://leetcode.com/problems/single-number
Oracle,284,Peeking Iterator,Medium,45.7%,0.06867686579621939,https://leetcode.com/problems/peeking-iterator
Oracle,289,Game of Life,Medium,54.5%,0.06756473699960104,https://leetcode.com/problems/game-of-life
Oracle,199,Binary Tree Right Side View,Medium,54.1%,0.06748154336946242,https://leetcode.com/problems/binary-tree-right-side-view
Oracle,560,Subarray Sum Equals K,Medium,43.9%,0.06636621624059272,https://leetcode.com/problems/subarray-sum-equals-k
Oracle,1197,Minimum Knight Moves,Medium,36.1%,0.06562120535847293,https://leetcode.com/problems/minimum-knight-moves
Oracle,15,3Sum,Medium,26.8%,0.06446972405454035,https://leetcode.com/problems/3sum
Oracle,51,N-Queens,Hard,46.6%,0.06402185876493102,https://leetcode.com/problems/n-queens
Oracle,1170,Compare Strings by Frequency of the Smallest Character,Easy,58.7%,0.060901617340111645,https://leetcode.com/problems/compare-strings-by-frequency-of-the-smallest-character
Oracle,305,Number of Islands II,Hard,40.1%,0.06007812394328337,https://leetcode.com/problems/number-of-islands-ii
Oracle,355,Design Twitter,Medium,30.3%,0.05824061998094904,https://leetcode.com/problems/design-twitter
Oracle,45,Jump Game II,Hard,30.6%,0.05822366027889668,https://leetcode.com/problems/jump-game-ii
Oracle,741,Cherry Pickup,Hard,33.9%,0.056512210263342307,https://leetcode.com/problems/cherry-pickup
Oracle,41,First Missing Positive,Hard,32.0%,0.056273635982108605,https://leetcode.com/problems/first-missing-positive
Oracle,32,Longest Valid Parentheses,Hard,28.4%,0.0556316959861487,https://leetcode.com/problems/longest-valid-parentheses
Oracle,128,Longest Consecutive Sequence,Hard,45.1%,0.05527490034186498,https://leetcode.com/problems/longest-consecutive-sequence
Oracle,7,Reverse Integer,Easy,25.8%,0.054824382173728654,https://leetcode.com/problems/reverse-integer
Oracle,76,Minimum Window Substring,Hard,34.6%,0.05473322196089386,https://leetcode.com/problems/minimum-window-substring
Oracle,836,Rectangle Overlap,Easy,48.6%,0.05371219359052555,https://leetcode.com/problems/rectangle-overlap
Oracle,894,All Possible Full Binary Trees,Medium,75.2%,0.052436651273043935,https://leetcode.com/problems/all-possible-full-binary-trees
Oracle,94,Binary Tree Inorder Traversal,Medium,63.3%,0.052376558898168765,https://leetcode.com/problems/binary-tree-inorder-traversal
Oracle,767,Reorganize String,Medium,48.7%,0.05216306328458592,https://leetcode.com/problems/reorganize-string
Oracle,14,Longest Common Prefix,Easy,35.4%,0.051846064173015856,https://leetcode.com/problems/longest-common-prefix
Oracle,209,Minimum Size Subarray Sum,Medium,38.2%,0.05146227039335983,https://leetcode.com/problems/minimum-size-subarray-sum
Oracle,235,Lowest Common Ancestor of a Binary Search Tree,Easy,49.9%,0.050282057186910374,https://leetcode.com/problems/lowest-common-ancestor-of-a-binary-search-tree
Oracle,695,Max Area of Island,Medium,62.7%,0.04980799142417255,https://leetcode.com/problems/max-area-of-island
Oracle,518,Coin Change 2,Medium,50.2%,0.04919528672454412,https://leetcode.com/problems/coin-change-2
Oracle,445,Add Two Numbers II,Medium,54.5%,0.04843561709959499,https://leetcode.com/problems/add-two-numbers-ii
Oracle,125,Valid Palindrome,Easy,36.7%,0.047702249651065814,https://leetcode.com/problems/valid-palindrome
Oracle,876,Middle of the Linked List,Easy,68.4%,0.046728740327781716,https://leetcode.com/problems/middle-of-the-linked-list
Oracle,240,Search a 2D Matrix II,Medium,43.2%,0.04647676584572884,https://leetcode.com/problems/search-a-2d-matrix-ii
Oracle,283,Move Zeroes,Easy,57.8%,0.04519585811312136,https://leetcode.com/problems/move-zeroes
Oracle,36,Valid Sudoku,Medium,48.7%,0.04452302288876419,https://leetcode.com/problems/valid-sudoku
Oracle,529,Minesweeper,Medium,59.1%,0.044255009004040724,https://leetcode.com/problems/minesweeper
Oracle,268,Missing Number,Easy,51.7%,0.043089480538103624,https://leetcode.com/problems/missing-number
Oracle,184,Department Highest Salary,Medium,36.7%,0.041672696400568025,https://leetcode.com/problems/department-highest-salary
Oracle,532,K-diff Pairs in an Array,Easy,31.6%,0.041672696400568025,https://leetcode.com/problems/k-diff-pairs-in-an-array
Oracle,92,Reverse Linked List II,Medium,38.8%,0.041073535208287514,https://leetcode.com/problems/reverse-linked-list-ii
Oracle,1008,Construct Binary Search Tree from Preorder Traversal,Medium,78.4%,0.04102671995624437,https://leetcode.com/problems/construct-binary-search-tree-from-preorder-traversal
Oracle,79,Word Search,Medium,35.6%,0.0408086655410548,https://leetcode.com/problems/word-search
Oracle,212,Word Search II,Hard,34.9%,0.03881156536434583,https://leetcode.com/problems/word-search-ii
Oracle,113,Path Sum II,Medium,46.7%,0.03857758982167768,https://leetcode.com/problems/path-sum-ii
Oracle,24,Swap Nodes in Pairs,Medium,50.4%,0.03826607060639552,https://leetcode.com/problems/swap-nodes-in-pairs
Oracle,19,Remove Nth Node From End of List,Medium,35.2%,0.03704967488869408,https://leetcode.com/problems/remove-nth-node-from-end-of-list
Oracle,322,Coin Change,Medium,35.5%,0.03569682997206547,https://leetcode.com/problems/coin-change
Oracle,973,K Closest Points to Origin,Medium,63.8%,0.035550452059401896,https://leetcode.com/problems/k-closest-points-to-origin
Oracle,59,Spiral Matrix II,Medium,53.9%,0.0351873674509732,https://leetcode.com/problems/spiral-matrix-ii
Oracle,105,Construct Binary Tree from Preorder and Inorder Traversal,Medium,48.8%,0.03466791990373826,https://leetcode.com/problems/construct-binary-tree-from-preorder-and-inorder-traversal
Oracle,543,Diameter of Binary Tree,Easy,48.4%,0.032708305572393875,https://leetcode.com/problems/diameter-of-binary-tree
Oracle,350,Intersection of Two Arrays II,Easy,51.4%,0.0321281809578036,https://leetcode.com/problems/intersection-of-two-arrays-ii
Oracle,150,Evaluate Reverse Polish Notation,Medium,36.3%,0.031526253646773944,https://leetcode.com/problems/evaluate-reverse-polish-notation
Oracle,55,Jump Game,Medium,34.6%,0.030985252381807864,https://leetcode.com/problems/jump-game
Oracle,38,Count and Say,Easy,44.6%,0.030956234663467107,https://leetcode.com/problems/count-and-say
Oracle,179,Largest Number,Medium,28.8%,0.03093030069135863,https://leetcode.com/problems/largest-number
Oracle,151,Reverse Words in a String,Medium,21.9%,0.03068306302420247,https://leetcode.com/problems/reverse-words-in-a-string
Oracle,347,Top K Frequent Elements,Medium,61.2%,0.029662726238554857,https://leetcode.com/problems/top-k-frequent-elements
Oracle,496,Next Greater Element I,Easy,63.8%,0.029462032730316202,https://leetcode.com/problems/next-greater-element-i
Oracle,456,132 Pattern,Medium,28.9%,0.029306126585499394,https://leetcode.com/problems/132-pattern
Oracle,169,Majority Element,Easy,58.7%,0.02905829743134675,https://leetcode.com/problems/majority-element
Oracle,62,Unique Paths,Medium,54.1%,0.02853749186115581,https://leetcode.com/problems/unique-paths
Oracle,938,Range Sum of BST,Easy,81.3%,0.027755467721532374,https://leetcode.com/problems/range-sum-of-bst
Oracle,437,Path Sum III,Medium,47.2%,0.02708561605844235,https://leetcode.com/problems/path-sum-iii
Oracle,796,Rotate String,Easy,49.6%,0.02701041988276247,https://leetcode.com/problems/rotate-string
Oracle,103,Binary Tree Zigzag Level Order Traversal,Medium,48.3%,0.0269910535894593,https://leetcode.com/problems/binary-tree-zigzag-level-order-traversal
Oracle,1305,All Elements in Two Binary Search Trees,Medium,76.1%,0.026282721799194744,https://leetcode.com/problems/all-elements-in-two-binary-search-trees
Oracle,98,Validate Binary Search Tree,Medium,27.8%,0.026187123416340663,https://leetcode.com/problems/validate-binary-search-tree
Oracle,91,Decode Ways,Medium,24.7%,0.023662742620848144,https://leetcode.com/problems/decode-ways
Oracle,26,Remove Duplicates from Sorted Array,Easy,45.1%,0.02364518575043321,https://leetcode.com/problems/remove-duplicates-from-sorted-array
Oracle,844,Backspace String Compare,Easy,46.4%,0.0235551325028849,https://leetcode.com/problems/backspace-string-compare
Oracle,622,Design Circular Queue,Medium,43.8%,0.02246023667974994,https://leetcode.com/problems/design-circular-queue
Oracle,981,Time Based Key-Value Store,Medium,53.1%,0.02226024024151985,https://leetcode.com/problems/time-based-key-value-store
Oracle,152,Maximum Product Subarray,Medium,31.7%,0.022176931045949227,https://leetcode.com/problems/maximum-product-subarray
Oracle,221,Maximal Square,Medium,37.7%,0.022108490754203434,https://leetcode.com/problems/maximal-square
Oracle,112,Path Sum,Easy,41.2%,0.021701651897460775,https://leetcode.com/problems/path-sum
Oracle,300,Longest Increasing Subsequence,Medium,42.6%,0.020893943681912164,https://leetcode.com/problems/longest-increasing-subsequence
Oracle,9,Palindrome Number,Easy,48.4%,0.018837205580381582,https://leetcode.com/problems/palindrome-number
Oracle,88,Merge Sorted Array,Easy,39.4%,0.018667009593356397,https://leetcode.com/problems/merge-sorted-array
Oracle,617,Merge Two Binary Trees,Easy,74.1%,0.018496211633622316,https://leetcode.com/problems/merge-two-binary-trees
Oracle,239,Sliding Window Maximum,Hard,43.0%,0.01768566434627554,https://leetcode.com/problems/sliding-window-maximum
Oracle,50,Pow(x;n),Medium,30.3%,0.017036779497025166,https://leetcode.com/problems/powx-n
Oracle,402,Remove K Digits,Medium,28.4%,0.016863806052004816,https://leetcode.com/problems/remove-k-digits
Oracle,340,Longest Substring with At Most K Distinct Characters,Hard,44.1%,0.016122880486563188,https://leetcode.com/problems/longest-substring-with-at-most-k-distinct-characters
Oracle,217,Contains Duplicate,Easy,56.0%,0.015106027431013205,https://leetcode.com/problems/contains-duplicate
Oracle,707,Design Linked List,Medium,24.5%,0.015054857167065819,https://leetcode.com/problems/design-linked-list
Oracle,102,Binary Tree Level Order Traversal,Medium,54.6%,0.014477270588287548,https://leetcode.com/problems/binary-tree-level-order-traversal
Oracle,107,Binary Tree Level Order Traversal II,Easy,53.5%,0.014395642075089957,https://leetcode.com/problems/binary-tree-level-order-traversal-ii
Oracle,315,Count of Smaller Numbers After Self,Hard,41.5%,0.014352596574956585,https://leetcode.com/problems/count-of-smaller-numbers-after-self
Oracle,44,Wildcard Matching,Hard,24.7%,0.013703537497261858,https://leetcode.com/problems/wildcard-matching
Oracle,70,Climbing Stairs,Easy,47.8%,0.013494975575004323,https://leetcode.com/problems/climbing-stairs
Oracle,122,Best Time to Buy and Sell Stock II,Easy,57.0%,0.013351333174864208,https://leetcode.com/problems/best-time-to-buy-and-sell-stock-ii
Oracle,1047,Remove All Adjacent Duplicates In String,Easy,68.6%,0.013059277989179281,https://leetcode.com/problems/remove-all-adjacent-duplicates-in-string
Oracle,108,Convert Sorted Array to Binary Search Tree,Easy,57.9%,0.012453461071286613,https://leetcode.com/problems/convert-sorted-array-to-binary-search-tree
Oracle,287,Find the Duplicate Number,Medium,55.5%,0.012335682739188652,https://leetcode.com/problems/find-the-duplicate-number
Oracle,11,Container With Most Water,Medium,50.8%,0.012214824746492168,https://leetcode.com/problems/container-with-most-water
Oracle,986,Interval List Intersections,Medium,67.3%,0.011969023795320735,https://leetcode.com/problems/interval-list-intersections
Oracle,119,Pascal's Triangle II,Easy,49.0%,0.011894282360609866,https://leetcode.com/problems/pascals-triangle-ii
Oracle,210,Course Schedule II,Medium,40.7%,0.011869857339029215,https://leetcode.com/problems/course-schedule-ii
Oracle,264,Ugly Number II,Medium,42.0%,0.011604423810414601,https://leetcode.com/problems/ugly-number-ii
Oracle,117,Populating Next Right Pointers in Each Node II,Medium,39.1%,0.011389644764357807,https://leetcode.com/problems/populating-next-right-pointers-in-each-node-ii
Oracle,819,Most Common Word,Easy,44.8%,0.010269666637456105,https://leetcode.com/problems/most-common-word
Oracle,905,Sort Array By Parity,Easy,74.1%,0.009603915354180344,https://leetcode.com/problems/sort-array-by-parity
Oracle,621,Task Scheduler,Medium,50.1%,0.009334412329990095,https://leetcode.com/problems/task-scheduler
Oracle,28,Implement strStr(),Easy,34.5%,0.008850485542574548,https://leetcode.com/problems/implement-strstr
Oracle,8,String to Integer (atoi),Medium,15.4%,0.008513104762248265,https://leetcode.com/problems/string-to-integer-atoi
Oracle,153,Find Minimum in Rotated Sorted Array,Medium,45.1%,0.008430963288799368,https://leetcode.com/problems/find-minimum-in-rotated-sorted-array
Oracle,977,Squares of a Sorted Array,Easy,72.1%,0.003891055492966611,https://leetcode.com/problems/squares-of-a-sorted-array
Oracle,67,Add Binary,Easy,45.2%,0.003735684238128885,https://leetcode.com/problems/add-binary
Oracle,140,Word Break II,Hard,32.6%,0.0027070942357783584,https://leetcode.com/problems/word-break-ii
Oracle,1380,Lucky Numbers in a Matrix,Easy,71.5%,0,https://leetcode.com/problems/lucky-numbers-in-a-matrix
Oracle,1410,HTML Entity Parser,Medium,54.0%,0,https://leetcode.com/problems/html-entity-parser
X,433,Minimum Genetic Mutation,Medium,41.8%,3.6380005958321364,https://leetcode.com/problems/minimum-genetic-mutation
X,635,Design Log Storage System,Medium,58.6%,2.6952344479401242,https://leetcode.com/problems/design-log-storage-system
X,780,Reaching Points,Hard,29.4%,1.752468300048112,https://leetcode.com/problems/reaching-points
X,341,Flatten Nested List Iterator,Medium,52.9%,1.7121511329488845,https://leetcode.com/problems/flatten-nested-list-iterator
X,256,Paint House,Easy,52.1%,1.6915174692517947,https://leetcode.com/problems/paint-house
X,296,Best Meeting Point,Hard,57.5%,1.6625988978022896,https://leetcode.com/problems/best-meeting-point
X,57,Insert Interval,Hard,33.5%,1.2776821685359496,https://leetcode.com/problems/insert-interval
X,608,Tree Node,Medium,67.1%,1.204906947317733,https://leetcode.com/problems/tree-node
X,355,Design Twitter,Medium,30.3%,1.1502303678885653,https://leetcode.com/problems/design-twitter
X,269,Alien Dictionary,Hard,33.3%,1.099252698552309,https://leetcode.com/problems/alien-dictionary
X,468,Validate IP Address,Medium,24.1%,1.0898016589859547,https://leetcode.com/problems/validate-ip-address
X,585,Investments in 2016,Medium,54.7%,0.9249487946172696,https://leetcode.com/problems/investments-in-2016
X,647,Palindromic Substrings,Medium,60.6%,0.7666949181474819,https://leetcode.com/problems/palindromic-substrings
X,679,24 Game,Hard,46.4%,0.7472144018302211,https://leetcode.com/problems/24-game
X,20,Valid Parentheses,Easy,39.0%,0.6769810494443036,https://leetcode.com/problems/valid-parentheses
X,831,Masking Personal Information,Medium,44.1%,0.5705448584676129,https://leetcode.com/problems/masking-personal-information
X,920,Number of Music Playlists,Hard,46.5%,0.5596157879354227,https://leetcode.com/problems/number-of-music-playlists
X,547,Friend Circles,Medium,58.6%,0.5259672525715527,https://leetcode.com/problems/friend-circles
X,580,Count Student Number in Departments,Medium,48.7%,0.487438691067837,https://leetcode.com/problems/count-student-number-in-departments
X,146,LRU Cache,Medium,33.2%,0.37918622364432397,https://leetcode.com/problems/lru-cache
X,161,One Edit Distance,Medium,32.3%,0.3732496560572872,https://leetcode.com/problems/one-edit-distance
X,68,Text Justification,Hard,27.7%,0.37052394220493184,https://leetcode.com/problems/text-justification
X,56,Merge Intervals,Medium,39.3%,0.3513205757185784,https://leetcode.com/problems/merge-intervals
X,295,Find Median from Data Stream,Hard,44.3%,0.32347449067924283,https://leetcode.com/problems/find-median-from-data-stream
X,307,Range Sum Query - Mutable,Medium,34.6%,0.30730282294419214,https://leetcode.com/problems/range-sum-query-mutable
X,42,Trapping Rain Water,Hard,48.9%,0.30245147181648074,https://leetcode.com/problems/trapping-rain-water
X,1326,Minimum Number of Taps to Open to Water a Garden,Hard,43.6%,0.2786048543006643,https://leetcode.com/problems/minimum-number-of-taps-to-open-to-water-a-garden
X,218,The Skyline Problem,Hard,34.6%,0.27469487692496974,https://leetcode.com/problems/the-skyline-problem
X,945,Minimum Increment to Make Array Unique,Medium,46.3%,0.27427904232444056,https://leetcode.com/problems/minimum-increment-to-make-array-unique
X,149,Max Points on a Line,Hard,16.9%,0.2686338774810864,https://leetcode.com/problems/max-points-on-a-line
X,10,Regular Expression Matching,Hard,26.8%,0.2659916203394624,https://leetcode.com/problems/regular-expression-matching
X,1348,Tweet Counts Per Frequency,Medium,29.0%,0.25131442828090605,https://leetcode.com/problems/tweet-counts-per-frequency
X,251,Flatten 2D Vector,Medium,45.7%,0.2425088583672668,https://leetcode.com/problems/flatten-2d-vector
X,200,Number of Islands,Medium,46.8%,0.21059224281730043,https://leetcode.com/problems/number-of-islands
X,532,K-diff Pairs in an Array,Easy,31.6%,0.20837786270708894,https://leetcode.com/problems/k-diff-pairs-in-an-array
X,139,Word Break,Medium,40.1%,0.19843337930716162,https://leetcode.com/problems/word-break
X,706,Design HashMap,Easy,61.3%,0.1960785423771685,https://leetcode.com/problems/design-hashmap
X,133,Clone Graph,Medium,34.8%,0.1530997075812833,https://leetcode.com/problems/clone-graph
X,380,Insert Delete GetRandom O(1),Medium,47.5%,0.1466146891661091,https://leetcode.com/problems/insert-delete-getrandom-o1
X,528,Random Pick with Weight,Medium,43.9%,0.12617342152539626,https://leetcode.com/problems/random-pick-with-weight
X,84,Largest Rectangle in Histogram,Hard,35.2%,0.12570469475928556,https://leetcode.com/problems/largest-rectangle-in-histogram
X,586,Customer Placing the Largest Number of Orders,Easy,73.0%,0.12361395596717664,https://leetcode.com/problems/customer-placing-the-largest-number-of-orders
X,208,Implement Trie (Prefix Tree),Medium,49.4%,0.1062062589908652,https://leetcode.com/problems/implement-trie-prefix-tree
X,12,Integer to Roman,Medium,55.1%,0.09981819303484349,https://leetcode.com/problems/integer-to-roman
X,91,Decode Ways,Medium,24.7%,0.09146617076347968,https://leetcode.com/problems/decode-ways
X,60,Permutation Sequence,Hard,38.4%,0.07948571541724253,https://leetcode.com/problems/permutation-sequence
X,43,Multiply Strings,Medium,33.9%,0.07944184170158367,https://leetcode.com/problems/multiply-strings
X,23,Merge k Sorted Lists,Hard,40.2%,0.07900382769570498,https://leetcode.com/problems/merge-k-sorted-lists
X,271,Encode and Decode Strings,Medium,31.5%,0.07197349962508924,https://leetcode.com/problems/encode-and-decode-strings
X,346,Moving Average from Data Stream,Easy,70.9%,0.06887402901251127,https://leetcode.com/problems/moving-average-from-data-stream
X,1,Two Sum,Easy,45.6%,0.06437944929577392,https://leetcode.com/problems/two-sum
X,202,Happy Number,Easy,50.4%,0.05503451923624455,https://leetcode.com/problems/happy-number
X,767,Reorganize String,Medium,48.7%,0.05216306328458592,https://leetcode.com/problems/reorganize-string
X,981,Time Based Key-Value Store,Medium,53.1%,0.049406315387071284,https://leetcode.com/problems/time-based-key-value-store
X,1041,Robot Bounded In Circle,Medium,49.6%,0.0483770263821056,https://leetcode.com/problems/robot-bounded-in-circle
X,239,Sliding Window Maximum,Hard,43.0%,0.0483746857022364,https://leetcode.com/problems/sliding-window-maximum
X,490,The Maze,Medium,51.4%,0.04287902305923364,https://leetcode.com/problems/the-maze
X,540,Single Element in a Sorted Array,Medium,57.9%,0.042721256704769804,https://leetcode.com/problems/single-element-in-a-sorted-array
X,716,Max Stack,Easy,42.6%,0.042695919196489414,https://leetcode.com/problems/max-stack
X,235,Lowest Common Ancestor of a Binary Search Tree,Easy,49.9%,0.032470385030784074,https://leetcode.com/problems/lowest-common-ancestor-of-a-binary-search-tree
X,814,Binary Tree Pruning,Medium,74.5%,0.03113091859517317,https://leetcode.com/problems/binary-tree-pruning
X,44,Wildcard Matching,Hard,24.7%,0.030573033362282363,https://leetcode.com/problems/wildcard-matching
X,496,Next Greater Element I,Easy,63.8%,0.029462032730316202,https://leetcode.com/problems/next-greater-element-i
X,36,Valid Sudoku,Medium,48.7%,0.028722132350970705,https://leetcode.com/problems/valid-sudoku
X,482,License Key Formatting,Easy,43.1%,0.024799783060416587,https://leetcode.com/problems/license-key-formatting
X,124,Binary Tree Maximum Path Sum,Hard,34.3%,0.021945744272529284,https://leetcode.com/problems/binary-tree-maximum-path-sum
X,140,Word Break II,Hard,32.6%,0.016800341389107805,https://leetcode.com/problems/word-break-ii
X,118,Pascal's Triangle,Easy,52.5%,0.015123796918620345,https://leetcode.com/problems/pascals-triangle
X,206,Reverse Linked List,Easy,62.5%,0.01453513961911317,https://leetcode.com/problems/reverse-linked-list
X,76,Minimum Window Substring,Hard,34.6%,0.013966707481708198,https://leetcode.com/problems/minimum-window-substring
X,105,Construct Binary Tree from Preorder and Inorder Traversal,Medium,48.8%,0.01261934861981589,https://leetcode.com/problems/construct-binary-tree-from-preorder-and-inorder-traversal
X,210,Course Schedule II,Medium,40.7%,0.011869857339029215,https://leetcode.com/problems/course-schedule-ii
X,169,Majority Element,Easy,58.7%,0.010558521365115802,https://leetcode.com/problems/majority-element
X,101,Symmetric Tree,Easy,46.8%,0.007646596306528098,https://leetcode.com/problems/symmetric-tree
X,106,Construct Binary Tree from Inorder and Postorder Traversal,Medium,47.2%,0.00234041415121758,https://leetcode.com/problems/construct-binary-tree-from-inorder-and-postorder-traversal
X,323,Number of Connected Components in an Undirected Graph,Medium,56.0%,0,https://leetcode.com/problems/number-of-connected-components-in-an-undirected-graph
X,378,Kth Smallest Element in a Sorted Matrix,Medium,54.3%,0,https://leetcode.com/problems/kth-smallest-element-in-a-sorted-matrix
X,407,Trapping Rain Water II,Hard,42.4%,0,https://leetcode.com/problems/trapping-rain-water-ii
X,868,Binary Gap,Easy,60.6%,0,https://leetcode.com/problems/binary-gap
X,1206,Design Skiplist,Hard,57.3%,0,https://leetcode.com/problems/design-skiplist
X,1347,Minimum Number of Steps to Make Two Strings Anagram,Medium,74.7%,0,https://leetcode.com/problems/minimum-number-of-steps-to-make-two-strings-anagram
X,1459,Rectangles Area,Medium,61.5%,0,https://leetcode.com/problems/rectangles-area
